CaseID,CreatedDate,ContactName,ContactType,Subject,AssetRef,Status
CASE-00001,1998-06-22,Maria Anders,customer,Angebot fuer Grossmenge angefragt,Customer ALFKI,resolved
CASE-00002,1998-06-14,Regina Goulet,customer,Neuanlage Lieferadresse gewuenscht,Customer TWGGZ,resolved
CASE-00003,1998-06-12,Pavel Murphy,customer,Konditionen fuer Rahmenbestellung angefragt,Customer BOGAS,resolved
CASE-00004,1998-06-01,Wendy Crespi,customer,Liefertermin zu Bestellung 10519 anfragen,Order 10519,resolved
CASE-00005,1998-06-07,Nancy Davolio,employee,Arbeitsplatz WS-01 braucht OrderDesk-Zugriff,WS-01,resolved
CASE-00006,1998-06-01,Nancy Davolio,employee,Drucker an WS-01 nicht erreichbar,WS-01,resolved
CASE-00007,1998-06-12,IT-Betrieb,employee,Dienst-Neustart auf SRV-01 noetig,SRV-01,resolved
CASE-00008,1998-07-07,Guylene Rossi,customer,Rechnung zu Bestellung 10697 weicht ab,Order 10697,resolved
CASE-00009,1998-07-09,Chandra Nolot,customer,Liefertermin zu Bestellung 10266 anfragen,Order 10266,resolved
CASE-00010,1998-07-26,Jean del Valle,customer,Lieferstatus zu Bestellung 10592 unklar,Order 10592,resolved
CASE-00011,1998-07-14,Sven Diaz,customer,Lieferstatus zu Bestellung 10451 unklar,Order 10451,resolved
CASE-00012,1998-07-26,Nancy Davolio,employee,Arbeitsplatz WS-01 braucht OrderDesk-Zugriff,WS-01,resolved
CASE-00013,1998-07-13,Nancy Davolio,employee,OrderDesk-Login nach Passwortablauf gesperrt,WS-01,resolved
CASE-00014,1998-08-27,Regina Nolot,customer,Konditionen fuer Rahmenbestellung angefragt,Customer ETXRP,resolved
CASE-00015,1998-08-20,Antonio Wilson,customer,Reklamation zu Bestellung 10674,Order 10674,resolved
CASE-00016,1998-08-27,Antonio Wilson,customer,Rechnung zu Bestellung 10547 weicht ab,Order 10547,resolved
CASE-00017,1998-08-17,Marco Burke,customer,Lieferstatus zu Bestellung 10646 unklar,Order 10646,resolved
CASE-00018,1998-08-17,Nancy Davolio,employee,Software-Update fuer WS-01 angefragt,WS-01,resolved
CASE-00019,1998-08-26,IT-Betrieb,employee,SRV-01 meldet vollen Log-Datentraeger,SRV-01,resolved
CASE-00020,1998-08-28,Nancy Davolio,employee,OrderDesk-Login nach Passwortablauf gesperrt,WS-01,resolved
CASE-00021,1998-08-15,Nancy Davolio,employee,OrderDesk-Login nach Passwortablauf gesperrt,WS-01,resolved
CASE-00022,1998-09-13,Maria Anders,customer,Ruecksendung zu Bestellung 10615 beantragt,Order 10615,resolved
CASE-00023,1998-09-02,Niels Bein,customer,Frage zur Produktverfuegbarkeit,Customer VLLAI,resolved
CASE-00024,1998-09-01,Carlos Ohno,customer,Liefertermin zu Bestellung 10710 anfragen,Order 10710,in_progress
CASE-00025,1998-09-26,Antonio Diaz,customer,Aenderung an offener Bestellung 10791 gewuenscht,Order 10791,new
CASE-00026,1998-09-06,IT-Betrieb,employee,SRV-01 meldet vollen Log-Datentraeger,SRV-01,resolved
CASE-00027,1998-09-18,Nancy Davolio,employee,Datenexport aus OrderDesk stockt an WS-01,WS-01,resolved
CASE-00028,1998-09-26,Andrew Fuller,employee,Drucker an WS-02 nicht erreichbar,WS-02,resolved
CASE-00029,1998-10-21,Pavel Luchini,customer,Frage zur Produktverfuegbarkeit,Customer YWUSA,resolved
CASE-00030,1998-10-16,Antonio Wilson,customer,Liefertermin zu Bestellung 10781 anfragen,Order 10781,resolved
CASE-00031,1998-10-02,Michael Nolot,customer,Neuanlage Lieferadresse gewuenscht,Customer OYUGL,resolved
CASE-00032,1998-10-17,Noah Weber,customer,Aenderung an offener Bestellung 10650 gewuenscht,Order 10650,resolved
CASE-00033,1998-10-01,IT-Betrieb,employee,SRV-01 meldet vollen Log-Datentraeger,SRV-01,resolved
CASE-00034,1998-10-09,IT-Betrieb,employee,SRV-01 meldet vollen Log-Datentraeger,SRV-01,resolved
CASE-00035,1998-10-09,IT-Betrieb,employee,Zertifikat auf SRV-01 laeuft bald ab,SRV-01,in_progress
CASE-00036,1998-11-04,Jean del Valle,customer,Aenderung an offener Bestellung 10411 gewuenscht,Order 10411,resolved
CASE-00037,1998-11-21,Michael Rossi,customer,Ruecksendung zu Bestellung 10408 beantragt,Order 10408,in_progress
CASE-00038,1998-11-08,Niels Devling,customer,Konditionen fuer Rahmenbestellung angefragt,Customer PUQHW,resolved
CASE-00039,1998-11-13,Ian Damodaran,customer,Ruecksendung zu Bestellung 10658 beantragt,Order 10658,resolved
CASE-00040,1998-11-02,Andrew Fuller,employee,Arbeitsplatz WS-02 braucht OrderDesk-Zugriff,WS-02,resolved
CASE-00041,1998-11-08,Andrew Fuller,employee,Software-Update fuer WS-02 angefragt,WS-02,in_progress
CASE-00042,1998-12-24,Maria Anders,customer,Angebot fuer Grossmenge angefragt,Customer ALFKI,resolved
CASE-00043,1998-12-06,Noah Weber,customer,Reklamation zu Bestellung 10650,Order 10650,new
CASE-00044,1998-12-12,Lars Crespi,customer,Angebot fuer Grossmenge angefragt,Customer FFFYR,resolved
CASE-00045,1998-12-26,Pavel Murphy,customer,Ruecksendung zu Bestellung 10280 beantragt,Order 10280,resolved
CASE-00046,1998-12-16,Nancy Davolio,employee,Drucker an WS-01 nicht erreichbar,WS-01,new
CASE-00047,1998-12-20,Nancy Davolio,employee,Datenexport aus OrderDesk stockt an WS-01,WS-01,resolved
CASE-00048,1998-12-09,IT-Betrieb,employee,Dienst-Neustart auf SRV-01 noetig,SRV-01,resolved
CASE-00049,1998-12-19,Andrew Fuller,employee,Datenexport aus OrderDesk stockt an WS-02,WS-02,resolved
CASE-00050,1999-01-23,Carlos Schulz,customer,Neuanlage Lieferadresse gewuenscht,Customer EDMNO,in_progress
CASE-00051,1999-01-13,Michael Nolot,customer,Lieferstatus zu Bestellung 10393 unklar,Order 10393,resolved
CASE-00052,1999-01-03,Sven Diaz,customer,Rechnung zu Bestellung 10794 weicht ab,Order 10794,resolved
CASE-00053,1999-01-08,Marco Luchini,customer,Ruecksendung zu Bestellung 10859 beantragt,Order 10859,in_progress
CASE-00054,1999-01-01,Andrew Fuller,employee,Software-Update fuer WS-02 angefragt,WS-02,resolved
CASE-00055,1999-01-25,Nancy Davolio,employee,Drucker an WS-01 nicht erreichbar,WS-01,resolved
CASE-00056,1999-01-24,IT-Betrieb,employee,Zertifikat auf SRV-01 laeuft bald ab,SRV-01,resolved
CASE-00057,1999-01-03,Janet Leverling,employee,Arbeitsplatz WS-03 braucht OrderDesk-Zugriff,WS-03,resolved
CASE-00058,1999-02-23,Giovanni Crespi,customer,Neuanlage Lieferadresse gewuenscht,Customer ALZAL,resolved
CASE-00059,1999-02-01,Niels Merchant,customer,Neuanlage Lieferadresse gewuenscht,Customer WSEBX,resolved
CASE-00060,1999-02-01,Katrin Crespi,customer,Aenderung an offener Bestellung 10861 gewuenscht,Order 10861,resolved
CASE-00061,1999-02-10,Niels Schulz,customer,Neuanlage Lieferadresse gewuenscht,Customer RLXGK,resolved
CASE-00062,1999-02-03,IT-Betrieb,employee,Zertifikat auf SRV-01 laeuft bald ab,SRV-01,resolved
CASE-00063,1999-02-27,Janet Leverling,employee,Drucker an WS-03 nicht erreichbar,WS-03,resolved
CASE-00064,1999-03-13,Maria Anders,customer,Rechnung zu Bestellung 10823 weicht ab,Order 10823,resolved
CASE-00065,1999-03-03,Mayumi Peterson,customer,Angebot fuer Grossmenge angefragt,Customer WVGUX,resolved
CASE-00066,1999-03-07,Sven Ohno,customer,Angebot fuer Grossmenge angefragt,Customer GBDKX,resolved
CASE-00067,1999-03-17,Niels Merchant,customer,Ruecksendung zu Bestellung 10456 beantragt,Order 10456,resolved
CASE-00068,1999-03-14,Andrew Fuller,employee,Berechtigung fuer Reporting fehlt an WS-02,WS-02,new
CASE-00069,1999-03-04,Janet Leverling,employee,Arbeitsplatz WS-03 braucht OrderDesk-Zugriff,WS-03,resolved
CASE-00070,1999-03-18,Nancy Davolio,employee,Software-Update fuer WS-01 angefragt,WS-01,resolved
CASE-00071,1999-03-01,IT-Betrieb,employee,Backup auf SRV-01 pruefen,SRV-01,resolved
CASE-00072,1999-04-09,Maria Anders,customer,Lieferstatus zu Bestellung 10867 unklar,Order 10867,resolved
CASE-00073,1999-04-18,Chantal Crespi,customer,Liefertermin zu Bestellung 10316 anfragen,Order 10316,resolved
CASE-00074,1999-04-15,Michael Luchini,customer,Liefertermin zu Bestellung 10904 anfragen,Order 10904,resolved
CASE-00075,1999-04-21,Petra Crespi,customer,Aenderung an offener Bestellung 10383 gewuenscht,Order 10383,in_progress
CASE-00076,1999-04-11,Nancy Davolio,employee,Software-Update fuer WS-01 angefragt,WS-01,resolved
CASE-00077,1999-04-05,Nancy Davolio,employee,Drucker an WS-01 nicht erreichbar,WS-01,resolved
CASE-00078,1999-04-14,Nancy Davolio,employee,Software-Update fuer WS-01 angefragt,WS-01,resolved
CASE-00079,1999-05-17,Jonas Nolot,customer,Liefertermin zu Bestellung 10529 anfragen,Order 10529,resolved
CASE-00080,1999-05-22,Michael Luchini,customer,Frage zur Produktverfuegbarkeit,Customer KEHQT,resolved
CASE-00081,1999-05-18,Michael Petersen,customer,Lieferstatus zu Bestellung 10563 unklar,Order 10563,resolved
CASE-00082,1999-05-26,Robb Petersen,customer,Reklamation zu Bestellung 10463,Order 10463,resolved
CASE-00083,1999-05-13,Janet Leverling,employee,Berechtigung fuer Reporting fehlt an WS-03,WS-03,resolved
CASE-00084,1999-05-24,IT-Betrieb,employee,Dienst-Neustart auf SRV-01 noetig,SRV-01,in_progress
CASE-00085,1999-05-07,Janet Leverling,employee,Drucker an WS-03 nicht erreichbar,WS-03,resolved
CASE-00086,1999-06-15,Maria Anders,customer,Lieferstatus zu Bestellung 10851 unklar,Order 10851,resolved
CASE-00087,1999-06-15,Petra Crespi,customer,Frage zur Produktverfuegbarkeit,Customer MYVXC,resolved
CASE-00088,1999-06-16,Dirk Winkler,customer,Neuanlage Lieferadresse gewuenscht,Customer HOAFN,resolved
CASE-00089,1999-06-19,Sofia Petersen,customer,Ruecksendung zu Bestellung 10734 beantragt,Order 10734,resolved
CASE-00090,1999-06-16,Nancy Davolio,employee,Software-Update fuer WS-01 angefragt,WS-01,resolved
CASE-00091,1999-06-07,Nancy Davolio,employee,Drucker an WS-01 nicht erreichbar,WS-01,resolved
CASE-00092,1999-07-02,Petra Nagase,customer,Reklamation zu Bestellung 10715,Order 10715,new
CASE-00093,1999-07-15,Emma Bein,customer,Liefertermin zu Bestellung 10267 anfragen,Order 10267,new
CASE-00094,1999-07-28,Dirk Winkler,customer,Rechnung zu Bestellung 10900 weicht ab,Order 10900,resolved
CASE-00095,1999-07-08,Niels Burke,customer,Neuanlage Lieferadresse gewuenscht,Customer CFBZD,resolved
CASE-00096,1999-07-25,Janet Leverling,employee,Datenexport aus OrderDesk stockt an WS-03,WS-03,resolved
CASE-00097,1999-07-18,Nancy Davolio,employee,Arbeitsplatz WS-01 braucht OrderDesk-Zugriff,WS-01,resolved
CASE-00098,1999-07-08,Janet Leverling,employee,Drucker an WS-03 nicht erreichbar,WS-03,resolved
CASE-00099,1999-08-24,Chandra Nolot,customer,Ruecksendung zu Bestellung 10398 beantragt,Order 10398,resolved
CASE-00100,1999-08-02,Lena Mendoza,customer,Neuanlage Lieferadresse gewuenscht,Customer EIMER,resolved
CASE-00101,1999-08-25,Charlotte Wilson,customer,Aenderung an offener Bestellung 10481 gewuenscht,Order 10481,resolved
CASE-00102,1999-08-15,Dirk Bertrand,customer,Neuanlage Lieferadresse gewuenscht,Customer KVMJK,resolved
CASE-00103,1999-08-20,Andrew Fuller,employee,Arbeitsplatz WS-02 braucht OrderDesk-Zugriff,WS-02,resolved
CASE-00104,1999-08-27,Andrew Fuller,employee,Drucker an WS-02 nicht erreichbar,WS-02,resolved
CASE-00105,1999-08-09,Janet Leverling,employee,Software-Update fuer WS-03 angefragt,WS-03,in_progress
CASE-00106,1999-08-11,Andrew Fuller,employee,Drucker an WS-02 nicht erreichbar,WS-02,resolved
CASE-00107,1999-09-28,Maria Anders,customer,Reklamation zu Bestellung 10825,Order 10825,resolved
CASE-00108,1999-09-16,Giovanni Crespi,customer,Rechnung zu Bestellung 10361 weicht ab,Order 10361,resolved
CASE-00109,1999-09-18,Guylene del Valle,customer,Liefertermin zu Bestellung 10725 anfragen,Order 10725,resolved
CASE-00110,1999-09-24,Lena Mendoza,customer,Angebot fuer Grossmenge angefragt,Customer EIMER,resolved
CASE-00111,1999-09-03,Nancy Davolio,employee,Arbeitsplatz WS-01 braucht OrderDesk-Zugriff,WS-01,resolved
CASE-00112,1999-09-06,Janet Leverling,employee,Drucker an WS-03 nicht erreichbar,WS-03,resolved
CASE-00113,1999-10-06,Petra Crespi,customer,Konditionen fuer Rahmenbestellung angefragt,Customer PSNQQ,resolved
CASE-00114,1999-10-26,Antonio Wilson,customer,Rechnung zu Bestellung 10674 weicht ab,Order 10674,resolved
CASE-00115,1999-10-14,Regina Burke,customer,Reklamation zu Bestellung 10759,Order 10759,resolved
CASE-00116,1999-10-13,Charlotte Amsel,customer,Ruecksendung zu Bestellung 10636 beantragt,Order 10636,in_progress
CASE-00117,1999-10-21,IT-Betrieb,employee,Dienst-Neustart auf SRV-01 noetig,SRV-01,resolved
CASE-00118,1999-10-07,IT-Betrieb,employee,Backup auf SRV-01 pruefen,SRV-01,new
CASE-00119,1999-10-12,Janet Leverling,employee,Berechtigung fuer Reporting fehlt an WS-03,WS-03,in_progress
CASE-00120,1999-10-15,IT-Betrieb,employee,SRV-01 meldet vollen Log-Datentraeger,SRV-01,resolved
CASE-00121,1999-11-24,Lars Petersen,customer,Frage zur Produktverfuegbarkeit,Customer SKSEF,resolved
CASE-00122,1999-11-05,Lars Saveley,customer,Liefertermin zu Bestellung 10431 anfragen,Order 10431,resolved
CASE-00123,1999-11-23,Guylene Rossi,customer,Rechnung zu Bestellung 10831 weicht ab,Order 10831,resolved
CASE-00124,1999-11-05,Marco Luchini,customer,Frage zur Produktverfuegbarkeit,Customer HLHVL,resolved
CASE-00125,1999-11-20,Janet Leverling,employee,Software-Update fuer WS-03 angefragt,WS-03,resolved
CASE-00126,1999-11-01,Janet Leverling,employee,Software-Update fuer WS-03 angefragt,WS-03,resolved
CASE-00127,1999-12-12,Maria Anders,customer,Rechnung zu Bestellung 11027 weicht ab,Order 11027,resolved
CASE-00128,1999-12-08,Mayumi Nagase,customer,Konditionen fuer Rahmenbestellung angefragt,Customer KZCRH,resolved
CASE-00129,1999-12-05,Jonas Cooper,customer,Reklamation zu Bestellung 10403,Order 10403,in_progress
CASE-00130,1999-12-04,Pavel Luchini,customer,Konditionen fuer Rahmenbestellung angefragt,Customer YWUSA,resolved
CASE-00131,1999-12-04,Janet Leverling,employee,Drucker an WS-03 nicht erreichbar,WS-03,resolved
CASE-00132,1999-12-08,Nancy Davolio,employee,Drucker an WS-01 nicht erreichbar,WS-01,in_progress
CASE-00133,2000-01-18,Robb Petersen,customer,Reklamation zu Bestellung 10463,Order 10463,resolved
CASE-00134,2000-01-16,Jonas Luchini,customer,Konditionen fuer Rahmenbestellung angefragt,Customer FLETF,resolved
CASE-00135,2000-01-28,Marco Damodaran,customer,Konditionen fuer Rahmenbestellung angefragt,Customer GVOIG,resolved
CASE-00136,2000-01-12,Marco Bein,customer,Ruecksendung zu Bestellung 10265 beantragt,Order 10265,resolved
CASE-00137,2000-01-26,Nancy Davolio,employee,Software-Update fuer WS-01 angefragt,WS-01,new
CASE-00138,2000-01-21,IT-Betrieb,employee,Zertifikat auf SRV-01 laeuft bald ab,SRV-01,resolved
CASE-00139,2000-01-11,Margaret Peacock,employee,Software-Update fuer WS-04 angefragt,WS-04,resolved
CASE-00140,2000-02-21,Sofia Petersen,customer,Konditionen fuer Rahmenbestellung angefragt,Customer SVGTT,resolved
CASE-00141,2000-02-01,Guylene Goulet,customer,Angebot fuer Grossmenge angefragt,Customer TCJVQ,resolved
CASE-00142,2000-02-23,Ian Damodaran,customer,Aenderung an offener Bestellung 10902 gewuenscht,Order 10902,resolved
CASE-00143,2000-02-22,Dirk Bertrand,customer,Reklamation zu Bestellung 10966,Order 10966,new
CASE-00144,2000-02-09,Janet Leverling,employee,OrderDesk-Login nach Passwortablauf gesperrt,WS-03,resolved
CASE-00145,2000-02-07,Andrew Fuller,employee,Arbeitsplatz WS-02 braucht OrderDesk-Zugriff,WS-02,resolved
CASE-00146,2000-02-24,Margaret Peacock,employee,Berechtigung fuer Reporting fehlt an WS-04,WS-04,resolved
CASE-00147,2000-03-10,Maria Anders,customer,Lieferstatus zu Bestellung 10967 unklar,Order 10967,resolved
CASE-00148,2000-03-22,Elio del Valle,customer,Reklamation zu Bestellung 10511,Order 10511,resolved
CASE-00149,2000-03-22,Charlotte Fresnel,customer,Reklamation zu Bestellung 10419,Order 10419,new
CASE-00150,2000-03-09,Jean Crespi,customer,Konditionen fuer Rahmenbestellung angefragt,Customer AEQYP,resolved
CASE-00151,2000-03-07,Nancy Davolio,employee,Berechtigung fuer Reporting fehlt an WS-01,WS-01,resolved
CASE-00152,2000-03-18,Nancy Davolio,employee,Arbeitsplatz WS-01 braucht OrderDesk-Zugriff,WS-01,resolved
CASE-00153,2000-03-14,Andrew Fuller,employee,Datenexport aus OrderDesk stockt an WS-02,WS-02,resolved
CASE-00154,2000-04-25,Mayumi Peterson,customer,Reklamation zu Bestellung 10654,Order 10654,resolved
CASE-00155,2000-04-24,Jean Crespi,customer,Angebot fuer Grossmenge angefragt,Customer AEQYP,new
CASE-00156,2000-04-17,Petra Crespi,customer,Frage zur Produktverfuegbarkeit,Customer PSNQQ,resolved
CASE-00157,2000-04-03,Martin Petersen,customer,Konditionen fuer Rahmenbestellung angefragt,Customer GBWAC,resolved
CASE-00158,2000-04-07,Margaret Peacock,employee,OrderDesk-Login nach Passwortablauf gesperrt,WS-04,resolved
CASE-00159,2000-04-19,Janet Leverling,employee,Software-Update fuer WS-03 angefragt,WS-03,resolved
CASE-00160,2000-04-10,Margaret Peacock,employee,Berechtigung fuer Reporting fehlt an WS-04,WS-04,resolved
CASE-00161,2000-04-21,Nancy Davolio,employee,Drucker an WS-01 nicht erreichbar,WS-01,resolved
CASE-00162,2000-05-05,Michael Nolot,customer,Reklamation zu Bestellung 10984,Order 10984,resolved
CASE-00163,2000-05-25,Pavel Crespi,customer,Angebot fuer Grossmenge angefragt,Customer COJQZ,in_progress
CASE-00164,2000-05-16,Jonas Heikkonen,customer,Lieferstatus zu Bestellung 10585 unklar,Order 10585,resolved
CASE-00165,2000-05-08,Lena Luchini,customer,Ruecksendung zu Bestellung 10498 beantragt,Order 10498,in_progress
CASE-00166,2000-05-10,Janet Leverling,employee,OrderDesk-Login nach Passwortablauf gesperrt,WS-03,resolved
CASE-00167,2000-05-27,Nancy Davolio,employee,OrderDesk-Login nach Passwortablauf gesperrt,WS-01,resolved
CASE-00168,2000-05-26,Janet Leverling,employee,Drucker an WS-03 nicht erreichbar,WS-03,resolved
CASE-00169,2000-05-23,IT-Betrieb,employee,Zertifikat auf SRV-01 laeuft bald ab,SRV-01,in_progress
CASE-00170,2000-06-13,Maria Anders,customer,Frage zur Produktverfuegbarkeit,Customer ALFKI,new
CASE-00171,2000-06-17,Regina Burke,customer,Reklamation zu Bestellung 10759,Order 10759,resolved
CASE-00172,2000-06-10,Niels Bein,customer,Ruecksendung zu Bestellung 10989 beantragt,Order 10989,resolved
CASE-00173,2000-06-08,Dirk Merchant,customer,Konditionen fuer Rahmenbestellung angefragt,Customer WMXST,resolved
CASE-00174,2000-06-06,IT-Betrieb,employee,SRV-01 meldet vollen Log-Datentraeger,SRV-01,resolved
CASE-00175,2000-06-08,Janet Leverling,employee,Datenexport aus OrderDesk stockt an WS-03,WS-03,resolved
CASE-00176,2000-06-24,Nancy Davolio,employee,Datenexport aus OrderDesk stockt an WS-01,WS-01,resolved
CASE-00177,2000-06-14,IT-Betrieb,employee,SRV-01 meldet vollen Log-Datentraeger,SRV-01,resolved
CASE-00178,2000-07-01,Robb Winkler,customer,Rechnung zu Bestellung 10335 weicht ab,Order 10335,resolved
CASE-00179,2000-07-10,Antonio Diaz,customer,Angebot fuer Grossmenge angefragt,Customer HIVZZ,resolved
CASE-00180,2000-07-02,Jonas Nolot,customer,Konditionen fuer Rahmenbestellung angefragt,Customer IWQPR,resolved
CASE-00181,2000-07-09,Lena Luchini,customer,Neuanlage Lieferadresse gewuenscht,Customer PSZOY,resolved
CASE-00182,2000-07-18,IT-Betrieb,employee,Zertifikat auf SRV-01 laeuft bald ab,SRV-01,resolved
CASE-00183,2000-07-02,Janet Leverling,employee,Drucker an WS-03 nicht erreichbar,WS-03,resolved
CASE-00184,2000-07-04,Margaret Peacock,employee,Berechtigung fuer Reporting fehlt an WS-04,WS-04,resolved
CASE-00185,2000-07-24,Andrew Fuller,employee,Berechtigung fuer Reporting fehlt an WS-02,WS-02,resolved
CASE-00186,2000-08-06,Sven Ohno,customer,Ruecksendung zu Bestellung 10924 beantragt,Order 10924,in_progress
CASE-00187,2000-08-17,Eliane Cooper,customer,Konditionen fuer Rahmenbestellung angefragt,Customer LBUUY,resolved
CASE-00188,2000-08-02,Antonio Diaz,customer,Frage zur Produktverfuegbarkeit,Customer HIVZZ,resolved
CASE-00189,2000-08-01,Marie Murphy,customer,Konditionen fuer Rahmenbestellung angefragt,Customer KIODW,in_progress
CASE-00190,2000-08-02,Andrew Fuller,employee,Drucker an WS-02 nicht erreichbar,WS-02,resolved
CASE-00191,2000-08-11,IT-Betrieb,employee,Dienst-Neustart auf SRV-01 noetig,SRV-01,resolved
CASE-00192,2000-09-01,Maria Anders,customer,Rechnung zu Bestellung 10947 weicht ab,Order 10947,resolved
CASE-00193,2000-09-11,Michael Ohno,customer,Konditionen fuer Rahmenbestellung angefragt,Customer RTJFF,resolved
CASE-00194,2000-09-08,Antonio Crespi,customer,Konditionen fuer Rahmenbestellung angefragt,Customer NDYSD,resolved
CASE-00195,2000-09-04,Petra Crespi,customer,Liefertermin zu Bestellung 10389 anfragen,Order 10389,new
CASE-00196,2000-09-13,IT-Betrieb,employee,Zertifikat auf SRV-01 laeuft bald ab,SRV-01,resolved
CASE-00197,2000-09-18,Janet Leverling,employee,Software-Update fuer WS-03 angefragt,WS-03,resolved
CASE-00198,2000-10-11,Anne Murphy,customer,Reklamation zu Bestellung 10763,Order 10763,resolved
CASE-00199,2000-10-24,Michael Petersen,customer,Lieferstatus zu Bestellung 10563 unklar,Order 10563,resolved
CASE-00200,2000-10-26,Dirk Bertrand,customer,Lieferstatus zu Bestellung 10357 unklar,Order 10357,resolved
CASE-00201,2000-10-12,Petra Nagase,customer,Angebot fuer Grossmenge angefragt,Customer VYHBU,resolved
CASE-00202,2000-10-10,IT-Betrieb,employee,SRV-01 meldet vollen Log-Datentraeger,SRV-01,resolved
CASE-00203,2000-10-18,IT-Betrieb,employee,Dienst-Neustart auf SRV-01 noetig,SRV-01,resolved
CASE-00204,2000-10-16,Margaret Peacock,employee,OrderDesk-Login nach Passwortablauf gesperrt,WS-04,resolved
CASE-00205,2000-11-23,Sven Diaz,customer,Aenderung an offener Bestellung 10469 gewuenscht,Order 10469,in_progress
CASE-00206,2000-11-06,Carlos Vileid,customer,Lieferstatus zu Bestellung 11130 unklar,Order 11130,resolved
CASE-00207,2000-11-28,Niels Winkler,customer,Liefertermin zu Bestellung 11085 anfragen,Order 11085,resolved
CASE-00208,2000-11-04,Petra Crespi,customer,Lieferstatus zu Bestellung 10249 unklar,Order 10249,resolved
CASE-00209,2000-11-04,Janet Leverling,employee,Datenexport aus OrderDesk stockt an WS-03,WS-03,resolved
CASE-00210,2000-11-28,Margaret Peacock,employee,Arbeitsplatz WS-04 braucht OrderDesk-Zugriff,WS-04,resolved
CASE-00211,2000-11-24,Nancy Davolio,employee,OrderDesk-Login nach Passwortablauf gesperrt,WS-01,resolved
CASE-00212,2000-12-08,Maria Anders,customer,Aenderung an offener Bestellung 11056 gewuenscht,Order 11056,resolved
CASE-00213,2000-12-08,Cheryl Weber,customer,Frage zur Produktverfuegbarkeit,Customer UDJOJ,resolved
CASE-00214,2000-12-28,Elio Nagase,customer,Konditionen fuer Rahmenbestellung angefragt,Customer JEYCD,resolved
CASE-00215,2000-12-10,Sofia Amsel,customer,Liefertermin zu Bestellung 10692 anfragen,Order 10692,resolved
CASE-00216,2000-12-10,IT-Betrieb,employee,Dienst-Neustart auf SRV-01 noetig,SRV-01,resolved
CASE-00217,2000-12-13,Andrew Fuller,employee,OrderDesk-Login nach Passwortablauf gesperrt,WS-02,new
CASE-00218,2000-12-27,Nancy Davolio,employee,Software-Update fuer WS-01 angefragt,WS-01,resolved
CASE-00219,2000-12-22,IT-Betrieb,employee,SRV-01 meldet vollen Log-Datentraeger,SRV-01,resolved
CASE-00220,2001-01-08,Pavel Peterson,customer,Ruecksendung zu Bestellung 10968 beantragt,Order 10968,resolved
CASE-00221,2001-01-20,Regina Burke,customer,Lieferstatus zu Bestellung 10759 unklar,Order 10759,resolved
CASE-00222,2001-01-08,Michael Nolot,customer,Angebot fuer Grossmenge angefragt,Customer OBZUY,resolved
CASE-00223,2001-01-22,Niels Schulz,customer,Frage zur Produktverfuegbarkeit,Customer RLXGK,in_progress
CASE-00224,2001-01-03,Margaret Peacock,employee,OrderDesk-Login nach Passwortablauf gesperrt,WS-04,resolved
CASE-00225,2001-01-17,Janet Leverling,employee,Drucker an WS-03 nicht erreichbar,WS-03,resolved
CASE-00226,2001-02-11,Carlos Ohno,customer,Liefertermin zu Bestellung 10726 anfragen,Order 10726,resolved
CASE-00227,2001-02-27,Chandra Luchini,customer,Liefertermin zu Bestellung 10787 anfragen,Order 10787,resolved
CASE-00228,2001-02-11,Elio Cooper,customer,Liefertermin zu Bestellung 10898 anfragen,Order 10898,resolved
CASE-00229,2001-02-18,Dirk Bertrand,customer,Liefertermin zu Bestellung 10957 anfragen,Order 10957,resolved
CASE-00230,2001-02-14,IT-Betrieb,employee,Backup auf SRV-01 pruefen,SRV-01,resolved
CASE-00231,2001-02-08,IT-Betrieb,employee,Dienst-Neustart auf SRV-01 noetig,SRV-01,in_progress
CASE-00232,2001-02-25,IT-Betrieb,employee,Zertifikat auf SRV-01 laeuft bald ab,SRV-01,resolved
CASE-00233,2001-02-01,Nancy Davolio,employee,Berechtigung fuer Reporting fehlt an WS-01,WS-01,resolved
CASE-00234,2001-03-25,Maria Anders,customer,Rechnung zu Bestellung 11113 weicht ab,Order 11113,resolved
CASE-00235,2001-03-28,Niels Bein,customer,Lieferstatus zu Bestellung 10573 unklar,Order 10573,in_progress
CASE-00236,2001-03-17,Wendy Crespi,customer,Reklamation zu Bestellung 11034,Order 11034,resolved
CASE-00237,2001-03-21,Antonio Petersen,customer,Reklamation zu Bestellung 11220,Order 11220,resolved
CASE-00238,2001-03-04,Steven Buchanan,employee,OrderDesk-Login nach Passwortablauf gesperrt,WS-05,resolved
CASE-00239,2001-03-19,IT-Betrieb,employee,Zertifikat auf SRV-01 laeuft bald ab,SRV-01,new
CASE-00240,2001-03-12,Janet Leverling,employee,Datenexport aus OrderDesk stockt an WS-03,WS-03,resolved
CASE-00241,2001-04-22,Martin Petersen,customer,Angebot fuer Grossmenge angefragt,Customer GBWAC,resolved
CASE-00242,2001-04-27,Shelley Weber,customer,Konditionen fuer Rahmenbestellung angefragt,Customer GIJPO,resolved
CASE-00243,2001-04-02,Dirk Bertrand,customer,Reklamation zu Bestellung 10470,Order 10470,resolved
CASE-00244,2001-04-06,Regina Ohno,customer,Ruecksendung zu Bestellung 10777 beantragt,Order 10777,resolved
CASE-00245,2001-04-12,Steven Buchanan,employee,OrderDesk-Login nach Passwortablauf gesperrt,WS-05,resolved
CASE-00246,2001-04-08,Andrew Fuller,employee,Drucker an WS-02 nicht erreichbar,WS-02,resolved
CASE-00247,2001-04-21,Margaret Peacock,employee,Arbeitsplatz WS-04 braucht OrderDesk-Zugriff,WS-04,resolved
CASE-00248,2001-05-01,Lena Petersen,customer,Ruecksendung zu Bestellung 11161 beantragt,Order 11161,resolved
CASE-00249,2001-05-05,Petra Bein,customer,Liefertermin zu Bestellung 10282 anfragen,Order 10282,resolved
CASE-00250,2001-05-06,Beate Weber,customer,Aenderung an offener Bestellung 11155 gewuenscht,Order 11155,resolved
CASE-00251,2001-05-05,Chandra Nolot,customer,Rechnung zu Bestellung 10584 weicht ab,Order 10584,resolved
CASE-00252,2001-05-17,IT-Betrieb,employee,Zertifikat auf SRV-01 laeuft bald ab,SRV-01,resolved
CASE-00253,2001-05-25,Nancy Davolio,employee,Software-Update fuer WS-01 angefragt,WS-01,resolved
CASE-00254,2001-06-08,Maria Anders,customer,Aenderung an offener Bestellung 11113 gewuenscht,Order 11113,in_progress
CASE-00255,2001-06-06,Ian Damodaran,customer,Konditionen fuer Rahmenbestellung angefragt,Customer PLRKR,resolved
CASE-00256,2001-06-17,Petra Petersen,customer,Liefertermin zu Bestellung 10556 anfragen,Order 10556,resolved
CASE-00257,2001-06-16,Regina Goulet,customer,Neuanlage Lieferadresse gewuenscht,Customer TWGGZ,resolved
CASE-00258,2001-06-14,Nancy Davolio,employee,Arbeitsplatz WS-01 braucht OrderDesk-Zugriff,WS-01,new
CASE-00259,2001-06-04,Steven Buchanan,employee,Drucker an WS-05 nicht erreichbar,WS-05,resolved
CASE-00260,2001-06-18,Janet Leverling,employee,Software-Update fuer WS-03 angefragt,WS-03,resolved
CASE-00261,2001-07-10,Anne Saveley,customer,Konditionen fuer Rahmenbestellung angefragt,Customer JYAMY,resolved
CASE-00262,2001-07-13,Antonio Diaz,customer,Lieferstatus zu Bestellung 10700 unklar,Order 10700,new
CASE-00263,2001-07-20,Dirk Nagase,customer,Aenderung an offener Bestellung 11262 gewuenscht,Order 11262,resolved
CASE-00264,2001-07-16,Sofia Amsel,customer,Aenderung an offener Bestellung 10299 gewuenscht,Order 10299,resolved
CASE-00265,2001-07-14,Andrew Fuller,employee,Software-Update fuer WS-02 angefragt,WS-02,resolved
CASE-00266,2001-07-19,Margaret Peacock,employee,Software-Update fuer WS-04 angefragt,WS-04,resolved
CASE-00267,2001-08-17,Emma Bein,customer,Aenderung an offener Bestellung 10628 gewuenscht,Order 10628,resolved
CASE-00268,2001-08-07,Ian Damodaran,customer,Liefertermin zu Bestellung 10413 anfragen,Order 10413,resolved
CASE-00269,2001-08-13,Sven del Valle,customer,Frage zur Produktverfuegbarkeit,Customer ZTSVE,resolved
CASE-00270,2001-08-26,Jonas Cooper,customer,Ruecksendung zu Bestellung 10645 beantragt,Order 10645,in_progress
CASE-00271,2001-08-07,Steven Buchanan,employee,Berechtigung fuer Reporting fehlt an WS-05,WS-05,resolved
CASE-00272,2001-08-22,Nancy Davolio,employee,Drucker an WS-01 nicht erreichbar,WS-01,resolved
CASE-00273,2001-08-11,Margaret Peacock,employee,Software-Update fuer WS-04 angefragt,WS-04,resolved
CASE-00274,2001-09-24,Maria Anders,customer,Lieferstatus zu Bestellung 11144 unklar,Order 11144,resolved
CASE-00275,2001-09-15,Jonas Luchini,customer,Angebot fuer Grossmenge angefragt,Customer FLETF,resolved
CASE-00276,2001-09-20,Elio Cooper,customer,Reklamation zu Bestellung 10375,Order 10375,resolved
CASE-00277,2001-09-01,Charlotte Wilson,customer,Rechnung zu Bestellung 10587 weicht ab,Order 10587,resolved
CASE-00278,2001-09-20,Janet Leverling,employee,OrderDesk-Login nach Passwortablauf gesperrt,WS-03,in_progress
CASE-00279,2001-09-20,Andrew Fuller,employee,Software-Update fuer WS-02 angefragt,WS-02,resolved
CASE-00280,2001-10-28,Marco Vileid,customer,Lieferstatus zu Bestellung 11301 unklar,Order 11301,resolved
CASE-00281,2001-10-13,Lena Mendoza,customer,Liefertermin zu Bestellung 11071 anfragen,Order 11071,resolved
CASE-00282,2001-10-19,Robb Petersen,customer,Neuanlage Lieferadresse gewuenscht,Customer UQVLY,resolved
CASE-00283,2001-10-01,Sofia Amsel,customer,Neuanlage Lieferadresse gewuenscht,Customer RBMPA,resolved
CASE-00284,2001-10-13,Nancy Davolio,employee,Arbeitsplatz WS-01 braucht OrderDesk-Zugriff,WS-01,resolved
CASE-00285,2001-10-24,Margaret Peacock,employee,Berechtigung fuer Reporting fehlt an WS-04,WS-04,new
CASE-00286,2001-11-06,Marco Vileid,customer,Rechnung zu Bestellung 10767 weicht ab,Order 10767,resolved
CASE-00287,2001-11-12,Michael Nolot,customer,Lieferstatus zu Bestellung 11296 unklar,Order 11296,resolved
CASE-00288,2001-11-10,Niels Keller,customer,Neuanlage Lieferadresse gewuenscht,Customer PCOZG,resolved
CASE-00289,2001-11-24,Niels Schulz,customer,Aenderung an offener Bestellung 11122 gewuenscht,Order 11122,resolved
CASE-00290,2001-11-08,Steven Buchanan,employee,Software-Update fuer WS-05 angefragt,WS-05,resolved
CASE-00291,2001-11-25,IT-Betrieb,employee,SRV-01 meldet vollen Log-Datentraeger,SRV-01,resolved
CASE-00292,2001-11-17,IT-Betrieb,employee,SRV-01 meldet vollen Log-Datentraeger,SRV-01,resolved
CASE-00293,2001-11-07,Andrew Fuller,employee,Software-Update fuer WS-02 angefragt,WS-02,resolved
CASE-00294,2001-12-18,Maria Anders,customer,Ruecksendung zu Bestellung 11160 beantragt,Order 11160,resolved
CASE-00295,2001-12-06,Petra Heikkonen,customer,Frage zur Produktverfuegbarkeit,Customer ESKGK,resolved
CASE-00296,2001-12-26,Lena Mendoza,customer,Aenderung an offener Bestellung 11071 gewuenscht,Order 11071,in_progress
CASE-00297,2001-12-05,Mayumi Murphy,customer,Ruecksendung zu Bestellung 10932 beantragt,Order 10932,resolved
CASE-00298,2001-12-13,Janet Leverling,employee,Drucker an WS-03 nicht erreichbar,WS-03,resolved
CASE-00299,2001-12-12,IT-Betrieb,employee,SRV-01 meldet vollen Log-Datentraeger,SRV-01,resolved
CASE-00300,2001-12-24,Andrew Fuller,employee,OrderDesk-Login nach Passwortablauf gesperrt,WS-02,resolved
CASE-00301,2002-01-03,Sven del Valle,customer,Angebot fuer Grossmenge angefragt,Customer ZTSVE,resolved
CASE-00302,2002-01-26,Guylene Vileid,customer,Liefertermin zu Bestellung 11210 anfragen,Order 11210,resolved
CASE-00303,2002-01-10,Petra Heikkonen,customer,Frage zur Produktverfuegbarkeit,Customer ESKGK,resolved
CASE-00304,2002-01-21,Jean del Valle,customer,Frage zur Produktverfuegbarkeit,Customer SHRPR,resolved
CASE-00305,2002-01-12,Steven Buchanan,employee,Berechtigung fuer Reporting fehlt an WS-05,WS-05,resolved
CASE-00306,2002-01-12,Margaret Peacock,employee,OrderDesk-Login nach Passwortablauf gesperrt,WS-04,resolved
CASE-00307,2002-01-19,Janet Leverling,employee,Software-Update fuer WS-03 angefragt,WS-03,resolved
CASE-00308,2002-01-17,IT-Betrieb,employee,Zertifikat auf SRV-01 laeuft bald ab,SRV-01,resolved
CASE-00309,2002-02-26,Pavel Peterson,customer,Aenderung an offener Bestellung 10968 gewuenscht,Order 10968,resolved
CASE-00310,2002-02-11,Chantal Amsel,customer,Aenderung an offener Bestellung 10839 gewuenscht,Order 10839,resolved
CASE-00311,2002-02-08,Jonas Luchini,customer,Lieferstatus zu Bestellung 11009 unklar,Order 11009,resolved
CASE-00312,2002-02-06,Beate Weber,customer,Angebot fuer Grossmenge angefragt,Customer NXNXC,in_progress
CASE-00313,2002-02-01,Michael Suyama,employee,Drucker an WS-06 nicht erreichbar,WS-06,resolved
CASE-00314,2002-02-21,Andrew Fuller,employee,Arbeitsplatz WS-02 braucht OrderDesk-Zugriff,WS-02,resolved
CASE-00315,2002-02-05,Steven Buchanan,employee,Software-Update fuer WS-05 angefragt,WS-05,resolved
CASE-00316,2002-03-16,Maria Anders,customer,Rechnung zu Bestellung 11268 weicht ab,Order 11268,resolved
CASE-00317,2002-03-19,Ian Damodaran,customer,Ruecksendung zu Bestellung 10680 beantragt,Order 10680,resolved
CASE-00318,2002-03-01,Charlotte Ohno,customer,Neuanlage Lieferadresse gewuenscht,Customer CSYLN,resolved
CASE-00319,2002-03-16,Mayumi Peterson,customer,Konditionen fuer Rahmenbestellung angefragt,Customer WVGUX,resolved
CASE-00320,2002-03-13,Nancy Davolio,employee,Datenexport aus OrderDesk stockt an WS-01,WS-01,resolved
CASE-00321,2002-03-07,Nancy Davolio,employee,Drucker an WS-01 nicht erreichbar,WS-01,resolved
CASE-00322,2002-03-08,Andrew Fuller,employee,Datenexport aus OrderDesk stockt an WS-02,WS-02,resolved
CASE-00323,2002-03-14,Nancy Davolio,employee,Berechtigung fuer Reporting fehlt an WS-01,WS-01,resolved
CASE-00324,2002-04-16,Charlotte Ohno,customer,Neuanlage Lieferadresse gewuenscht,Customer CSYLN,resolved
CASE-00325,2002-04-06,Niels Bein,customer,Lieferstatus zu Bestellung 11075 unklar,Order 11075,resolved
CASE-00326,2002-04-07,Noah Diaz,customer,Neuanlage Lieferadresse gewuenscht,Customer SHRWN,resolved
CASE-00327,2002-04-17,Charlotte Fresnel,customer,Aenderung an offener Bestellung 10414 gewuenscht,Order 10414,resolved
CASE-00328,2002-04-06,Steven Buchanan,employee,Arbeitsplatz WS-05 braucht OrderDesk-Zugriff,WS-05,resolved
CASE-00329,2002-04-16,IT-Betrieb,employee,Zertifikat auf SRV-01 laeuft bald ab,SRV-01,resolved
CASE-00330,2002-04-05,Andrew Fuller,employee,Software-Update fuer WS-02 angefragt,WS-02,resolved
CASE-00331,2002-05-13,Cheryl Weber,customer,Ruecksendung zu Bestellung 11342 beantragt,Order 11342,resolved
CASE-00332,2002-05-14,Robb Nodier,customer,Ruecksendung zu Bestellung 11119 beantragt,Order 11119,resolved
CASE-00333,2002-05-13,Maria Anders,customer,Reklamation zu Bestellung 11225,Order 11225,resolved
CASE-00334,2002-05-14,Shelley Weber,customer,Frage zur Produktverfuegbarkeit,Customer GIJPO,resolved
CASE-00335,2002-05-12,Steven Buchanan,employee,OrderDesk-Login nach Passwortablauf gesperrt,WS-05,resolved
CASE-00336,2002-05-15,Margaret Peacock,employee,Arbeitsplatz WS-04 braucht OrderDesk-Zugriff,WS-04,resolved
CASE-00337,2002-06-03,Maria Anders,customer,Angebot fuer Grossmenge angefragt,Customer ALFKI,resolved
CASE-00338,2002-06-23,Niels Rossi,customer,Angebot fuer Grossmenge angefragt,Customer JXNIV,resolved
CASE-00339,2002-06-15,Giovanni Petersen,customer,Rechnung zu Bestellung 11398 weicht ab,Order 11398,resolved
CASE-00340,2002-06-12,Ian Damodaran,customer,Angebot fuer Grossmenge angefragt,Customer PLRKR,resolved
CASE-00341,2002-06-09,IT-Betrieb,employee,Dienst-Neustart auf SRV-01 noetig,SRV-01,resolved
CASE-00342,2002-06-12,Steven Buchanan,employee,Berechtigung fuer Reporting fehlt an WS-05,WS-05,resolved
CASE-00343,2002-06-12,Steven Buchanan,employee,Berechtigung fuer Reporting fehlt an WS-05,WS-05,resolved
CASE-00344,2002-06-14,IT-Betrieb,employee,Dienst-Neustart auf SRV-01 noetig,SRV-01,new
CASE-00345,2002-07-01,Carlos Murphy,customer,Frage zur Produktverfuegbarkeit,Customer ONAMJ,resolved
CASE-00346,2002-07-07,Regina Merchant,customer,Konditionen fuer Rahmenbestellung angefragt,Customer LSKJL,in_progress
CASE-00347,2002-07-28,Marco Bein,customer,Neuanlage Lieferadresse gewuenscht,Customer LPVQG,resolved
CASE-00348,2002-07-21,Robb Nodier,customer,Lieferstatus zu Bestellung 11119 unklar,Order 11119,resolved
CASE-00349,2002-07-21,Steven Buchanan,employee,OrderDesk-Login nach Passwortablauf gesperrt,WS-05,resolved
CASE-00350,2002-07-10,Nancy Davolio,employee,OrderDesk-Login nach Passwortablauf gesperrt,WS-01,resolved
CASE-00351,2002-07-24,Michael Suyama,employee,Berechtigung fuer Reporting fehlt an WS-06,WS-06,in_progress
CASE-00352,2002-07-28,Michael Suyama,employee,Datenexport aus OrderDesk stockt an WS-06,WS-06,resolved
CASE-00353,2002-08-02,Lena Petersen,customer,Ruecksendung zu Bestellung 11370 beantragt,Order 11370,resolved
CASE-00354,2002-08-05,Shelley Goulet,customer,Liefertermin zu Bestellung 11348 anfragen,Order 11348,resolved
CASE-00355,2002-08-04,Guylene del Valle,customer,Aenderung an offener Bestellung 10651 gewuenscht,Order 10651,resolved
CASE-00356,2002-08-12,Elio Cooper,customer,Konditionen fuer Rahmenbestellung angefragt,Customer IEOWD,resolved
CASE-00357,2002-08-16,Janet Leverling,employee,Berechtigung fuer Reporting fehlt an WS-03,WS-03,resolved
CASE-00358,2002-08-06,Michael Suyama,employee,Drucker an WS-06 nicht erreichbar,WS-06,resolved
CASE-00359,2002-08-08,Michael Suyama,employee,Berechtigung fuer Reporting fehlt an WS-06,WS-06,resolved
CASE-00360,2002-09-09,Maria Anders,customer,Rechnung zu Bestellung 11433 weicht ab,Order 11433,in_progress
CASE-00361,2002-09-03,Mayumi Murphy,customer,Ruecksendung zu Bestellung 11084 beantragt,Order 11084,resolved
CASE-00362,2002-09-11,Anne Murphy,customer,Liefertermin zu Bestellung 10576 anfragen,Order 10576,resolved
CASE-00363,2002-09-02,Anne Nolot,customer,Frage zur Produktverfuegbarkeit,Customer BKURQ,resolved
CASE-00364,2002-09-13,Andrew Fuller,employee,OrderDesk-Login nach Passwortablauf gesperrt,WS-02,resolved
CASE-00365,2002-09-04,Steven Buchanan,employee,Arbeitsplatz WS-05 braucht OrderDesk-Zugriff,WS-05,resolved
CASE-00366,2002-09-14,Margaret Peacock,employee,Datenexport aus OrderDesk stockt an WS-04,WS-04,resolved
CASE-00367,2002-09-03,Steven Buchanan,employee,Datenexport aus OrderDesk stockt an WS-05,WS-05,resolved
CASE-00368,2002-10-02,Charlotte Cooper,customer,Lieferstatus zu Bestellung 11322 unklar,Order 11322,resolved
CASE-00369,2002-10-28,Martin Saveley,customer,Konditionen fuer Rahmenbestellung angefragt,Customer BNYBJ,resolved
CASE-00370,2002-10-28,Jonas Luchini,customer,Reklamation zu Bestellung 10566,Order 10566,resolved
CASE-00371,2002-10-22,Cheryl Weber,customer,Rechnung zu Bestellung 11168 weicht ab,Order 11168,resolved
CASE-00372,2002-10-11,Janet Leverling,employee,OrderDesk-Login nach Passwortablauf gesperrt,WS-03,in_progress
CASE-00373,2002-10-14,Janet Leverling,employee,OrderDesk-Login nach Passwortablauf gesperrt,WS-03,resolved
CASE-00374,2002-10-03,IT-Betrieb,employee,Dienst-Neustart auf SRV-01 noetig,SRV-01,resolved
CASE-00375,2002-11-22,Jonas Wilson,customer,Aenderung an offener Bestellung 11165 gewuenscht,Order 11165,resolved
CASE-00376,2002-11-17,Antonio Petersen,customer,Neuanlage Lieferadresse gewuenscht,Customer KIWFL,resolved
CASE-00377,2002-11-24,Niels Burke,customer,Aenderung an offener Bestellung 11038 gewuenscht,Order 11038,resolved
CASE-00378,2002-11-08,Emma Bein,customer,Konditionen fuer Rahmenbestellung angefragt,Customer QEFYE,resolved
CASE-00379,2002-11-08,Steven Buchanan,employee,Datenexport aus OrderDesk stockt an WS-05,WS-05,resolved
CASE-00380,2002-11-26,Margaret Peacock,employee,Software-Update fuer WS-04 angefragt,WS-04,resolved
CASE-00381,2002-11-24,IT-Betrieb,employee,Zertifikat auf SRV-01 laeuft bald ab,SRV-01,resolved
CASE-00382,2002-12-17,Maria Anders,customer,Konditionen fuer Rahmenbestellung angefragt,Customer ALFKI,resolved
CASE-00383,2002-12-22,Giovanni Bein,customer,Frage zur Produktverfuegbarkeit,Customer HAQTM,resolved
CASE-00384,2002-12-23,Michael Goulet,customer,Rechnung zu Bestellung 11337 weicht ab,Order 11337,resolved
CASE-00385,2002-12-25,Robb Murphy,customer,Ruecksendung zu Bestellung 11355 beantragt,Order 11355,resolved
CASE-00386,2002-12-11,Nancy Davolio,employee,Drucker an WS-01 nicht erreichbar,WS-01,resolved
CASE-00387,2002-12-19,IT-Betrieb,employee,Backup auf SRV-01 pruefen,SRV-01,resolved
CASE-00388,2003-01-20,Pavel Merchant,customer,Konditionen fuer Rahmenbestellung angefragt,Customer SAWUR,resolved
CASE-00389,2003-01-03,Yoshi Wilson,customer,Reklamation zu Bestellung 11281,Order 11281,resolved
CASE-00390,2003-01-26,Elio Bein,customer,Neuanlage Lieferadresse gewuenscht,Customer FDCEW,resolved
CASE-00391,2003-01-15,Charlotte Ohno,customer,Frage zur Produktverfuegbarkeit,Customer CSYLN,in_progress
CASE-00392,2003-01-26,IT-Betrieb,employee,SRV-01 meldet vollen Log-Datentraeger,SRV-01,in_progress
CASE-00393,2003-01-19,Andrew Fuller,employee,Berechtigung fuer Reporting fehlt an WS-02,WS-02,resolved
CASE-00394,2003-02-12,Shelley Goulet,customer,Frage zur Produktverfuegbarkeit,Customer YCHNL,resolved
CASE-00395,2003-02-10,Guylene Rossi,customer,Reklamation zu Bestellung 10804,Order 10804,resolved
CASE-00396,2003-02-21,Guylene Goulet,customer,Konditionen fuer Rahmenbestellung angefragt,Customer TCJVQ,resolved
CASE-00397,2003-02-07,Anne Nolot,customer,Lieferstatus zu Bestellung 10999 unklar,Order 10999,resolved
CASE-00398,2003-02-06,Steven Buchanan,employee,Berechtigung fuer Reporting fehlt an WS-05,WS-05,resolved
CASE-00399,2003-02-04,Michael Suyama,employee,Datenexport aus OrderDesk stockt an WS-06,WS-06,resolved
CASE-00400,2003-03-21,Maria Anders,customer,Lieferstatus zu Bestellung 11436 unklar,Order 11436,resolved
CASE-00401,2003-03-04,Noah Diaz,customer,Konditionen fuer Rahmenbestellung angefragt,Customer SHRWN,resolved
CASE-00402,2003-03-28,Petra Heikkonen,customer,Frage zur Produktverfuegbarkeit,Customer ESKGK,resolved
CASE-00403,2003-03-08,Anne Nolot,customer,Liefertermin zu Bestellung 11167 anfragen,Order 11167,resolved
CASE-00404,2003-03-26,Michael Suyama,employee,Drucker an WS-06 nicht erreichbar,WS-06,resolved
CASE-00405,2003-03-27,IT-Betrieb,employee,SRV-01 meldet vollen Log-Datentraeger,SRV-01,resolved
CASE-00406,2003-03-27,Nancy Davolio,employee,Drucker an WS-01 nicht erreichbar,WS-01,resolved
CASE-00407,2003-04-25,Lena Luchini,customer,Reklamation zu Bestellung 10498,Order 10498,resolved
CASE-00408,2003-04-05,Petra Crespi,customer,Lieferstatus zu Bestellung 11184 unklar,Order 11184,resolved
CASE-00409,2003-04-19,Charlotte Fresnel,customer,Rechnung zu Bestellung 10915 weicht ab,Order 10915,resolved
CASE-00410,2003-04-02,Dirk Nagase,customer,Rechnung zu Bestellung 11100 weicht ab,Order 11100,resolved
CASE-00411,2003-04-21,Janet Leverling,employee,Software-Update fuer WS-03 angefragt,WS-03,resolved
CASE-00412,2003-04-24,Margaret Peacock,employee,Datenexport aus OrderDesk stockt an WS-04,WS-04,resolved
CASE-00413,2003-04-25,IT-Betrieb,employee,SRV-01 meldet vollen Log-Datentraeger,SRV-01,resolved
CASE-00414,2003-05-07,Dirk Petersen,customer,Lieferstatus zu Bestellung 11314 unklar,Order 11314,resolved
CASE-00415,2003-05-17,Charlotte Fresnel,customer,Lieferstatus zu Bestellung 11195 unklar,Order 11195,resolved
CASE-00416,2003-05-23,Chandra Heikkonen,customer,Reklamation zu Bestellung 10578,Order 10578,resolved
CASE-00417,2003-05-27,Marco Vileid,customer,Konditionen fuer Rahmenbestellung angefragt,Customer WBBZO,in_progress
CASE-00418,2003-05-10,IT-Betrieb,employee,Zertifikat auf SRV-01 laeuft bald ab,SRV-01,resolved
CASE-00419,2003-05-23,Steven Buchanan,employee,Datenexport aus OrderDesk stockt an WS-05,WS-05,resolved
CASE-00420,2003-05-16,Robert King,employee,OrderDesk-Login nach Passwortablauf gesperrt,WS-07,resolved
CASE-00421,2003-06-07,Maria Anders,customer,Reklamation zu Bestellung 11436,Order 11436,in_progress
CASE-00422,2003-06-08,Robb Petersen,customer,Liefertermin zu Bestellung 11367 anfragen,Order 11367,resolved
CASE-00423,2003-06-14,Eliane Damodaran,customer,Liefertermin zu Bestellung 11323 anfragen,Order 11323,resolved
CASE-00424,2003-06-26,Ian Damodaran,customer,Rechnung zu Bestellung 10687 weicht ab,Order 10687,resolved
CASE-00425,2003-06-24,IT-Betrieb,employee,Zertifikat auf SRV-01 laeuft bald ab,SRV-01,in_progress
CASE-00426,2003-06-11,IT-Betrieb,employee,Zertifikat auf SRV-01 laeuft bald ab,SRV-01,resolved
CASE-00427,2003-07-22,Chantal Bein,customer,Aenderung an offener Bestellung 11347 gewuenscht,Order 11347,resolved
CASE-00428,2003-07-23,Sven Petersen,customer,Angebot fuer Grossmenge angefragt,Customer DWIDV,resolved
CASE-00429,2003-07-07,Regina Ohno,customer,Rechnung zu Bestellung 11366 weicht ab,Order 11366,resolved
CASE-00430,2003-07-04,Michael Nolot,customer,Lieferstatus zu Bestellung 11099 unklar,Order 11099,resolved
CASE-00431,2003-07-22,Andrew Fuller,employee,Datenexport aus OrderDesk stockt an WS-02,WS-02,resolved
CASE-00432,2003-07-14,Margaret Peacock,employee,Drucker an WS-04 nicht erreichbar,WS-04,resolved
CASE-00433,2003-08-22,Marie Murphy,customer,Ruecksendung zu Bestellung 11383 beantragt,Order 11383,resolved
CASE-00434,2003-08-16,Lars Crespi,customer,Rechnung zu Bestellung 11186 weicht ab,Order 11186,resolved
CASE-00435,2003-08-19,Jonas Cooper,customer,Angebot fuer Grossmenge angefragt,Customer FMMRL,resolved
CASE-00436,2003-08-13,Martin Devling,customer,Aenderung an offener Bestellung 11365 gewuenscht,Order 11365,in_progress
CASE-00437,2003-08-19,Robert King,employee,Drucker an WS-07 nicht erreichbar,WS-07,resolved
CASE-00438,2003-08-03,Andrew Fuller,employee,Drucker an WS-02 nicht erreichbar,WS-02,resolved
CASE-00439,2003-09-26,Maria Anders,customer,Aenderung an offener Bestellung 11399 gewuenscht,Order 11399,resolved
CASE-00440,2003-09-28,Marco Goulet,customer,Rechnung zu Bestellung 11265 weicht ab,Order 11265,in_progress
CASE-00441,2003-09-28,Mayumi Heikkonen,customer,Frage zur Produktverfuegbarkeit,Customer TRYSX,resolved
CASE-00442,2003-09-07,Dirk Bertrand,customer,Liefertermin zu Bestellung 10784 anfragen,Order 10784,resolved
CASE-00443,2003-09-12,Margaret Peacock,employee,Drucker an WS-04 nicht erreichbar,WS-04,resolved
CASE-00444,2003-09-13,Janet Leverling,employee,Datenexport aus OrderDesk stockt an WS-03,WS-03,resolved
CASE-00445,2003-10-26,Anne Bertrand,customer,Reklamation zu Bestellung 11006,Order 11006,in_progress
CASE-00446,2003-10-19,Chandra Nolot,customer,Ruecksendung zu Bestellung 10513 beantragt,Order 10513,resolved
CASE-00447,2003-10-02,Giovanni Petersen,customer,Rechnung zu Bestellung 11398 weicht ab,Order 11398,resolved
CASE-00448,2003-10-13,Beate Nagase,customer,Konditionen fuer Rahmenbestellung angefragt,Customer KSFNV,resolved
CASE-00449,2003-10-17,IT-Betrieb,employee,SRV-01 meldet vollen Log-Datentraeger,SRV-01,resolved
CASE-00450,2003-10-07,Robert King,employee,OrderDesk-Login nach Passwortablauf gesperrt,WS-07,resolved
CASE-00451,2003-10-06,Steven Buchanan,employee,OrderDesk-Login nach Passwortablauf gesperrt,WS-05,resolved
CASE-00452,2003-10-11,Nancy Davolio,employee,OrderDesk-Login nach Passwortablauf gesperrt,WS-01,resolved
CASE-00453,2003-11-02,Jonas Heikkonen,customer,Frage zur Produktverfuegbarkeit,Customer AMPEQ,resolved
CASE-00454,2003-11-02,Jean Nagase,customer,Konditionen fuer Rahmenbestellung angefragt,Customer LBGIQ,resolved
CASE-00455,2003-11-02,Niels Schulz,customer,Liefertermin zu Bestellung 11201 anfragen,Order 11201,resolved
CASE-00456,2003-11-27,Marie Murphy,customer,Reklamation zu Bestellung 11383,Order 11383,in_progress
CASE-00457,2003-11-05,IT-Betrieb,employee,SRV-01 meldet vollen Log-Datentraeger,SRV-01,resolved
CASE-00458,2003-11-11,Andrew Fuller,employee,OrderDesk-Login nach Passwortablauf gesperrt,WS-02,resolved
CASE-00459,2003-11-08,Steven Buchanan,employee,Software-Update fuer WS-05 angefragt,WS-05,resolved
CASE-00460,2003-11-10,Margaret Peacock,employee,Drucker an WS-04 nicht erreichbar,WS-04,resolved
CASE-00461,2003-12-10,Maria Anders,customer,Frage zur Produktverfuegbarkeit,Customer ALFKI,resolved
CASE-00462,2003-12-09,Sofia Bein,customer,Ruecksendung zu Bestellung 10704 beantragt,Order 10704,resolved
CASE-00463,2003-12-11,Mayumi Nagase,customer,Reklamation zu Bestellung 11542,Order 11542,resolved
CASE-00464,2003-12-13,Peter Goulet,customer,Angebot fuer Grossmenge angefragt,Customer IJIGR,resolved
CASE-00465,2003-12-09,Robert King,employee,Software-Update fuer WS-07 angefragt,WS-07,resolved
CASE-00466,2003-12-04,Janet Leverling,employee,Arbeitsplatz WS-03 braucht OrderDesk-Zugriff,WS-03,resolved
CASE-00467,2003-12-12,Nancy Davolio,employee,OrderDesk-Login nach Passwortablauf gesperrt,WS-01,resolved
CASE-00468,2004-01-26,Elio Nagase,customer,Aenderung an offener Bestellung 11267 gewuenscht,Order 11267,resolved
CASE-00469,2004-01-21,Michael Luchini,customer,Liefertermin zu Bestellung 11593 anfragen,Order 11593,resolved
CASE-00470,2004-01-15,Lena Petersen,customer,Angebot fuer Grossmenge angefragt,Customer KFOGD,resolved
CASE-00471,2004-01-02,Jonas Luchini,customer,Neuanlage Lieferadresse gewuenscht,Customer FLETF,resolved
CASE-00472,2004-01-16,Janet Leverling,employee,OrderDesk-Login nach Passwortablauf gesperrt,WS-03,resolved
CASE-00473,2004-01-28,Laura Callahan,employee,OrderDesk-Login nach Passwortablauf gesperrt,WS-08,in_progress
CASE-00474,2004-01-15,Robert King,employee,Arbeitsplatz WS-07 braucht OrderDesk-Zugriff,WS-07,resolved
CASE-00475,2004-02-12,Pavel Murphy,customer,Konditionen fuer Rahmenbestellung angefragt,Customer UIHOS,resolved
CASE-00476,2004-02-04,Martin Devling,customer,Lieferstatus zu Bestellung 11365 unklar,Order 11365,resolved
CASE-00477,2004-02-28,Antonio Diaz,customer,Rechnung zu Bestellung 10348 weicht ab,Order 10348,resolved
CASE-00478,2004-02-02,Petra Crespi,customer,Liefertermin zu Bestellung 10949 anfragen,Order 10949,resolved
CASE-00479,2004-02-12,Steven Buchanan,employee,OrderDesk-Login nach Passwortablauf gesperrt,WS-05,resolved
CASE-00480,2004-02-04,IT-Betrieb,employee,Zertifikat auf SRV-01 laeuft bald ab,SRV-01,resolved
CASE-00481,2004-03-13,Maria Anders,customer,Lieferstatus zu Bestellung 11577 unklar,Order 11577,resolved
CASE-00482,2004-03-09,Beate Mendoza,customer,Reklamation zu Bestellung 11627,Order 11627,resolved
CASE-00483,2004-03-01,Niels Bein,customer,Lieferstatus zu Bestellung 10468 unklar,Order 10468,resolved
CASE-00484,2004-03-26,Jonas Peterson,customer,Rechnung zu Bestellung 11431 weicht ab,Order 11431,resolved
CASE-00485,2004-03-12,IT-Betrieb,employee,SRV-01 meldet vollen Log-Datentraeger,SRV-01,resolved
CASE-00486,2004-03-19,Robert King,employee,Software-Update fuer WS-07 angefragt,WS-07,resolved
CASE-00487,2004-03-18,Steven Buchanan,employee,OrderDesk-Login nach Passwortablauf gesperrt,WS-05,resolved
CASE-00488,2004-03-11,Robert King,employee,Arbeitsplatz WS-07 braucht OrderDesk-Zugriff,WS-07,resolved
CASE-00489,2004-04-13,Peter Devling,customer,Konditionen fuer Rahmenbestellung angefragt,Customer FWHII,resolved
CASE-00490,2004-04-23,Marie Bein,customer,Ruecksendung zu Bestellung 11642 beantragt,Order 11642,resolved
CASE-00491,2004-04-18,Chandra Heikkonen,customer,Lieferstatus zu Bestellung 11274 unklar,Order 11274,resolved
CASE-00492,2004-04-14,Petra Crespi,customer,Liefertermin zu Bestellung 11455 anfragen,Order 11455,resolved
CASE-00493,2004-04-04,Nancy Davolio,employee,Software-Update fuer WS-01 angefragt,WS-01,resolved
CASE-00494,2004-04-06,IT-Betrieb,employee,SRV-01 meldet vollen Log-Datentraeger,SRV-01,resolved
CASE-00495,2004-04-01,Anne Dodsworth,employee,Berechtigung fuer Reporting fehlt an WS-09,WS-09,resolved
CASE-00496,2004-04-01,Anne Dodsworth,employee,Berechtigung fuer Reporting fehlt an WS-09,WS-09,resolved
CASE-00497,2004-05-15,Giovanni Bein,customer,Frage zur Produktverfuegbarkeit,Customer HAQTM,resolved
CASE-00498,2004-05-25,Anne Murphy,customer,Rechnung zu Bestellung 11054 weicht ab,Order 11054,new
CASE-00499,2004-05-13,Noah Weber,customer,Aenderung an offener Bestellung 11637 gewuenscht,Order 11637,resolved
CASE-00500,2004-05-10,Marco Winkler,customer,Neuanlage Lieferadresse gewuenscht,Customer RPWJE,resolved
CASE-00501,2004-05-13,Margaret Peacock,employee,Drucker an WS-04 nicht erreichbar,WS-04,resolved
CASE-00502,2004-05-13,Anne Dodsworth,employee,Software-Update fuer WS-09 angefragt,WS-09,resolved
CASE-00503,2004-05-11,Andrew Fuller,employee,Drucker an WS-02 nicht erreichbar,WS-02,resolved
CASE-00504,2004-06-05,Maria Anders,customer,Angebot fuer Grossmenge angefragt,Customer ALFKI,resolved
CASE-00505,2004-06-17,Michael Rossi,customer,Angebot fuer Grossmenge angefragt,Customer THSQN,resolved
CASE-00506,2004-06-12,Regina Burke,customer,Rechnung zu Bestellung 10759 weicht ab,Order 10759,resolved
CASE-00507,2004-06-15,Regina Merchant,customer,Ruecksendung zu Bestellung 11545 beantragt,Order 11545,resolved
CASE-00508,2004-06-17,Anne Dodsworth,employee,Drucker an WS-09 nicht erreichbar,WS-09,resolved
CASE-00509,2004-06-17,Steven Buchanan,employee,Drucker an WS-05 nicht erreichbar,WS-05,resolved
CASE-00510,2004-07-28,Noah Nodier,customer,Frage zur Produktverfuegbarkeit,Customer QVYOW,resolved
CASE-00511,2004-07-25,Dirk Bein,customer,Neuanlage Lieferadresse gewuenscht,Customer JMUPQ,resolved
CASE-00512,2004-07-24,Charlotte Wilson,customer,Frage zur Produktverfuegbarkeit,Customer MNXAG,in_progress
CASE-00513,2004-07-21,Elio Bein,customer,Ruecksendung zu Bestellung 11631 beantragt,Order 11631,resolved
CASE-00514,2004-07-12,IT-Betrieb,employee,Backup auf SRV-01 pruefen,SRV-01,resolved
CASE-00515,2004-07-13,IT-Betrieb,employee,Dienst-Neustart auf SRV-01 noetig,SRV-01,resolved
CASE-00516,2004-07-28,Steven Buchanan,employee,OrderDesk-Login nach Passwortablauf gesperrt,WS-05,resolved
CASE-00517,2004-08-26,Giovanni Petersen,customer,Rechnung zu Bestellung 11635 weicht ab,Order 11635,resolved
CASE-00518,2004-08-02,Giovanni Petersen,customer,Angebot fuer Grossmenge angefragt,Customer MYWSA,new
CASE-00519,2004-08-08,Robb Murphy,customer,Ruecksendung zu Bestellung 10508 beantragt,Order 10508,resolved
CASE-00520,2004-08-09,Charlotte Ohno,customer,Rechnung zu Bestellung 11532 weicht ab,Order 11532,resolved
CASE-00521,2004-08-12,IT-Betrieb,employee,Backup auf SRV-01 pruefen,SRV-01,in_progress
CASE-00522,2004-08-11,IT-Betrieb,employee,Dienst-Neustart auf SRV-01 noetig,SRV-01,resolved
CASE-00523,2004-08-28,Michael Suyama,employee,Drucker an WS-06 nicht erreichbar,WS-06,resolved
CASE-00524,2004-08-10,Steven Buchanan,employee,Drucker an WS-05 nicht erreichbar,WS-05,resolved
CASE-00525,2004-09-20,Maria Anders,customer,Aenderung an offener Bestellung 11548 gewuenscht,Order 11548,resolved
CASE-00526,2004-09-11,Anne Bertrand,customer,Rechnung zu Bestellung 11062 weicht ab,Order 11062,resolved
CASE-00527,2004-09-20,Niels Merchant,customer,Neuanlage Lieferadresse gewuenscht,Customer WSEBX,in_progress
CASE-00528,2004-09-05,Elio Cooper,customer,Frage zur Produktverfuegbarkeit,Customer BAQLL,resolved
CASE-00529,2004-09-10,Anne Dodsworth,employee,Arbeitsplatz WS-09 braucht OrderDesk-Zugriff,WS-09,resolved
CASE-00530,2004-09-07,Nancy Davolio,employee,Datenexport aus OrderDesk stockt an WS-01,WS-01,resolved
CASE-00531,2004-09-09,Janet Leverling,employee,Arbeitsplatz WS-03 braucht OrderDesk-Zugriff,WS-03,resolved
CASE-00532,2004-10-23,Marco Damodaran,customer,Rechnung zu Bestellung 11665 weicht ab,Order 11665,resolved
CASE-00533,2004-10-15,Sven del Valle,customer,Konditionen fuer Rahmenbestellung angefragt,Customer ZTSVE,resolved
CASE-00534,2004-10-10,Eliane Damodaran,customer,Ruecksendung zu Bestellung 11356 beantragt,Order 11356,resolved
CASE-00535,2004-10-23,Lena Petersen,customer,Konditionen fuer Rahmenbestellung angefragt,Customer KFOGD,resolved
CASE-00536,2004-10-12,Michael Suyama,employee,OrderDesk-Login nach Passwortablauf gesperrt,WS-06,new
CASE-00537,2004-10-11,Steven Buchanan,employee,Drucker an WS-05 nicht erreichbar,WS-05,new
CASE-00538,2004-10-07,Michael Suyama,employee,Drucker an WS-06 nicht erreichbar,WS-06,resolved
CASE-00539,2004-11-19,Jean Crespi,customer,Reklamation zu Bestellung 11311,Order 11311,resolved
CASE-00540,2004-11-21,Yoshi Petersen,customer,Angebot fuer Grossmenge angefragt,Customer ZPMLW,resolved
CASE-00541,2004-11-28,Chantal Amsel,customer,Konditionen fuer Rahmenbestellung angefragt,Customer XKTZQ,resolved
CASE-00542,2004-11-14,Niels Rossi,customer,Neuanlage Lieferadresse gewuenscht,Customer JXNIV,resolved
CASE-00543,2004-11-23,Margaret Peacock,employee,Software-Update fuer WS-04 angefragt,WS-04,resolved
CASE-00544,2004-11-27,IT-Betrieb,employee,Zertifikat auf SRV-01 laeuft bald ab,SRV-01,resolved
CASE-00545,2004-11-19,IT-Betrieb,employee,Dienst-Neustart auf SRV-01 noetig,SRV-01,new
CASE-00546,2004-11-07,Laura Callahan,employee,OrderDesk-Login nach Passwortablauf gesperrt,WS-08,resolved
CASE-00547,2004-12-26,Maria Anders,customer,Liefertermin zu Bestellung 11548 anfragen,Order 11548,resolved
CASE-00548,2004-12-20,Sven Ohno,customer,Lieferstatus zu Bestellung 11135 unklar,Order 11135,resolved
CASE-00549,2004-12-17,Petra Crespi,customer,Lieferstatus zu Bestellung 11287 unklar,Order 11287,in_progress
CASE-00550,2004-12-17,Charlotte Wilson,customer,Konditionen fuer Rahmenbestellung angefragt,Customer MNXAG,in_progress
CASE-00551,2004-12-22,Janet Leverling,employee,Arbeitsplatz WS-03 braucht OrderDesk-Zugriff,WS-03,resolved
CASE-00552,2004-12-23,Nancy Davolio,employee,Drucker an WS-01 nicht erreichbar,WS-01,resolved
CASE-00553,2005-01-15,Niels Devling,customer,Liefertermin zu Bestellung 10732 anfragen,Order 10732,resolved
CASE-00554,2005-01-17,Carlos Ohno,customer,Liefertermin zu Bestellung 10731 anfragen,Order 10731,resolved
CASE-00555,2005-01-13,Chantal Amsel,customer,Lieferstatus zu Bestellung 10839 unklar,Order 10839,resolved
CASE-00556,2005-01-22,Noah Weber,customer,Konditionen fuer Rahmenbestellung angefragt,Customer UAXMI,resolved
CASE-00557,2005-01-01,Michael Mendoza,employee,Arbeitsplatz WS-10 braucht OrderDesk-Zugriff,WS-10,resolved
CASE-00558,2005-01-19,IT-Betrieb,employee,Dienst-Neustart auf SRV-01 noetig,SRV-01,resolved
CASE-00559,2005-02-01,Michael Nolot,customer,Reklamation zu Bestellung 11730,Order 11730,resolved
CASE-00560,2005-02-15,Pavel Merchant,customer,Konditionen fuer Rahmenbestellung angefragt,Customer SAWUR,resolved
CASE-00561,2005-02-03,Cheryl Brandt,customer,Konditionen fuer Rahmenbestellung angefragt,Customer QNFGQ,new
CASE-00562,2005-02-20,Mayumi Nagase,customer,Aenderung an offener Bestellung 11686 gewuenscht,Order 11686,resolved
CASE-00563,2005-02-24,IT-Betrieb,employee,Dienst-Neustart auf SRV-01 noetig,SRV-01,in_progress
CASE-00564,2005-02-18,IT-Betrieb,employee,Dienst-Neustart auf SRV-01 noetig,SRV-01,resolved
CASE-00565,2005-02-15,IT-Betrieb,employee,SRV-01 meldet vollen Log-Datentraeger,SRV-01,resolved
CASE-00566,2005-02-10,Laura Callahan,employee,Software-Update fuer WS-08 angefragt,WS-08,resolved
CASE-00567,2005-03-16,Maria Anders,customer,Lieferstatus zu Bestellung 11577 unklar,Order 11577,resolved
CASE-00568,2005-03-08,Elio Heikkonen,customer,Ruecksendung zu Bestellung 11670 beantragt,Order 11670,resolved
CASE-00569,2005-03-21,Antonio Petersen,customer,Lieferstatus zu Bestellung 11388 unklar,Order 11388,resolved
CASE-00570,2005-03-05,Dirk Nagase,customer,Konditionen fuer Rahmenbestellung angefragt,Customer WZZOG,resolved
CASE-00571,2005-03-14,Janet Leverling,employee,Arbeitsplatz WS-03 braucht OrderDesk-Zugriff,WS-03,resolved
CASE-00572,2005-03-16,Steven Buchanan,employee,Berechtigung fuer Reporting fehlt an WS-05,WS-05,in_progress
CASE-00573,2005-04-27,Jonas Nolot,customer,Lieferstatus zu Bestellung 10595 unklar,Order 10595,resolved
CASE-00574,2005-04-28,Mayumi Nagase,customer,Neuanlage Lieferadresse gewuenscht,Customer KZCRH,resolved
CASE-00575,2005-04-24,Niels Merchant,customer,Rechnung zu Bestellung 10714 weicht ab,Order 10714,resolved
CASE-00576,2005-04-08,Jean Crespi,customer,Frage zur Produktverfuegbarkeit,Customer AEQYP,resolved
CASE-00577,2005-04-04,Petra Cooper,employee,OrderDesk-Login nach Passwortablauf gesperrt,WS-11,resolved
CASE-00578,2005-04-01,IT-Betrieb,employee,Zertifikat auf SRV-01 laeuft bald ab,SRV-01,resolved
CASE-00579,2005-04-14,IT-Betrieb,employee,Dienst-Neustart auf SRV-01 noetig,SRV-01,resolved
CASE-00580,2005-04-17,Anne Dodsworth,employee,Software-Update fuer WS-09 angefragt,WS-09,resolved
CASE-00581,2005-05-16,Peter Goulet,customer,Ruecksendung zu Bestellung 11807 beantragt,Order 11807,in_progress
CASE-00582,2005-05-05,Jonas Weber,customer,Angebot fuer Grossmenge angefragt,Customer AOGJM,resolved
CASE-00583,2005-05-03,Niels Vileid,customer,Frage zur Produktverfuegbarkeit,Customer BTOQD,resolved
CASE-00584,2005-05-01,Beate Mendoza,customer,Frage zur Produktverfuegbarkeit,Customer RNTHV,resolved
CASE-00585,2005-05-25,Laura Callahan,employee,Arbeitsplatz WS-08 braucht OrderDesk-Zugriff,WS-08,resolved
CASE-00586,2005-05-06,Margaret Peacock,employee,Berechtigung fuer Reporting fehlt an WS-04,WS-04,resolved
CASE-00587,2005-06-02,Maria Anders,customer,Reklamation zu Bestellung 11659,Order 11659,resolved
CASE-00588,2005-06-24,Regina Winkler,customer,Reklamation zu Bestellung 11792,Order 11792,resolved
CASE-00589,2005-06-06,Noah Rossi,customer,Angebot fuer Grossmenge angefragt,Customer OUXAV,resolved
CASE-00590,2005-06-17,Shelley Weber,customer,Lieferstatus zu Bestellung 11264 unklar,Order 11264,resolved
CASE-00591,2005-06-20,Steven Buchanan,employee,Software-Update fuer WS-05 angefragt,WS-05,resolved
CASE-00592,2005-06-19,Anne Dodsworth,employee,Datenexport aus OrderDesk stockt an WS-09,WS-09,resolved
CASE-00593,2005-07-01,Dirk Merchant,customer,Lieferstatus zu Bestellung 11713 unklar,Order 11713,new
CASE-00594,2005-07-12,Antonio Diaz,customer,Konditionen fuer Rahmenbestellung angefragt,Customer HIVZZ,resolved
CASE-00595,2005-07-23,Jean Nagase,customer,Aenderung an offener Bestellung 11620 gewuenscht,Order 11620,resolved
CASE-00596,2005-07-10,Shelley Goulet,customer,Ruecksendung zu Bestellung 11727 beantragt,Order 11727,resolved
CASE-00597,2005-07-09,Anne Dodsworth,employee,Datenexport aus OrderDesk stockt an WS-09,WS-09,resolved
CASE-00598,2005-07-10,IT-Betrieb,employee,Backup auf SRV-01 pruefen,SRV-01,resolved
CASE-00599,2005-07-21,Michael Suyama,employee,Arbeitsplatz WS-06 braucht OrderDesk-Zugriff,WS-06,resolved
CASE-00600,2005-08-22,Noah Diaz,customer,Frage zur Produktverfuegbarkeit,Customer SHRWN,resolved
CASE-00601,2005-08-08,Petra Crespi,customer,Liefertermin zu Bestellung 10434 anfragen,Order 10434,resolved
CASE-00602,2005-08-01,Martin Petersen,customer,Aenderung an offener Bestellung 11313 gewuenscht,Order 11313,resolved
CASE-00603,2005-08-09,Regina Ohno,customer,Rechnung zu Bestellung 11629 weicht ab,Order 11629,resolved
CASE-00604,2005-08-10,IT-Betrieb,employee,Backup auf SRV-01 pruefen,SRV-01,resolved
CASE-00605,2005-08-24,IT-Betrieb,employee,Dienst-Neustart auf SRV-01 noetig,SRV-01,resolved
CASE-00606,2005-08-03,Laura Callahan,employee,Datenexport aus OrderDesk stockt an WS-08,WS-08,in_progress
CASE-00607,2005-09-06,Maria Anders,customer,Liefertermin zu Bestellung 11706 anfragen,Order 11706,in_progress
CASE-00608,2005-09-27,Niels Bein,customer,Angebot fuer Grossmenge angefragt,Customer VLLAI,resolved
CASE-00609,2005-09-13,Katrin Cooper,customer,Konditionen fuer Rahmenbestellung angefragt,Customer GVNBB,resolved
CASE-00610,2005-09-13,Carlos Vileid,customer,Reklamation zu Bestellung 10612,Order 10612,resolved
CASE-00611,2005-09-11,Nancy Davolio,employee,Drucker an WS-01 nicht erreichbar,WS-01,resolved
CASE-00612,2005-09-20,Andrew Fuller,employee,Drucker an WS-02 nicht erreichbar,WS-02,resolved
CASE-00613,2005-10-22,Carlos Schulz,customer,Rechnung zu Bestellung 10936 weicht ab,Order 10936,resolved
CASE-00614,2005-10-13,Niels Merchant,customer,Lieferstatus zu Bestellung 10456 unklar,Order 10456,new
CASE-00615,2005-10-24,Lena Luchini,customer,Rechnung zu Bestellung 10596 weicht ab,Order 10596,resolved
CASE-00616,2005-10-07,Niels Burke,customer,Reklamation zu Bestellung 11104,Order 11104,resolved
CASE-00617,2005-10-18,IT-Betrieb,employee,Backup auf SRV-01 pruefen,SRV-01,resolved
CASE-00618,2005-10-03,Janet Leverling,employee,Datenexport aus OrderDesk stockt an WS-03,WS-03,resolved
CASE-00619,2005-10-13,Petra Cooper,employee,Software-Update fuer WS-11 angefragt,WS-11,resolved
CASE-00620,2005-11-20,Michael Nolot,customer,Lieferstatus zu Bestellung 10799 unklar,Order 10799,resolved
CASE-00621,2005-11-25,Pavel Crespi,customer,Lieferstatus zu Bestellung 11803 unklar,Order 11803,resolved
CASE-00622,2005-11-11,Guylene Vileid,customer,Angebot fuer Grossmenge angefragt,Customer HIEWN,resolved
CASE-00623,2005-11-20,Michael Petersen,customer,Ruecksendung zu Bestellung 11677 beantragt,Order 11677,resolved
CASE-00624,2005-11-28,Nancy Davolio,employee,OrderDesk-Login nach Passwortablauf gesperrt,WS-01,resolved
CASE-00625,2005-11-26,Anne Dodsworth,employee,Arbeitsplatz WS-09 braucht OrderDesk-Zugriff,WS-09,resolved
CASE-00626,2005-11-02,Janet Leverling,employee,Software-Update fuer WS-03 angefragt,WS-03,resolved
CASE-00627,2005-12-05,Maria Anders,customer,Aenderung an offener Bestellung 11691 gewuenscht,Order 11691,resolved
CASE-00628,2005-12-28,Beate Weber,customer,Ruecksendung zu Bestellung 11760 beantragt,Order 11760,resolved
CASE-00629,2005-12-22,Jonas Heikkonen,customer,Aenderung an offener Bestellung 10789 gewuenscht,Order 10789,resolved
CASE-00630,2005-12-28,Elio Nagase,customer,Konditionen fuer Rahmenbestellung angefragt,Customer JEYCD,resolved
CASE-00631,2005-12-04,Nancy Davolio,employee,Drucker an WS-01 nicht erreichbar,WS-01,resolved
CASE-00632,2005-12-22,IT-Betrieb,employee,Dienst-Neustart auf SRV-01 noetig,SRV-01,resolved
CASE-00633,2006-01-24,Jean Nagase,customer,Neuanlage Lieferadresse gewuenscht,Customer LBGIQ,new
CASE-00634,2006-01-01,Pavel Peterson,customer,Liefertermin zu Bestellung 11692 anfragen,Order 11692,resolved
CASE-00635,2006-01-23,Guylene Rossi,customer,Angebot fuer Grossmenge angefragt,Customer YLWKF,resolved
CASE-00636,2006-01-13,Petra Bein,customer,Aenderung an offener Bestellung 11094 gewuenscht,Order 11094,resolved
CASE-00637,2006-01-20,IT-Betrieb,employee,Backup auf SRV-01 pruefen,SRV-01,resolved
CASE-00638,2006-01-03,IT-Betrieb,employee,Dienst-Neustart auf SRV-01 noetig,SRV-01,resolved
CASE-00639,2006-02-12,Guylene Goulet,customer,Aenderung an offener Bestellung 11226 gewuenscht,Order 11226,resolved
CASE-00640,2006-02-13,Petra Bein,customer,Reklamation zu Bestellung 11697,Order 11697,resolved
CASE-00641,2006-02-27,Sofia Bein,customer,Liefertermin zu Bestellung 11537 anfragen,Order 11537,resolved
CASE-00642,2006-02-23,Ian Nolot,customer,Angebot fuer Grossmenge angefragt,Customer EOAED,resolved
CASE-00643,2006-02-05,IT-Betrieb,employee,Dienst-Neustart auf SRV-01 noetig,SRV-01,resolved
CASE-00644,2006-02-10,Beate Peterson,employee,Software-Update fuer WS-12 angefragt,WS-12,resolved
CASE-00645,2006-03-21,Maria Anders,customer,Konditionen fuer Rahmenbestellung angefragt,Customer ALFKI,in_progress
CASE-00646,2006-03-27,Anne Saveley,customer,Konditionen fuer Rahmenbestellung angefragt,Customer JYAMY,resolved
CASE-00647,2006-03-15,Pavel Murphy,customer,Neuanlage Lieferadresse gewuenscht,Customer BOGAS,resolved
CASE-00648,2006-03-26,Jonas Nolot,customer,Rechnung zu Bestellung 10679 weicht ab,Order 10679,resolved
CASE-00649,2006-03-06,IT-Betrieb,employee,Zertifikat auf SRV-01 laeuft bald ab,SRV-01,resolved
CASE-00650,2006-03-23,Michael Suyama,employee,OrderDesk-Login nach Passwortablauf gesperrt,WS-06,resolved
CASE-00651,2006-03-16,IT-Betrieb,employee,Backup auf SRV-01 pruefen,SRV-01,resolved
CASE-00652,2006-04-09,Jonas Nolot,customer,Ruecksendung zu Bestellung 11420 beantragt,Order 11420,in_progress
CASE-00653,2006-04-24,Dirk Saveley,customer,Konditionen fuer Rahmenbestellung angefragt,Customer GNWWW,resolved
CASE-00654,2006-04-25,Lena Mendoza,customer,Aenderung an offener Bestellung 11297 gewuenscht,Order 11297,resolved
CASE-00655,2006-04-07,Chantal Bein,customer,Aenderung an offener Bestellung 11456 gewuenscht,Order 11456,resolved
CASE-00656,2006-04-27,Michael Mendoza,employee,Software-Update fuer WS-10 angefragt,WS-10,resolved
CASE-00657,2006-04-07,Andrew Fuller,employee,Arbeitsplatz WS-02 braucht OrderDesk-Zugriff,WS-02,resolved
CASE-00658,2006-04-07,Michael Suyama,employee,Datenexport aus OrderDesk stockt an WS-06,WS-06,resolved
CASE-00659,2006-05-01,Elio Mendoza,customer,Aenderung an offener Bestellung 11893 gewuenscht,Order 11893,resolved
CASE-00660,2006-05-09,Cheryl Weber,customer,Lieferstatus zu Bestellung 11679 unklar,Order 11679,resolved
CASE-00661,2006-05-19,Martin Bein,customer,Aenderung an offener Bestellung 11477 gewuenscht,Order 11477,resolved
CASE-00662,2006-05-24,Wendy Heikkonen,customer,Neuanlage Lieferadresse gewuenscht,Customer RTSEZ,in_progress
CASE-00663,2006-05-24,IT-Betrieb,employee,Backup auf SRV-01 pruefen,SRV-01,resolved
CASE-00664,2006-05-20,Michael Mendoza,employee,Datenexport aus OrderDesk stockt an WS-10,WS-10,in_progress
CASE-00665,2006-06-13,Maria Anders,customer,Aenderung an offener Bestellung 11822 gewuenscht,Order 11822,resolved
CASE-00666,2006-06-02,Lars Saveley,customer,Konditionen fuer Rahmenbestellung angefragt,Customer KHKRV,resolved
CASE-00667,2006-06-18,Regina Nolot,customer,Angebot fuer Grossmenge angefragt,Customer ETXRP,in_progress
CASE-00668,2006-06-05,Chandra Luchini,customer,Aenderung an offener Bestellung 11562 gewuenscht,Order 11562,resolved
CASE-00669,2006-06-15,Anne Dodsworth,employee,Drucker an WS-09 nicht erreichbar,WS-09,in_progress
CASE-00670,2006-06-12,Laura Callahan,employee,Software-Update fuer WS-08 angefragt,WS-08,in_progress
CASE-00671,2006-06-25,Robert King,employee,Datenexport aus OrderDesk stockt an WS-07,WS-07,resolved
CASE-00672,2006-06-23,Petra Cooper,employee,OrderDesk-Login nach Passwortablauf gesperrt,WS-11,new
CASE-00673,2006-07-18,Michael Nolot,customer,Ruecksendung zu Bestellung 11296 beantragt,Order 11296,resolved
CASE-00674,2006-07-10,Charlotte Wilson,customer,Angebot fuer Grossmenge angefragt,Customer MNXAG,resolved
CASE-00675,2006-07-23,Noah Weber,customer,Aenderung an offener Bestellung 10897 gewuenscht,Order 10897,resolved
CASE-00676,2006-07-06,Dirk Saveley,customer,Angebot fuer Grossmenge angefragt,Customer GNWWW,resolved
CASE-00677,2006-07-20,IT-Betrieb,employee,Zertifikat auf SRV-01 laeuft bald ab,SRV-01,resolved
CASE-00678,2006-07-09,Robert King,employee,Software-Update fuer WS-07 angefragt,WS-07,resolved
CASE-00679,2006-08-25,Elio del Valle,customer,Aenderung an offener Bestellung 10527 gewuenscht,Order 10527,resolved
CASE-00680,2006-08-09,Regina Burke,customer,Angebot fuer Grossmenge angefragt,Customer INWFA,resolved
CASE-00681,2006-08-16,Elio Petersen,customer,Angebot fuer Grossmenge angefragt,Customer CCCHN,resolved
CASE-00682,2006-08-05,Robb Nodier,customer,Rechnung zu Bestellung 11685 weicht ab,Order 11685,resolved
CASE-00683,2006-08-19,IT-Betrieb,employee,Dienst-Neustart auf SRV-01 noetig,SRV-01,resolved
CASE-00684,2006-08-27,Nancy Davolio,employee,Arbeitsplatz WS-01 braucht OrderDesk-Zugriff,WS-01,resolved
CASE-00685,2006-08-08,IT-Betrieb,employee,SRV-01 meldet vollen Log-Datentraeger,SRV-01,resolved
CASE-00686,2006-09-15,Maria Anders,customer,Aenderung an offener Bestellung 11852 gewuenscht,Order 11852,resolved
CASE-00687,2006-09-10,Jean Murphy,customer,Neuanlage Lieferadresse gewuenscht,Customer PWAVD,resolved
CASE-00688,2006-09-03,Charlotte Cooper,customer,Aenderung an offener Bestellung 10873 gewuenscht,Order 10873,resolved
CASE-00689,2006-09-09,Peter Goulet,customer,Angebot fuer Grossmenge angefragt,Customer IJIGR,resolved
CASE-00690,2006-09-21,Nancy Davolio,employee,Software-Update fuer WS-01 angefragt,WS-01,new
CASE-00691,2006-09-03,Anne Dodsworth,employee,Software-Update fuer WS-09 angefragt,WS-09,resolved
CASE-00692,2006-09-27,IT-Betrieb,employee,Zertifikat auf SRV-01 laeuft bald ab,SRV-01,resolved
CASE-00693,2006-10-06,Mayumi Peterson,customer,Reklamation zu Bestellung 11286,Order 11286,resolved
CASE-00694,2006-10-05,Mayumi Fresnel,customer,Aenderung an offener Bestellung 11861 gewuenscht,Order 11861,resolved
CASE-00695,2006-10-21,Marie Petersen,customer,Liefertermin zu Bestellung 10951 anfragen,Order 10951,new
CASE-00696,2006-10-02,Marco Luchini,customer,Liefertermin zu Bestellung 10478 anfragen,Order 10478,resolved
CASE-00697,2006-10-03,IT-Betrieb,employee,Backup auf SRV-01 pruefen,SRV-01,in_progress
CASE-00698,2006-10-25,Margaret Peacock,employee,Drucker an WS-04 nicht erreichbar,WS-04,resolved
CASE-00699,2006-11-02,Ian del Valle,customer,Reklamation zu Bestellung 10558,Order 10558,resolved
CASE-00700,2006-11-13,Guylene del Valle,customer,Rechnung zu Bestellung 10765 weicht ab,Order 10765,resolved
CASE-00701,2006-11-23,Anne Bein,customer,Liefertermin zu Bestellung 11588 anfragen,Order 11588,new
CASE-00702,2006-11-27,Michael Luchini,customer,Ruecksendung zu Bestellung 11002 beantragt,Order 11002,resolved
CASE-00703,2006-11-01,Nancy Davolio,employee,Drucker an WS-01 nicht erreichbar,WS-01,resolved
CASE-00704,2006-11-18,Michael Suyama,employee,OrderDesk-Login nach Passwortablauf gesperrt,WS-06,resolved
CASE-00705,2006-12-14,Maria Anders,customer,Aenderung an offener Bestellung 12021 gewuenscht,Order 12021,resolved
CASE-00706,2006-12-03,Lena Mendoza,customer,Frage zur Produktverfuegbarkeit,Customer EIMER,resolved
CASE-00707,2006-12-10,Petra Petersen,customer,Neuanlage Lieferadresse gewuenscht,Customer CKKWE,resolved
CASE-00708,2006-12-01,Eliane Cooper,customer,Reklamation zu Bestellung 11855,Order 11855,resolved
CASE-00709,2006-12-06,IT-Betrieb,employee,Backup auf SRV-01 pruefen,SRV-01,resolved
CASE-00710,2006-12-01,IT-Betrieb,employee,Dienst-Neustart auf SRV-01 noetig,SRV-01,resolved
CASE-00711,2007-01-10,Pavel Nagase,customer,Angebot fuer Grossmenge angefragt,Customer VTJBP,resolved
CASE-00712,2007-01-27,Jean Murphy,customer,Frage zur Produktverfuegbarkeit,Customer PWAVD,resolved
CASE-00713,2007-01-19,Antonio Luchini,customer,Frage zur Produktverfuegbarkeit,Customer OMVCV,resolved
CASE-00714,2007-01-06,Noah Amsel,customer,Ruecksendung zu Bestellung 11941 beantragt,Order 11941,resolved
CASE-00715,2007-01-06,Noah Damodaran,employee,OrderDesk-Login nach Passwortablauf gesperrt,WS-13,resolved
CASE-00716,2007-01-21,Petra Cooper,employee,OrderDesk-Login nach Passwortablauf gesperrt,WS-11,resolved
CASE-00717,2007-01-09,IT-Betrieb,employee,SRV-01 meldet vollen Log-Datentraeger,SRV-01,resolved
CASE-00718,2007-02-21,Ian Nolot,customer,Neuanlage Lieferadresse gewuenscht,Customer EOAED,resolved
CASE-00719,2007-02-25,Michael Saveley,customer,Neuanlage Lieferadresse gewuenscht,Customer DIJBL,resolved
CASE-00720,2007-02-04,Jean del Valle,customer,Reklamation zu Bestellung 10626,Order 10626,resolved
CASE-00721,2007-02-10,Dirk Bein,customer,Angebot fuer Grossmenge angefragt,Customer YNUTD,resolved
CASE-00722,2007-02-21,Nancy Davolio,employee,OrderDesk-Login nach Passwortablauf gesperrt,WS-01,resolved
CASE-00723,2007-02-07,Robert King,employee,Berechtigung fuer Reporting fehlt an WS-07,WS-07,resolved
CASE-00724,2007-02-08,Laura Callahan,employee,Arbeitsplatz WS-08 braucht OrderDesk-Zugriff,WS-08,resolved
CASE-00725,2007-03-09,Maria Anders,customer,Lieferstatus zu Bestellung 12021 unklar,Order 12021,resolved
CASE-00726,2007-03-27,Elio Petersen,customer,Frage zur Produktverfuegbarkeit,Customer CCCHN,resolved
CASE-00727,2007-03-16,Shelley Bertrand,customer,Reklamation zu Bestellung 11827,Order 11827,resolved
CASE-00728,2007-03-12,Mayumi Fresnel,customer,Rechnung zu Bestellung 12024 weicht ab,Order 12024,resolved
CASE-00729,2007-03-25,Anne Dodsworth,employee,Datenexport aus OrderDesk stockt an WS-09,WS-09,resolved
CASE-00730,2007-03-09,Steven Buchanan,employee,Software-Update fuer WS-05 angefragt,WS-05,resolved
CASE-00731,2007-03-04,IT-Betrieb,employee,Backup auf SRV-01 pruefen,SRV-01,resolved
CASE-00732,2007-04-15,Dirk Saveley,customer,Konditionen fuer Rahmenbestellung angefragt,Customer GNWWW,resolved
CASE-00733,2007-04-16,Mayumi Fresnel,customer,Lieferstatus zu Bestellung 12024 unklar,Order 12024,resolved
CASE-00734,2007-04-19,Chandra Damodaran,customer,Konditionen fuer Rahmenbestellung angefragt,Customer RTQKE,resolved
CASE-00735,2007-04-08,Martin Saveley,customer,Rechnung zu Bestellung 11864 weicht ab,Order 11864,resolved
CASE-00736,2007-04-04,Andrew Fuller,employee,Berechtigung fuer Reporting fehlt an WS-02,WS-02,resolved
CASE-00737,2007-04-05,Margaret Peacock,employee,Berechtigung fuer Reporting fehlt an WS-04,WS-04,resolved
CASE-00738,2007-05-28,Beate Weber,customer,Reklamation zu Bestellung 11155,Order 11155,resolved
CASE-00739,2007-05-12,Marco Goulet,customer,Aenderung an offener Bestellung 12017 gewuenscht,Order 12017,resolved
CASE-00740,2007-05-02,Martin Devling,customer,Lieferstatus zu Bestellung 11845 unklar,Order 11845,resolved
CASE-00741,2007-05-02,Jonas Luchini,customer,Angebot fuer Grossmenge angefragt,Customer FLETF,new
CASE-00742,2007-05-03,Andrew Fuller,employee,Arbeitsplatz WS-02 braucht OrderDesk-Zugriff,WS-02,resolved
CASE-00743,2007-05-19,IT-Betrieb,employee,Dienst-Neustart auf SRV-02 noetig,SRV-02,resolved
CASE-00744,2007-05-11,Andrew Fuller,employee,Drucker an WS-02 nicht erreichbar,WS-02,resolved
CASE-00745,2007-05-08,IT-Betrieb,employee,Zertifikat auf SRV-02 laeuft bald ab,SRV-02,resolved
CASE-00746,2007-06-12,Maria Anders,customer,Ruecksendung zu Bestellung 12100 beantragt,Order 12100,resolved
CASE-00747,2007-06-25,Sven Diaz,customer,Liefertermin zu Bestellung 11906 anfragen,Order 11906,resolved
CASE-00748,2007-06-11,Pavel Peterson,customer,Rechnung zu Bestellung 11266 weicht ab,Order 11266,resolved
CASE-00749,2007-06-18,Regina Nolot,customer,Konditionen fuer Rahmenbestellung angefragt,Customer ETXRP,resolved
CASE-00750,2007-06-25,Robert King,employee,Arbeitsplatz WS-07 braucht OrderDesk-Zugriff,WS-07,resolved
CASE-00751,2007-06-03,Michael Mendoza,employee,Datenexport aus OrderDesk stockt an WS-10,WS-10,resolved
CASE-00752,2007-06-14,IT-Betrieb,employee,SRV-02 meldet vollen Log-Datentraeger,SRV-02,resolved
CASE-00753,2007-07-02,Emma Luchini,customer,Rechnung zu Bestellung 10909 weicht ab,Order 10909,resolved
CASE-00754,2007-07-11,Emma Wilson,customer,Angebot fuer Grossmenge angefragt,Customer ALPBF,resolved
CASE-00755,2007-07-04,Sofia Amsel,customer,Angebot fuer Grossmenge angefragt,Customer RBMPA,resolved
CASE-00756,2007-07-05,Jean Murphy,customer,Angebot fuer Grossmenge angefragt,Customer PWAVD,resolved
CASE-00757,2007-07-09,Laura Callahan,employee,Drucker an WS-08 nicht erreichbar,WS-08,new
CASE-00758,2007-07-25,Laura Callahan,employee,Drucker an WS-08 nicht erreichbar,WS-08,resolved
CASE-00759,2007-07-28,Beate Peterson,employee,Drucker an WS-12 nicht erreichbar,WS-12,resolved
CASE-00760,2007-08-05,Pavel Crespi,customer,Ruecksendung zu Bestellung 11319 beantragt,Order 11319,resolved
CASE-00761,2007-08-10,Antonio Diaz,customer,Aenderung an offener Bestellung 10700 gewuenscht,Order 10700,in_progress
CASE-00762,2007-08-08,Ian del Valle,customer,Rechnung zu Bestellung 11742 weicht ab,Order 11742,resolved
CASE-00763,2007-08-14,Petra Petersen,customer,Aenderung an offener Bestellung 11766 gewuenscht,Order 11766,resolved
CASE-00764,2007-08-12,Robert King,employee,Datenexport aus OrderDesk stockt an WS-07,WS-07,resolved
CASE-00765,2007-08-21,Noah Damodaran,employee,Software-Update fuer WS-13 angefragt,WS-13,resolved
CASE-00766,2007-08-22,IT-Betrieb,employee,Dienst-Neustart auf SRV-02 noetig,SRV-02,resolved
CASE-00767,2007-08-11,Nancy Davolio,employee,Berechtigung fuer Reporting fehlt an WS-01,WS-01,resolved
CASE-00768,2007-09-22,Maria Anders,customer,Lieferstatus zu Bestellung 12021 unklar,Order 12021,resolved
CASE-00769,2007-09-12,Dirk Burke,customer,Rechnung zu Bestellung 11934 weicht ab,Order 11934,resolved
CASE-00770,2007-09-18,Chandra Damodaran,customer,Frage zur Produktverfuegbarkeit,Customer RTQKE,resolved
CASE-00771,2007-09-16,Marco Burke,customer,Konditionen fuer Rahmenbestellung angefragt,Customer ORDDL,resolved
CASE-00772,2007-09-17,Michael Suyama,employee,Software-Update fuer WS-06 angefragt,WS-06,in_progress
CASE-00773,2007-09-19,Margaret Peacock,employee,Datenexport aus OrderDesk stockt an WS-04,WS-04,resolved
CASE-00774,2007-09-27,IT-Betrieb,employee,Zertifikat auf SRV-02 laeuft bald ab,SRV-02,resolved
CASE-00775,2007-10-28,Elio Nagase,customer,Reklamation zu Bestellung 11410,Order 11410,resolved
CASE-00776,2007-10-16,Dirk Burke,customer,Ruecksendung zu Bestellung 11758 beantragt,Order 11758,resolved
CASE-00777,2007-10-24,Emma Heikkonen,customer,Frage zur Produktverfuegbarkeit,Customer XJEHG,resolved
CASE-00778,2007-10-27,Marco Petersen,customer,Reklamation zu Bestellung 11987,Order 11987,resolved
CASE-00779,2007-10-14,Andrew Fuller,employee,Software-Update fuer WS-02 angefragt,WS-02,resolved
CASE-00780,2007-10-26,Michael Suyama,employee,Arbeitsplatz WS-06 braucht OrderDesk-Zugriff,WS-06,resolved
CASE-00781,2007-10-27,Anne Dodsworth,employee,Drucker an WS-09 nicht erreichbar,WS-09,resolved
CASE-00782,2007-11-10,Marco Damodaran,customer,Rechnung zu Bestellung 12125 weicht ab,Order 12125,resolved
CASE-00783,2007-11-28,Marie Peterson,customer,Rechnung zu Bestellung 12014 weicht ab,Order 12014,resolved
CASE-00784,2007-11-19,Carlos Vileid,customer,Lieferstatus zu Bestellung 10612 unklar,Order 10612,resolved
CASE-00785,2007-11-07,Martin Ohno,customer,Neuanlage Lieferadresse gewuenscht,Customer PZDII,resolved
CASE-00786,2007-11-04,Laura Callahan,employee,Arbeitsplatz WS-08 braucht OrderDesk-Zugriff,WS-08,resolved
CASE-00787,2007-11-22,Steven Buchanan,employee,Berechtigung fuer Reporting fehlt an WS-05,WS-05,resolved
CASE-00788,2007-11-09,Andrew Fuller,employee,Berechtigung fuer Reporting fehlt an WS-02,WS-02,resolved
CASE-00789,2007-11-05,Margaret Peacock,employee,Berechtigung fuer Reporting fehlt an WS-04,WS-04,resolved
CASE-00790,2007-12-24,Maria Anders,customer,Reklamation zu Bestellung 12091,Order 12091,resolved
CASE-00791,2007-12-14,Giovanni Bein,customer,Aenderung an offener Bestellung 11858 gewuenscht,Order 11858,resolved
CASE-00792,2007-12-07,Regina Ohno,customer,Reklamation zu Bestellung 12102,Order 12102,resolved
CASE-00793,2007-12-24,Peter Devling,customer,Ruecksendung zu Bestellung 11969 beantragt,Order 11969,resolved
CASE-00794,2007-12-15,IT-Betrieb,employee,Zertifikat auf SRV-01 laeuft bald ab,SRV-01,resolved
CASE-00795,2007-12-05,IT-Betrieb,employee,Zertifikat auf SRV-01 laeuft bald ab,SRV-01,resolved
CASE-00796,2008-01-06,Chantal Amsel,customer,Aenderung an offener Bestellung 11737 gewuenscht,Order 11737,new
CASE-00797,2008-01-25,Michael Luchini,customer,Angebot fuer Grossmenge angefragt,Customer KEHQT,resolved
CASE-00798,2008-01-19,Chantal Amsel,customer,Neuanlage Lieferadresse gewuenscht,Customer XKTZQ,resolved
CASE-00799,2008-01-09,Martin Devling,customer,Konditionen fuer Rahmenbestellung angefragt,Customer DJSTV,resolved
CASE-00800,2008-01-19,Noah Damodaran,employee,OrderDesk-Login nach Passwortablauf gesperrt,WS-13,resolved
CASE-00801,2008-01-26,Michael Mendoza,employee,OrderDesk-Login nach Passwortablauf gesperrt,WS-10,in_progress
CASE-00802,2008-01-18,IT-Betrieb,employee,SRV-02 meldet vollen Log-Datentraeger,SRV-02,resolved
CASE-00803,2008-01-17,Mayumi Merchant,employee,Datenexport aus OrderDesk stockt an WS-14,WS-14,in_progress
CASE-00804,2008-02-06,Martin Saveley,customer,Rechnung zu Bestellung 10362 weicht ab,Order 10362,resolved
CASE-00805,2008-02-03,Chandra Brandt,customer,Frage zur Produktverfuegbarkeit,Customer MFVTR,resolved
CASE-00806,2008-02-16,Sven Luchini,customer,Frage zur Produktverfuegbarkeit,Customer BHJHW,resolved
CASE-00807,2008-02-01,Marco Weber,customer,Reklamation zu Bestellung 10996,Order 10996,in_progress
CASE-00808,2008-02-22,Anne Dodsworth,employee,Berechtigung fuer Reporting fehlt an WS-09,WS-09,resolved
CASE-00809,2008-02-14,IT-Betrieb,employee,Zertifikat auf SRV-02 laeuft bald ab,SRV-02,resolved
CASE-00810,2008-02-06,IT-Betrieb,employee,Dienst-Neustart auf SRV-01 noetig,SRV-01,resolved
CASE-00811,2008-02-20,Petra Cooper,employee,Drucker an WS-11 nicht erreichbar,WS-11,resolved
CASE-00812,2008-03-19,Maria Anders,customer,Ruecksendung zu Bestellung 12071 beantragt,Order 12071,resolved
CASE-00813,2008-03-06,Chandra Burke,customer,Aenderung an offener Bestellung 12051 gewuenscht,Order 12051,resolved
CASE-00814,2008-03-23,Ian del Valle,customer,Konditionen fuer Rahmenbestellung angefragt,Customer MZTXS,new
CASE-00815,2008-03-05,Emma Luchini,customer,Liefertermin zu Bestellung 11810 anfragen,Order 11810,resolved
CASE-00816,2008-03-28,IT-Betrieb,employee,Zertifikat auf SRV-01 laeuft bald ab,SRV-01,resolved
CASE-00817,2008-03-12,Robert King,employee,Arbeitsplatz WS-07 braucht OrderDesk-Zugriff,WS-07,resolved
CASE-00818,2008-03-22,IT-Betrieb,employee,Dienst-Neustart auf SRV-01 noetig,SRV-01,new
CASE-00819,2008-04-08,Sven Damodaran,customer,Ruecksendung zu Bestellung 11523 beantragt,Order 11523,resolved
CASE-00820,2008-04-03,Marie Winkler,customer,Rechnung zu Bestellung 11078 weicht ab,Order 11078,resolved
CASE-00821,2008-04-10,Carlos Ohno,customer,Ruecksendung zu Bestellung 10560 beantragt,Order 10560,in_progress
CASE-00822,2008-04-23,Petra Crespi,customer,Neuanlage Lieferadresse gewuenscht,Customer MYVXC,resolved
CASE-00823,2008-04-17,IT-Betrieb,employee,SRV-02 meldet vollen Log-Datentraeger,SRV-02,resolved
CASE-00824,2008-04-16,Nancy Davolio,employee,Berechtigung fuer Reporting fehlt an WS-01,WS-01,resolved
CASE-00825,2008-04-26,Laura Callahan,employee,Datenexport aus OrderDesk stockt an WS-08,WS-08,resolved
CASE-00826,2008-04-01,Andrew Fuller,employee,OrderDesk-Login nach Passwortablauf gesperrt,WS-02,resolved
CASE-00827,2008-05-19,Giovanni Crespi,customer,Lieferstatus zu Bestellung 12097 unklar,Order 12097,resolved
CASE-00828,2008-05-10,Chantal Crespi,customer,Aenderung an offener Bestellung 10972 gewuenscht,Order 10972,resolved
CASE-00829,2008-05-11,Sven Damodaran,customer,Neuanlage Lieferadresse gewuenscht,Customer BZYMS,resolved
CASE-00830,2008-05-06,Jonas Damodaran,customer,Ruecksendung zu Bestellung 11447 beantragt,Order 11447,resolved
CASE-00831,2008-05-26,IT-Betrieb,employee,Backup auf SRV-01 pruefen,SRV-01,resolved
CASE-00832,2008-05-18,Beate Peterson,employee,Berechtigung fuer Reporting fehlt an WS-12,WS-12,resolved
CASE-00833,2008-05-16,Laura Callahan,employee,OrderDesk-Login nach Passwortablauf gesperrt,WS-08,in_progress
CASE-00834,2008-05-19,IT-Betrieb,employee,Zertifikat auf SRV-01 laeuft bald ab,SRV-01,resolved
CASE-00835,2008-06-02,Maria Anders,customer,Rechnung zu Bestellung 12121 weicht ab,Order 12121,resolved
CASE-00836,2008-06-25,Anne Nolot,customer,Liefertermin zu Bestellung 11895 anfragen,Order 11895,resolved
CASE-00837,2008-06-19,Lena Cooper,customer,Angebot fuer Grossmenge angefragt,Customer YDKXG,resolved
CASE-00838,2008-06-19,Petra Goulet,customer,Frage zur Produktverfuegbarkeit,Customer TWJVR,resolved
CASE-00839,2008-06-23,IT-Betrieb,employee,SRV-02 meldet vollen Log-Datentraeger,SRV-02,resolved
CASE-00840,2008-06-28,Mayumi Merchant,employee,OrderDesk-Login nach Passwortablauf gesperrt,WS-14,resolved
CASE-00841,2008-07-07,Katrin Nodier,customer,Angebot fuer Grossmenge angefragt,Customer XITAS,resolved
CASE-00842,2008-07-20,Michael Saveley,customer,Reklamation zu Bestellung 11921,Order 11921,resolved
CASE-00843,2008-07-24,Regina Ohno,customer,Lieferstatus zu Bestellung 11717 unklar,Order 11717,resolved
CASE-00844,2008-07-21,Anne Saveley,customer,Ruecksendung zu Bestellung 12286 beantragt,Order 12286,resolved
CASE-00845,2008-07-23,Anne Dodsworth,employee,Arbeitsplatz WS-09 braucht OrderDesk-Zugriff,WS-09,resolved
CASE-00846,2008-07-27,Nancy Davolio,employee,OrderDesk-Login nach Passwortablauf gesperrt,WS-01,resolved
CASE-00847,2008-07-14,Anne Dodsworth,employee,Arbeitsplatz WS-09 braucht OrderDesk-Zugriff,WS-09,resolved
CASE-00848,2008-07-16,IT-Betrieb,employee,Backup auf SRV-02 pruefen,SRV-02,resolved
CASE-00849,2008-08-15,Niels Rossi,customer,Konditionen fuer Rahmenbestellung angefragt,Customer JXNIV,resolved
CASE-00850,2008-08-10,Ian Crespi,customer,Reklamation zu Bestellung 12143,Order 12143,resolved
CASE-00851,2008-08-08,Regina Burke,customer,Reklamation zu Bestellung 10759,Order 10759,resolved
CASE-00852,2008-08-07,Anne Bertrand,customer,Aenderung an offener Bestellung 11869 gewuenscht,Order 11869,resolved
CASE-00853,2008-08-21,Anne Dodsworth,employee,Arbeitsplatz WS-09 braucht OrderDesk-Zugriff,WS-09,resolved
CASE-00854,2008-08-25,Margaret Peacock,employee,Berechtigung fuer Reporting fehlt an WS-04,WS-04,resolved
CASE-00855,2008-09-10,Maria Anders,customer,Lieferstatus zu Bestellung 12242 unklar,Order 12242,resolved
CASE-00856,2008-09-21,Dirk del Valle,customer,Reklamation zu Bestellung 12268,Order 12268,resolved
CASE-00857,2008-09-19,Lena Goulet,customer,Angebot fuer Grossmenge angefragt,Customer NHZWD,new
CASE-00858,2008-09-27,Ian Nolot,customer,Aenderung an offener Bestellung 11030 gewuenscht,Order 11030,resolved
CASE-00859,2008-09-12,Margaret Peacock,employee,Drucker an WS-04 nicht erreichbar,WS-04,resolved
CASE-00860,2008-09-19,Mayumi Merchant,employee,Drucker an WS-14 nicht erreichbar,WS-14,in_progress
CASE-00861,2008-09-11,IT-Betrieb,employee,Zertifikat auf SRV-01 laeuft bald ab,SRV-01,resolved
CASE-00862,2008-10-18,Beate Mendoza,customer,Neuanlage Lieferadresse gewuenscht,Customer RNTHV,resolved
CASE-00863,2008-10-23,Giovanni Crespi,customer,Ruecksendung zu Bestellung 10545 beantragt,Order 10545,resolved
CASE-00864,2008-10-02,Lars Cooper,customer,Angebot fuer Grossmenge angefragt,Customer HJIUV,resolved
CASE-00865,2008-10-18,Ian Damodaran,customer,Neuanlage Lieferadresse gewuenscht,Customer PLRKR,in_progress
CASE-00866,2008-10-11,Noah Damodaran,employee,Arbeitsplatz WS-13 braucht OrderDesk-Zugriff,WS-13,resolved
CASE-00867,2008-10-27,Steven Buchanan,employee,Datenexport aus OrderDesk stockt an WS-05,WS-05,resolved
CASE-00868,2008-10-16,Petra Cooper,employee,Software-Update fuer WS-11 angefragt,WS-11,resolved
CASE-00869,2008-10-04,Michael Mendoza,employee,Arbeitsplatz WS-10 braucht OrderDesk-Zugriff,WS-10,resolved
CASE-00870,2008-11-27,Yoshi Diaz,customer,Frage zur Produktverfuegbarkeit,Customer PFEIS,resolved
CASE-00871,2008-11-23,Michael Luchini,customer,Aenderung an offener Bestellung 11164 gewuenscht,Order 11164,resolved
CASE-00872,2008-11-04,Regina Ohno,customer,Aenderung an offener Bestellung 12102 gewuenscht,Order 12102,in_progress
CASE-00873,2008-11-08,Maria Anders,customer,Lieferstatus zu Bestellung 12242 unklar,Order 12242,in_progress
CASE-00874,2008-11-02,Laura Callahan,employee,Berechtigung fuer Reporting fehlt an WS-08,WS-08,resolved
CASE-00875,2008-11-26,IT-Betrieb,employee,Backup auf SRV-02 pruefen,SRV-02,resolved
CASE-00876,2008-11-01,Petra Cooper,employee,Arbeitsplatz WS-11 braucht OrderDesk-Zugriff,WS-11,new
CASE-00877,2008-12-10,Maria Anders,customer,Angebot fuer Grossmenge angefragt,Customer ALFKI,resolved
CASE-00878,2008-12-14,Elio Nagase,customer,Lieferstatus zu Bestellung 11267 unklar,Order 11267,resolved
CASE-00879,2008-12-17,Giovanni Wilson,customer,Frage zur Produktverfuegbarkeit,Customer QFKIJ,in_progress
CASE-00880,2008-12-05,Michael Nolot,customer,Konditionen fuer Rahmenbestellung angefragt,Customer OBZUY,resolved
CASE-00881,2008-12-10,Petra Cooper,employee,Datenexport aus OrderDesk stockt an WS-11,WS-11,resolved
CASE-00882,2008-12-10,Steven Buchanan,employee,OrderDesk-Login nach Passwortablauf gesperrt,WS-05,resolved
CASE-00883,2008-12-23,Michael Suyama,employee,Drucker an WS-06 nicht erreichbar,WS-06,resolved
CASE-00884,2009-01-21,Niels Saveley,customer,Neuanlage Lieferadresse gewuenscht,Customer ZLZHX,resolved
CASE-00885,2009-01-13,Jonas Nolot,customer,Ruecksendung zu Bestellung 11970 beantragt,Order 11970,new
CASE-00886,2009-01-25,Charlotte Amsel,customer,Reklamation zu Bestellung 11336,Order 11336,resolved
CASE-00887,2009-01-01,Jean Murphy,customer,Aenderung an offener Bestellung 12310 gewuenscht,Order 12310,resolved
CASE-00888,2009-01-07,IT-Betrieb,employee,Dienst-Neustart auf SRV-01 noetig,SRV-01,resolved
CASE-00889,2009-01-01,Robert King,employee,OrderDesk-Login nach Passwortablauf gesperrt,WS-07,resolved
CASE-00890,2009-01-15,Nancy Davolio,employee,OrderDesk-Login nach Passwortablauf gesperrt,WS-01,resolved
CASE-00891,2009-01-13,Michael Suyama,employee,Software-Update fuer WS-06 angefragt,WS-06,resolved
CASE-00892,2009-02-25,Thomas Hardy,customer,Reklamation zu Bestellung 11309,Order 11309,resolved
CASE-00893,2009-02-17,Charlotte Bertrand,customer,Ruecksendung zu Bestellung 11851 beantragt,Order 11851,resolved
CASE-00894,2009-02-05,Chantal Nodier,customer,Frage zur Produktverfuegbarkeit,Customer QGQSJ,resolved
CASE-00895,2009-02-22,Charlotte Bertrand,customer,Konditionen fuer Rahmenbestellung angefragt,Customer NOELM,resolved
CASE-00896,2009-02-26,Anne Dodsworth,employee,Drucker an WS-09 nicht erreichbar,WS-09,resolved
CASE-00897,2009-02-01,Michael Mendoza,employee,Arbeitsplatz WS-10 braucht OrderDesk-Zugriff,WS-10,resolved
CASE-00898,2009-03-02,Maria Anders,customer,Rechnung zu Bestellung 12363 weicht ab,Order 12363,resolved
CASE-00899,2009-03-19,Jonas Damodaran,customer,Liefertermin zu Bestellung 11447 anfragen,Order 11447,resolved
CASE-00900,2009-03-28,Niels Devling,customer,Neuanlage Lieferadresse gewuenscht,Customer PUQHW,resolved
CASE-00901,2009-03-20,Wendy Diaz,customer,Liefertermin zu Bestellung 11244 anfragen,Order 11244,resolved
CASE-00902,2009-03-08,Laura Callahan,employee,OrderDesk-Login nach Passwortablauf gesperrt,WS-08,resolved
CASE-00903,2009-03-25,Michael Suyama,employee,Software-Update fuer WS-06 angefragt,WS-06,resolved
CASE-00904,2009-03-19,Steven Buchanan,employee,Berechtigung fuer Reporting fehlt an WS-05,WS-05,resolved
CASE-00905,2009-04-11,Eliane Damodaran,customer,Frage zur Produktverfuegbarkeit,Customer GQSFS,resolved
CASE-00906,2009-04-23,Jonas Cooper,customer,Angebot fuer Grossmenge angefragt,Customer FMMRL,resolved
CASE-00907,2009-04-20,Jean Crespi,customer,Reklamation zu Bestellung 11289,Order 11289,resolved
CASE-00908,2009-04-03,Ian Damodaran,customer,Reklamation zu Bestellung 12390,Order 12390,resolved
CASE-00909,2009-04-10,IT-Betrieb,employee,Dienst-Neustart auf SRV-02 noetig,SRV-02,resolved
CASE-00910,2009-04-21,Michael Suyama,employee,Berechtigung fuer Reporting fehlt an WS-06,WS-06,resolved
CASE-00911,2009-04-06,Beate Peterson,employee,Berechtigung fuer Reporting fehlt an WS-12,WS-12,in_progress
CASE-00912,2009-04-28,Michael Mendoza,employee,Software-Update fuer WS-10 angefragt,WS-10,resolved
CASE-00913,2009-05-11,Carlos Vileid,customer,Rechnung zu Bestellung 12035 weicht ab,Order 12035,resolved
CASE-00914,2009-05-26,Cheryl Mendoza,customer,Frage zur Produktverfuegbarkeit,Customer VFZEZ,resolved
CASE-00915,2009-05-22,Emma Heikkonen,customer,Angebot fuer Grossmenge angefragt,Customer XJEHG,resolved
CASE-00916,2009-05-23,Marie Murphy,customer,Rechnung zu Bestellung 11383 weicht ab,Order 11383,in_progress
CASE-00917,2009-05-11,IT-Betrieb,employee,SRV-01 meldet vollen Log-Datentraeger,SRV-01,resolved
CASE-00918,2009-05-26,Petra Cooper,employee,Arbeitsplatz WS-11 braucht OrderDesk-Zugriff,WS-11,resolved
CASE-00919,2009-06-27,Maria Anders,customer,Lieferstatus zu Bestellung 12258 unklar,Order 12258,resolved
CASE-00920,2009-06-19,Katrin Nodier,customer,Neuanlage Lieferadresse gewuenscht,Customer XITAS,resolved
CASE-00921,2009-06-02,Sven Luchini,customer,Angebot fuer Grossmenge angefragt,Customer BHJHW,in_progress
CASE-00922,2009-06-17,Jonas Wilson,customer,Aenderung an offener Bestellung 11412 gewuenscht,Order 11412,resolved
CASE-00923,2009-06-25,Petra Cooper,employee,OrderDesk-Login nach Passwortablauf gesperrt,WS-11,resolved
CASE-00924,2009-06-25,IT-Betrieb,employee,SRV-02 meldet vollen Log-Datentraeger,SRV-02,resolved
CASE-00925,2009-06-11,IT-Betrieb,employee,Dienst-Neustart auf SRV-01 noetig,SRV-01,resolved
CASE-00926,2009-06-27,IT-Betrieb,employee,SRV-01 meldet vollen Log-Datentraeger,SRV-01,resolved
CASE-00927,2009-07-21,Beate Weber,customer,Liefertermin zu Bestellung 11382 anfragen,Order 11382,resolved
CASE-00928,2009-07-14,Beate Mendoza,customer,Ruecksendung zu Bestellung 10676 beantragt,Order 10676,resolved
CASE-00929,2009-07-01,Niels Bein,customer,Liefertermin zu Bestellung 11672 anfragen,Order 11672,resolved
CASE-00930,2009-07-01,Regina Ohno,customer,Lieferstatus zu Bestellung 11366 unklar,Order 11366,resolved
CASE-00931,2009-07-11,IT-Betrieb,employee,Backup auf SRV-01 pruefen,SRV-01,resolved
CASE-00932,2009-07-07,Noah Damodaran,employee,Datenexport aus OrderDesk stockt an WS-13,WS-13,resolved
CASE-00933,2009-07-13,Janet Leverling,employee,Software-Update fuer WS-03 angefragt,WS-03,resolved
CASE-00934,2009-07-22,Robert King,employee,Arbeitsplatz WS-07 braucht OrderDesk-Zugriff,WS-07,resolved
CASE-00935,2009-08-15,Giovanni Bein,customer,Neuanlage Lieferadresse gewuenscht,Customer HAQTM,in_progress
CASE-00936,2009-08-11,Regina Ohno,customer,Aenderung an offener Bestellung 11753 gewuenscht,Order 11753,resolved
CASE-00937,2009-08-07,Ian del Valle,customer,Lieferstatus zu Bestellung 10618 unklar,Order 10618,resolved
CASE-00938,2009-08-25,Dirk Burke,customer,Konditionen fuer Rahmenbestellung angefragt,Customer HAWET,resolved
CASE-00939,2009-08-08,Petra Cooper,employee,Datenexport aus OrderDesk stockt an WS-11,WS-11,resolved
CASE-00940,2009-08-09,Laura Callahan,employee,Datenexport aus OrderDesk stockt an WS-08,WS-08,resolved
CASE-00941,2009-08-27,Shelley Crespi,employee,Drucker an WS-15 nicht erreichbar,WS-15,resolved
CASE-00942,2009-09-04,Maria Anders,customer,Neuanlage Lieferadresse gewuenscht,Customer ALFKI,resolved
CASE-00943,2009-09-14,Lena Cooper,customer,Ruecksendung zu Bestellung 11490 beantragt,Order 11490,resolved
CASE-00944,2009-09-07,Emma Peterson,customer,Ruecksendung zu Bestellung 12280 beantragt,Order 12280,resolved
CASE-00945,2009-09-05,Beate Nagase,customer,Ruecksendung zu Bestellung 11761 beantragt,Order 11761,resolved
CASE-00946,2009-09-04,Noah Damodaran,employee,Drucker an WS-13 nicht erreichbar,WS-13,resolved
CASE-00947,2009-09-28,Noah Damodaran,employee,Berechtigung fuer Reporting fehlt an WS-13,WS-13,resolved
CASE-00948,2009-09-21,Robert King,employee,Drucker an WS-07 nicht erreichbar,WS-07,resolved
CASE-00949,2009-09-02,Beate Peterson,employee,Arbeitsplatz WS-12 braucht OrderDesk-Zugriff,WS-12,resolved
CASE-00950,2009-10-01,Emma Luchini,customer,Ruecksendung zu Bestellung 10477 beantragt,Order 10477,resolved
CASE-00951,2009-10-19,Regina Ohno,customer,Rechnung zu Bestellung 11572 weicht ab,Order 11572,in_progress
CASE-00952,2009-10-11,Sofia Bein,customer,Aenderung an offener Bestellung 11023 gewuenscht,Order 11023,resolved
CASE-00953,2009-10-05,Pavel Peterson,customer,Lieferstatus zu Bestellung 10968 unklar,Order 10968,resolved
CASE-00954,2009-10-28,Andrew Fuller,employee,Datenexport aus OrderDesk stockt an WS-02,WS-02,resolved
CASE-00955,2009-10-17,Laura Callahan,employee,OrderDesk-Login nach Passwortablauf gesperrt,WS-08,resolved
CASE-00956,2009-10-05,IT-Betrieb,employee,Dienst-Neustart auf SRV-01 noetig,SRV-01,resolved
CASE-00957,2009-11-14,Shelley Bertrand,customer,Ruecksendung zu Bestellung 11775 beantragt,Order 11775,resolved
CASE-00958,2009-11-21,Katrin Nodier,customer,Konditionen fuer Rahmenbestellung angefragt,Customer XITAS,resolved
CASE-00959,2009-11-26,Shelley Petersen,customer,Neuanlage Lieferadresse gewuenscht,Customer RDKVH,resolved
CASE-00960,2009-11-19,Antonio Diaz,customer,Angebot fuer Grossmenge angefragt,Customer QDSIQ,resolved
CASE-00961,2009-11-26,Petra Cooper,employee,OrderDesk-Login nach Passwortablauf gesperrt,WS-11,resolved
CASE-00962,2009-11-26,Laura Callahan,employee,Arbeitsplatz WS-08 braucht OrderDesk-Zugriff,WS-08,resolved
CASE-00963,2009-11-27,Michael Mendoza,employee,Drucker an WS-10 nicht erreichbar,WS-10,resolved
CASE-00964,2009-11-08,IT-Betrieb,employee,Zertifikat auf SRV-01 laeuft bald ab,SRV-01,resolved
CASE-00965,2009-12-10,Maria Anders,customer,Konditionen fuer Rahmenbestellung angefragt,Customer ALFKI,resolved
CASE-00966,2009-12-05,Marco Vileid,customer,Rechnung zu Bestellung 10368 weicht ab,Order 10368,resolved
CASE-00967,2009-12-16,Regina Ohno,customer,Rechnung zu Bestellung 11753 weicht ab,Order 11753,resolved
CASE-00968,2009-12-09,Dirk Burke,customer,Aenderung an offener Bestellung 11982 gewuenscht,Order 11982,resolved
CASE-00969,2009-12-03,IT-Betrieb,employee,Backup auf SRV-02 pruefen,SRV-02,resolved
CASE-00970,2009-12-28,Michael Suyama,employee,Datenexport aus OrderDesk stockt an WS-06,WS-06,resolved
CASE-00971,2009-12-13,Margaret Peacock,employee,Software-Update fuer WS-04 angefragt,WS-04,resolved
CASE-00972,2009-12-18,Charlotte Burke,employee,OrderDesk-Login nach Passwortablauf gesperrt,WS-16,resolved
CASE-00973,2010-01-16,Martin Petersen,customer,Reklamation zu Bestellung 11344,Order 11344,resolved
CASE-00974,2010-01-11,Pavel Ohno,customer,Lieferstatus zu Bestellung 12512 unklar,Order 12512,resolved
CASE-00975,2010-01-12,Anne Murphy,customer,Liefertermin zu Bestellung 12025 anfragen,Order 12025,in_progress
CASE-00976,2010-01-06,Elio Petersen,customer,Angebot fuer Grossmenge angefragt,Customer CCCHN,resolved
CASE-00977,2010-01-02,Mayumi Merchant,employee,Software-Update fuer WS-14 angefragt,WS-14,resolved
CASE-00978,2010-01-09,Niels Bein,employee,Arbeitsplatz WS-17 braucht OrderDesk-Zugriff,WS-17,resolved
CASE-00979,2010-02-13,Antonio Schulz,customer,Rechnung zu Bestellung 12465 weicht ab,Order 12465,new
CASE-00980,2010-02-21,Michael Saveley,customer,Rechnung zu Bestellung 12183 weicht ab,Order 12183,resolved
CASE-00981,2010-02-02,Beate Mendoza,customer,Konditionen fuer Rahmenbestellung angefragt,Customer RNTHV,resolved
CASE-00982,2010-02-09,Anne Murphy,customer,Ruecksendung zu Bestellung 12025 beantragt,Order 12025,resolved
CASE-00983,2010-02-08,Niels Bein,employee,Software-Update fuer WS-17 angefragt,WS-17,resolved
CASE-00984,2010-02-04,IT-Betrieb,employee,Zertifikat auf SRV-02 laeuft bald ab,SRV-02,resolved
CASE-00985,2010-03-19,Maria Anders,customer,Neuanlage Lieferadresse gewuenscht,Customer ALFKI,resolved
CASE-00986,2010-03-02,Carlos Schulz,customer,Neuanlage Lieferadresse gewuenscht,Customer EDMNO,resolved
CASE-00987,2010-03-01,Marco Winkler,customer,Lieferstatus zu Bestellung 11520 unklar,Order 11520,resolved
CASE-00988,2010-03-08,Carlos Ohno,customer,Rechnung zu Bestellung 10726 weicht ab,Order 10726,resolved
CASE-00989,2010-03-07,Noah Damodaran,employee,Arbeitsplatz WS-13 braucht OrderDesk-Zugriff,WS-13,resolved
CASE-00990,2010-03-15,IT-Betrieb,employee,SRV-01 meldet vollen Log-Datentraeger,SRV-01,resolved
CASE-00991,2010-03-17,Beate Peterson,employee,Datenexport aus OrderDesk stockt an WS-12,WS-12,resolved
CASE-00992,2010-03-09,Margaret Peacock,employee,Arbeitsplatz WS-04 braucht OrderDesk-Zugriff,WS-04,resolved
CASE-00993,2010-04-19,Michael Petersen,customer,Ruecksendung zu Bestellung 12168 beantragt,Order 12168,resolved
CASE-00994,2010-04-26,Eliane Keller,customer,Angebot fuer Grossmenge angefragt,Customer XXSWY,resolved
CASE-00995,2010-04-09,Carlos Petersen,customer,Lieferstatus zu Bestellung 11779 unklar,Order 11779,resolved
CASE-00996,2010-04-24,Yoshi Petersen,customer,Reklamation zu Bestellung 11406,Order 11406,resolved
CASE-00997,2010-04-27,IT-Betrieb,employee,Backup auf SRV-01 pruefen,SRV-01,resolved
CASE-00998,2010-04-08,Charlotte Burke,employee,Arbeitsplatz WS-16 braucht OrderDesk-Zugriff,WS-16,resolved
CASE-00999,2010-04-06,IT-Betrieb,employee,SRV-02 meldet vollen Log-Datentraeger,SRV-02,resolved
CASE-01000,2010-04-19,Nancy Davolio,employee,Drucker an WS-01 nicht erreichbar,WS-01,resolved
CASE-01001,2010-05-26,Emma Heikkonen,customer,Frage zur Produktverfuegbarkeit,Customer XJEHG,resolved
CASE-01002,2010-05-17,Pavel Nagase,customer,Lieferstatus zu Bestellung 10433 unklar,Order 10433,resolved
CASE-01003,2010-05-01,Chantal Bein,customer,Frage zur Produktverfuegbarkeit,Customer TFXGR,resolved
CASE-01004,2010-05-11,Regina Burke,customer,Lieferstatus zu Bestellung 11243 unklar,Order 11243,resolved
CASE-01005,2010-05-28,Laura Callahan,employee,Drucker an WS-08 nicht erreichbar,WS-08,resolved
CASE-01006,2010-05-11,Mayumi Merchant,employee,Arbeitsplatz WS-14 braucht OrderDesk-Zugriff,WS-14,resolved
CASE-01007,2010-06-15,Maria Anders,customer,Konditionen fuer Rahmenbestellung angefragt,Customer ALFKI,resolved
CASE-01008,2010-06-17,Chandra Nolot,customer,Aenderung an offener Bestellung 10711 gewuenscht,Order 10711,in_progress
CASE-01009,2010-06-28,Petra Heikkonen,customer,Ruecksendung zu Bestellung 11662 beantragt,Order 11662,resolved
CASE-01010,2010-06-14,Lena Cooper,customer,Aenderung an offener Bestellung 11915 gewuenscht,Order 11915,resolved
CASE-01011,2010-06-17,Mayumi Merchant,employee,Arbeitsplatz WS-14 braucht OrderDesk-Zugriff,WS-14,resolved
CASE-01012,2010-06-24,Nancy Davolio,employee,Software-Update fuer WS-01 angefragt,WS-01,resolved
CASE-01013,2010-06-10,Charlotte Burke,employee,Berechtigung fuer Reporting fehlt an WS-16,WS-16,resolved
CASE-01014,2010-06-06,Janet Leverling,employee,Software-Update fuer WS-03 angefragt,WS-03,resolved
CASE-01015,2010-07-02,Wendy Heikkonen,customer,Rechnung zu Bestellung 12164 weicht ab,Order 12164,resolved
CASE-01016,2010-07-13,Elio Cooper,customer,Reklamation zu Bestellung 10898,Order 10898,in_progress
CASE-01017,2010-07-19,Niels Bein,customer,Neuanlage Lieferadresse gewuenscht,Customer VLLAI,resolved
CASE-01018,2010-07-15,Wendy Weber,customer,Ruecksendung zu Bestellung 12011 beantragt,Order 12011,resolved
CASE-01019,2010-07-25,Anne Dodsworth,employee,Berechtigung fuer Reporting fehlt an WS-09,WS-09,resolved
CASE-01020,2010-07-25,Nancy Davolio,employee,OrderDesk-Login nach Passwortablauf gesperrt,WS-01,resolved
CASE-01021,2010-07-25,Laura Callahan,employee,Arbeitsplatz WS-08 braucht OrderDesk-Zugriff,WS-08,resolved
CASE-01022,2010-07-28,Noah Damodaran,employee,Datenexport aus OrderDesk stockt an WS-13,WS-13,resolved
CASE-01023,2010-08-02,Sven Damodaran,customer,Neuanlage Lieferadresse gewuenscht,Customer OAHDC,resolved
CASE-01024,2010-08-10,Yoshi Wilson,customer,Neuanlage Lieferadresse gewuenscht,Customer HDHPW,in_progress
CASE-01025,2010-08-06,Regina Winkler,customer,Reklamation zu Bestellung 12182,Order 12182,resolved
CASE-01026,2010-08-15,Marie Petersen,customer,Neuanlage Lieferadresse gewuenscht,Customer EPYTU,resolved
CASE-01027,2010-08-06,Steven Buchanan,employee,Datenexport aus OrderDesk stockt an WS-05,WS-05,in_progress
CASE-01028,2010-08-09,Shelley Crespi,employee,Arbeitsplatz WS-15 braucht OrderDesk-Zugriff,WS-15,resolved
CASE-01029,2010-08-14,Niels Bein,employee,OrderDesk-Login nach Passwortablauf gesperrt,WS-17,resolved
CASE-01030,2010-08-04,Nancy Davolio,employee,Drucker an WS-01 nicht erreichbar,WS-01,resolved
CASE-01031,2010-09-25,Maria Anders,customer,Rechnung zu Bestellung 12451 weicht ab,Order 12451,resolved
CASE-01032,2010-09-09,Chandra Petersen,customer,Frage zur Produktverfuegbarkeit,Customer VPTMC,resolved
CASE-01033,2010-09-03,Robb Cooper,customer,Aenderung an offener Bestellung 12331 gewuenscht,Order 12331,resolved
CASE-01034,2010-09-21,Sofia Nolot,customer,Angebot fuer Grossmenge angefragt,Customer UGXKI,resolved
CASE-01035,2010-09-03,Laura Callahan,employee,Arbeitsplatz WS-08 braucht OrderDesk-Zugriff,WS-08,resolved
CASE-01036,2010-09-09,IT-Betrieb,employee,Zertifikat auf SRV-02 laeuft bald ab,SRV-02,resolved
CASE-01037,2010-09-10,IT-Betrieb,employee,Backup auf SRV-02 pruefen,SRV-02,resolved
CASE-01038,2010-09-07,Anne Wilson,employee,Arbeitsplatz WS-18 braucht OrderDesk-Zugriff,WS-18,in_progress
CASE-01039,2010-10-01,Peter Fresnel,customer,Rechnung zu Bestellung 12470 weicht ab,Order 12470,resolved
CASE-01040,2010-10-12,Shelley Bertrand,customer,Rechnung zu Bestellung 11827 weicht ab,Order 11827,resolved
CASE-01041,2010-10-03,Regina Vileid,customer,Ruecksendung zu Bestellung 12326 beantragt,Order 12326,resolved
CASE-01042,2010-10-18,Robb Murphy,customer,Rechnung zu Bestellung 11856 weicht ab,Order 11856,resolved
CASE-01043,2010-10-20,Robert King,employee,OrderDesk-Login nach Passwortablauf gesperrt,WS-07,resolved
CASE-01044,2010-10-17,IT-Betrieb,employee,Backup auf SRV-02 pruefen,SRV-02,resolved
CASE-01045,2010-11-23,Robb Nodier,customer,Reklamation zu Bestellung 12266,Order 12266,new
CASE-01046,2010-11-09,Mayumi Schulz,customer,Rechnung zu Bestellung 11764 weicht ab,Order 11764,resolved
CASE-01047,2010-11-11,Chantal del Valle,customer,Konditionen fuer Rahmenbestellung angefragt,Customer WRGAC,in_progress
CASE-01048,2010-11-10,Katrin Nodier,customer,Lieferstatus zu Bestellung 12423 unklar,Order 12423,resolved
CASE-01049,2010-11-02,Niels Bein,employee,Drucker an WS-17 nicht erreichbar,WS-17,resolved
CASE-01050,2010-11-16,Noah Damodaran,employee,Arbeitsplatz WS-13 braucht OrderDesk-Zugriff,WS-13,resolved
CASE-01051,2010-12-11,Maria Anders,customer,Frage zur Produktverfuegbarkeit,Customer ALFKI,in_progress
CASE-01052,2010-12-01,Carlos Schulz,customer,Ruecksendung zu Bestellung 10899 beantragt,Order 10899,resolved
CASE-01053,2010-12-12,Dirk Nagase,customer,Reklamation zu Bestellung 12473,Order 12473,in_progress
CASE-01054,2010-12-16,Noah Amsel,customer,Ruecksendung zu Bestellung 12275 beantragt,Order 12275,resolved
CASE-01055,2010-12-07,Niels Bein,employee,Drucker an WS-17 nicht erreichbar,WS-17,resolved
CASE-01056,2010-12-27,Steven Buchanan,employee,Berechtigung fuer Reporting fehlt an WS-05,WS-05,resolved
CASE-01057,2010-12-05,Nancy Davolio,employee,OrderDesk-Login nach Passwortablauf gesperrt,WS-01,in_progress
CASE-01058,2010-12-04,Charlotte Burke,employee,Datenexport aus OrderDesk stockt an WS-16,WS-16,resolved
CASE-01059,2011-01-09,Michael Nolot,customer,Aenderung an offener Bestellung 12272 gewuenscht,Order 12272,resolved
CASE-01060,2011-01-01,Dirk Petersen,customer,Lieferstatus zu Bestellung 12249 unklar,Order 12249,resolved
CASE-01061,2011-01-28,Petra Goulet,customer,Reklamation zu Bestellung 12445,Order 12445,resolved
CASE-01062,2011-01-27,Carlos Petersen,customer,Liefertermin zu Bestellung 12623 anfragen,Order 12623,resolved
CASE-01063,2011-01-23,Shelley Crespi,employee,Arbeitsplatz WS-15 braucht OrderDesk-Zugriff,WS-15,resolved
CASE-01064,2011-01-24,Shelley Crespi,employee,OrderDesk-Login nach Passwortablauf gesperrt,WS-15,resolved
CASE-01065,2011-01-22,IT-Betrieb,employee,Backup auf SRV-02 pruefen,SRV-02,resolved
CASE-01066,2011-01-15,IT-Betrieb,employee,SRV-01 meldet vollen Log-Datentraeger,SRV-01,resolved
CASE-01067,2011-02-22,Elio Nagase,customer,Frage zur Produktverfuegbarkeit,Customer JEYCD,resolved
CASE-01068,2011-02-25,Cheryl Brandt,customer,Lieferstatus zu Bestellung 12374 unklar,Order 12374,resolved
CASE-01069,2011-02-24,Niels Bein,customer,Reklamation zu Bestellung 12145,Order 12145,resolved
CASE-01070,2011-02-02,Sven Petersen,customer,Reklamation zu Bestellung 12447,Order 12447,resolved
CASE-01071,2011-02-02,Nancy Davolio,employee,Software-Update fuer WS-01 angefragt,WS-01,resolved
CASE-01072,2011-02-03,Shelley Crespi,employee,OrderDesk-Login nach Passwortablauf gesperrt,WS-15,in_progress
CASE-01073,2011-02-20,Steven Buchanan,employee,Arbeitsplatz WS-05 braucht OrderDesk-Zugriff,WS-05,resolved
CASE-01074,2011-02-08,IT-Betrieb,employee,Backup auf SRV-02 pruefen,SRV-02,resolved
CASE-01075,2011-03-18,Maria Anders,customer,Konditionen fuer Rahmenbestellung angefragt,Customer ALFKI,resolved
CASE-01076,2011-03-20,Carlos Murphy,customer,Frage zur Produktverfuegbarkeit,Customer ONAMJ,resolved
CASE-01077,2011-03-13,Elio Nagase,customer,Rechnung zu Bestellung 11410 weicht ab,Order 11410,resolved
CASE-01078,2011-03-27,Anne Bein,customer,Angebot fuer Grossmenge angefragt,Customer TKZGB,resolved
CASE-01079,2011-03-18,IT-Betrieb,employee,SRV-02 meldet vollen Log-Datentraeger,SRV-02,resolved
CASE-01080,2011-03-09,IT-Betrieb,employee,SRV-02 meldet vollen Log-Datentraeger,SRV-02,resolved
CASE-01081,2011-03-25,IT-Betrieb,employee,Dienst-Neustart auf SRV-01 noetig,SRV-01,in_progress
CASE-01082,2011-03-26,Noah Damodaran,employee,Berechtigung fuer Reporting fehlt an WS-13,WS-13,resolved
CASE-01083,2011-04-22,Niels Bein,customer,Rechnung zu Bestellung 11075 weicht ab,Order 11075,resolved
CASE-01084,2011-04-06,Sofia Schulz,customer,Lieferstatus zu Bestellung 12581 unklar,Order 12581,resolved
CASE-01085,2011-04-04,Regina Ohno,customer,Lieferstatus zu Bestellung 12571 unklar,Order 12571,resolved
CASE-01086,2011-04-24,Martin Bein,customer,Angebot fuer Grossmenge angefragt,Customer AHYQD,resolved
CASE-01087,2011-04-28,Petra Cooper,employee,Datenexport aus OrderDesk stockt an WS-11,WS-11,resolved
CASE-01088,2011-04-20,IT-Betrieb,employee,Dienst-Neustart auf SRV-02 noetig,SRV-02,resolved
CASE-01089,2011-04-16,IT-Betrieb,employee,SRV-02 meldet vollen Log-Datentraeger,SRV-02,resolved
CASE-01090,2011-04-16,Mayumi Crespi,employee,Drucker an WS-19 nicht erreichbar,WS-19,resolved
CASE-01091,2011-05-07,Emma Wilson,customer,Rechnung zu Bestellung 12193 weicht ab,Order 12193,resolved
CASE-01092,2011-05-17,Niels Bein,customer,Ruecksendung zu Bestellung 10989 beantragt,Order 10989,resolved
CASE-01093,2011-05-24,Guylene del Valle,customer,Aenderung an offener Bestellung 11541 gewuenscht,Order 11541,resolved
CASE-01094,2011-05-13,Mayumi Luchini,customer,Aenderung an offener Bestellung 12148 gewuenscht,Order 12148,resolved
CASE-01095,2011-05-16,Mayumi Crespi,employee,Software-Update fuer WS-19 angefragt,WS-19,resolved
CASE-01096,2011-05-16,IT-Betrieb,employee,Backup auf SRV-01 pruefen,SRV-01,resolved
CASE-01097,2011-06-12,Maria Anders,customer,Reklamation zu Bestellung 12650,Order 12650,resolved
CASE-01098,2011-06-18,Chandra Brandt,customer,Rechnung zu Bestellung 12538 weicht ab,Order 12538,resolved
CASE-01099,2011-06-18,Ian Merchant,customer,Angebot fuer Grossmenge angefragt,Customer GSWQC,resolved
CASE-01100,2011-06-11,Sven del Valle,customer,Liefertermin zu Bestellung 12207 anfragen,Order 12207,resolved
CASE-01101,2011-06-04,Petra Cooper,employee,Drucker an WS-11 nicht erreichbar,WS-11,in_progress
CASE-01102,2011-06-27,IT-Betrieb,employee,Backup auf SRV-02 pruefen,SRV-02,resolved
CASE-01103,2011-06-21,Charlotte Burke,employee,Software-Update fuer WS-16 angefragt,WS-16,resolved
CASE-01104,2011-07-14,Carlos Schulz,customer,Liefertermin zu Bestellung 11925 anfragen,Order 11925,resolved
CASE-01105,2011-07-20,Niels Murphy,customer,Konditionen fuer Rahmenbestellung angefragt,Customer PBQGH,resolved
CASE-01106,2011-07-11,Ian Merchant,customer,Angebot fuer Grossmenge angefragt,Customer GSWQC,resolved
CASE-01107,2011-07-20,Chantal Amsel,customer,Reklamation zu Bestellung 11474,Order 11474,resolved
CASE-01108,2011-07-10,Margaret Peacock,employee,Software-Update fuer WS-04 angefragt,WS-04,in_progress
CASE-01109,2011-07-08,Steven Buchanan,employee,Software-Update fuer WS-05 angefragt,WS-05,resolved
CASE-01110,2011-07-08,Petra Cooper,employee,Datenexport aus OrderDesk stockt an WS-11,WS-11,resolved
CASE-01111,2011-07-06,Petra Cooper,employee,Software-Update fuer WS-11 angefragt,WS-11,resolved
CASE-01112,2011-08-22,Niels Murphy,customer,Angebot fuer Grossmenge angefragt,Customer PBQGH,resolved
CASE-01113,2011-08-13,Sofia Schulz,customer,Frage zur Produktverfuegbarkeit,Customer FJAKE,resolved
CASE-01114,2011-08-26,Emma Peterson,customer,Frage zur Produktverfuegbarkeit,Customer GZJQE,resolved
CASE-01115,2011-08-07,Guylene Devling,customer,Ruecksendung zu Bestellung 11840 beantragt,Order 11840,resolved
CASE-01116,2011-08-23,Andrew Fuller,employee,Arbeitsplatz WS-02 braucht OrderDesk-Zugriff,WS-02,resolved
CASE-01117,2011-08-18,Mayumi Merchant,employee,Datenexport aus OrderDesk stockt an WS-14,WS-14,resolved
CASE-01118,2011-09-06,Maria Anders,customer,Rechnung zu Bestellung 12553 weicht ab,Order 12553,new
CASE-01119,2011-09-02,Noah Nodier,customer,Neuanlage Lieferadresse gewuenscht,Customer HGUIL,in_progress
CASE-01120,2011-09-19,Chandra Petersen,customer,Lieferstatus zu Bestellung 12342 unklar,Order 12342,resolved
CASE-01121,2011-09-25,Chantal Nodier,customer,Liefertermin zu Bestellung 12142 anfragen,Order 12142,resolved
CASE-01122,2011-09-17,IT-Betrieb,employee,Backup auf SRV-02 pruefen,SRV-02,resolved
CASE-01123,2011-09-04,IT-Betrieb,employee,Backup auf SRV-01 pruefen,SRV-01,resolved
CASE-01124,2011-09-26,Niels Bein,employee,Software-Update fuer WS-17 angefragt,WS-17,resolved
CASE-01125,2011-10-14,Guylene Saveley,customer,Konditionen fuer Rahmenbestellung angefragt,Customer MIRTJ,resolved
CASE-01126,2011-10-26,Sven Cooper,customer,Frage zur Produktverfuegbarkeit,Customer HBKZL,resolved
CASE-01127,2011-10-21,Ian Crespi,customer,Lieferstatus zu Bestellung 12318 unklar,Order 12318,in_progress
CASE-01128,2011-10-23,Chandra Murphy,customer,Aenderung an offener Bestellung 12575 gewuenscht,Order 12575,resolved
CASE-01129,2011-10-21,Andrew Fuller,employee,Berechtigung fuer Reporting fehlt an WS-02,WS-02,resolved
CASE-01130,2011-10-17,Janet Leverling,employee,Datenexport aus OrderDesk stockt an WS-03,WS-03,resolved
CASE-01131,2011-10-12,Michael Suyama,employee,Berechtigung fuer Reporting fehlt an WS-06,WS-06,resolved
CASE-01132,2011-11-01,Giovanni Vileid,customer,Konditionen fuer Rahmenbestellung angefragt,Customer PXKQP,resolved
CASE-01133,2011-11-20,Shelley Ohno,customer,Angebot fuer Grossmenge angefragt,Customer SEYYD,resolved
CASE-01134,2011-11-12,Niels Weber,customer,Liefertermin zu Bestellung 12630 anfragen,Order 12630,resolved
CASE-01135,2011-11-04,Robb Petersen,customer,Ruecksendung zu Bestellung 11057 beantragt,Order 11057,resolved
CASE-01136,2011-11-09,Niels Bein,employee,Drucker an WS-17 nicht erreichbar,WS-17,resolved
CASE-01137,2011-11-04,Beate Peterson,employee,Datenexport aus OrderDesk stockt an WS-12,WS-12,in_progress
CASE-01138,2011-11-19,Beate Peterson,employee,OrderDesk-Login nach Passwortablauf gesperrt,WS-12,resolved
CASE-01139,2011-12-28,Maria Anders,customer,Frage zur Produktverfuegbarkeit,Customer ALFKI,resolved
CASE-01140,2011-12-04,Peter Devling,customer,Reklamation zu Bestellung 12203,Order 12203,resolved
CASE-01141,2011-12-12,Lena Nagase,customer,Lieferstatus zu Bestellung 12341 unklar,Order 12341,resolved
CASE-01142,2011-12-07,Michael Petersen,customer,Konditionen fuer Rahmenbestellung angefragt,Customer XTUBQ,resolved
CASE-01143,2011-12-06,Beate Peterson,employee,Software-Update fuer WS-12 angefragt,WS-12,resolved
CASE-01144,2011-12-07,Anne Wilson,employee,Datenexport aus OrderDesk stockt an WS-18,WS-18,resolved
CASE-01145,2012-01-02,Niels Winkler,customer,Konditionen fuer Rahmenbestellung angefragt,Customer CFXGH,resolved
CASE-01146,2012-01-23,Lars Goulet,customer,Konditionen fuer Rahmenbestellung angefragt,Customer DQLXX,resolved
CASE-01147,2012-01-10,Lena Mendoza,customer,Liefertermin zu Bestellung 11926 anfragen,Order 11926,resolved
CASE-01148,2012-01-21,Antonio Damodaran,customer,Frage zur Produktverfuegbarkeit,Customer MFAQT,resolved
CASE-01149,2012-01-01,Petra Cooper,employee,Datenexport aus OrderDesk stockt an WS-11,WS-11,resolved
CASE-01150,2012-01-12,Andrew Fuller,employee,Software-Update fuer WS-02 angefragt,WS-02,resolved
CASE-01151,2012-01-04,Shelley Crespi,employee,Datenexport aus OrderDesk stockt an WS-15,WS-15,resolved
CASE-01152,2012-01-13,Andrew Fuller,employee,Berechtigung fuer Reporting fehlt an WS-02,WS-02,in_progress
CASE-01153,2012-02-18,Chantal Bein,customer,Liefertermin zu Bestellung 12746 anfragen,Order 12746,resolved
CASE-01154,2012-02-03,Chandra Damodaran,customer,Konditionen fuer Rahmenbestellung angefragt,Customer RTQKE,resolved
CASE-01155,2012-02-03,Pavel Murphy,customer,Konditionen fuer Rahmenbestellung angefragt,Customer BOGAS,resolved
CASE-01156,2012-02-05,Charlotte Wilson,customer,Aenderung an offener Bestellung 12744 gewuenscht,Order 12744,resolved
CASE-01157,2012-02-09,Robert King,employee,Datenexport aus OrderDesk stockt an WS-07,WS-07,resolved
CASE-01158,2012-02-28,Mayumi Crespi,employee,Berechtigung fuer Reporting fehlt an WS-19,WS-19,resolved
CASE-01159,2012-03-01,Maria Anders,customer,Rechnung zu Bestellung 12688 weicht ab,Order 12688,in_progress
CASE-01160,2012-03-26,Ian Nolot,customer,Angebot fuer Grossmenge angefragt,Customer EOAED,resolved
CASE-01161,2012-03-23,Chandra Murphy,customer,Reklamation zu Bestellung 12575,Order 12575,new
CASE-01162,2012-03-09,Guylene Saveley,customer,Lieferstatus zu Bestellung 11785 unklar,Order 11785,in_progress
CASE-01163,2012-03-03,Anne Wilson,employee,OrderDesk-Login nach Passwortablauf gesperrt,WS-18,resolved
CASE-01164,2012-03-20,Shelley Crespi,employee,Datenexport aus OrderDesk stockt an WS-15,WS-15,resolved
CASE-01165,2012-04-21,Elio Cooper,customer,Neuanlage Lieferadresse gewuenscht,Customer BAQLL,resolved
CASE-01166,2012-04-04,Jonas Luchini,customer,Aenderung an offener Bestellung 11806 gewuenscht,Order 11806,in_progress
CASE-01167,2012-04-10,Pavel Luchini,customer,Lieferstatus zu Bestellung 11681 unklar,Order 11681,resolved
CASE-01168,2012-04-26,Chandra Petersen,customer,Angebot fuer Grossmenge angefragt,Customer VPTMC,resolved
CASE-01169,2012-04-19,Noah Damodaran,employee,Berechtigung fuer Reporting fehlt an WS-13,WS-13,in_progress
CASE-01170,2012-04-20,Michael Nolot,employee,Drucker an WS-20 nicht erreichbar,WS-20,resolved
CASE-01171,2012-04-27,Janet Leverling,employee,Arbeitsplatz WS-03 braucht OrderDesk-Zugriff,WS-03,resolved
CASE-01172,2012-05-19,Peter Mendoza,customer,Neuanlage Lieferadresse gewuenscht,Customer TKGMR,resolved
CASE-01173,2012-05-28,Robb Nodier,customer,Angebot fuer Grossmenge angefragt,Customer BNFBU,resolved
CASE-01174,2012-05-09,Charlotte Fresnel,customer,Konditionen fuer Rahmenbestellung angefragt,Customer POBYN,resolved
CASE-01175,2012-05-13,Lena Damodaran,customer,Ruecksendung zu Bestellung 12842 beantragt,Order 12842,resolved
CASE-01176,2012-05-22,Andrew Fuller,employee,Datenexport aus OrderDesk stockt an WS-02,WS-02,resolved
CASE-01177,2012-05-13,IT-Betrieb,employee,Zertifikat auf SRV-01 laeuft bald ab,SRV-01,resolved
CASE-01178,2012-05-19,Charlotte Burke,employee,Drucker an WS-16 nicht erreichbar,WS-16,resolved
CASE-01179,2012-05-25,IT-Betrieb,employee,Backup auf SRV-02 pruefen,SRV-02,resolved
CASE-01180,2012-06-16,Maria Anders,customer,Ruecksendung zu Bestellung 12773 beantragt,Order 12773,resolved
CASE-01181,2012-06-19,Chantal Crespi,customer,Frage zur Produktverfuegbarkeit,Customer KVIFE,resolved
CASE-01182,2012-06-05,Katrin Cooper,customer,Neuanlage Lieferadresse gewuenscht,Customer GVNBB,resolved
CASE-01183,2012-06-05,Martin Petersen,customer,Liefertermin zu Bestellung 12156 anfragen,Order 12156,resolved
CASE-01184,2012-06-06,Michael Suyama,employee,Drucker an WS-06 nicht erreichbar,WS-06,resolved
CASE-01185,2012-06-04,Andrew Fuller,employee,OrderDesk-Login nach Passwortablauf gesperrt,WS-02,resolved
CASE-01186,2012-07-20,Pavel Crespi,customer,Frage zur Produktverfuegbarkeit,Customer COJQZ,resolved
CASE-01187,2012-07-19,Marco Burke,customer,Angebot fuer Grossmenge angefragt,Customer ORDDL,resolved
CASE-01188,2012-07-18,Giovanni Bein,customer,Aenderung an offener Bestellung 11552 gewuenscht,Order 11552,new
CASE-01189,2012-07-02,Guylene del Valle,customer,Neuanlage Lieferadresse gewuenscht,Customer SMORH,in_progress
CASE-01190,2012-07-13,IT-Betrieb,employee,Zertifikat auf SRV-01 laeuft bald ab,SRV-01,resolved
CASE-01191,2012-07-21,IT-Betrieb,employee,SRV-02 meldet vollen Log-Datentraeger,SRV-02,resolved
CASE-01192,2012-08-04,Ian Crespi,customer,Liefertermin zu Bestellung 12113 anfragen,Order 12113,resolved
CASE-01193,2012-08-17,Noah Ohno,customer,Aenderung an offener Bestellung 12288 gewuenscht,Order 12288,resolved
CASE-01194,2012-08-25,Petra Crespi,customer,Aenderung an offener Bestellung 10565 gewuenscht,Order 10565,resolved
CASE-01195,2012-08-18,Michael Goulet,customer,Angebot fuer Grossmenge angefragt,Customer OMRHM,resolved
CASE-01196,2012-08-07,Beate Peterson,employee,Datenexport aus OrderDesk stockt an WS-12,WS-12,resolved
CASE-01197,2012-08-20,Shelley Crespi,employee,Software-Update fuer WS-15 angefragt,WS-15,resolved
CASE-01198,2012-09-02,Maria Anders,customer,Lieferstatus zu Bestellung 12807 unklar,Order 12807,resolved
CASE-01199,2012-09-23,Ian Crespi,customer,Reklamation zu Bestellung 12713,Order 12713,resolved
CASE-01200,2012-09-05,Martin Ohno,customer,Angebot fuer Grossmenge angefragt,Customer EYFDB,resolved
CASE-01201,2012-09-20,Mayumi Murphy,customer,Liefertermin zu Bestellung 12588 anfragen,Order 12588,resolved
CASE-01202,2012-09-26,Petra Cooper,employee,Berechtigung fuer Reporting fehlt an WS-11,WS-11,resolved
CASE-01203,2012-09-25,Anne Dodsworth,employee,Berechtigung fuer Reporting fehlt an WS-09,WS-09,resolved
CASE-01204,2012-10-09,Ian Nolot,customer,Neuanlage Lieferadresse gewuenscht,Customer EOAED,resolved
CASE-01205,2012-10-19,Mayumi Petersen,customer,Neuanlage Lieferadresse gewuenscht,Customer IQMQX,resolved
CASE-01206,2012-10-17,Beate Weber,customer,Reklamation zu Bestellung 11382,Order 11382,resolved
CASE-01207,2012-10-03,Noah Nodier,customer,Frage zur Produktverfuegbarkeit,Customer QVYOW,resolved
CASE-01208,2012-10-05,Steven Buchanan,employee,OrderDesk-Login nach Passwortablauf gesperrt,WS-05,resolved
CASE-01209,2012-10-19,Beate Peterson,employee,Datenexport aus OrderDesk stockt an WS-12,WS-12,resolved
CASE-01210,2012-10-22,Janet Leverling,employee,Drucker an WS-03 nicht erreichbar,WS-03,resolved
CASE-01211,2012-10-05,Niels Bein,employee,Software-Update fuer WS-17 angefragt,WS-17,resolved
CASE-01212,2012-11-23,Chandra Peterson,customer,Ruecksendung zu Bestellung 12828 beantragt,Order 12828,resolved
CASE-01213,2012-11-25,Elio Keller,customer,Lieferstatus zu Bestellung 12345 unklar,Order 12345,resolved
CASE-01214,2012-11-08,Michael Nolot,customer,Lieferstatus zu Bestellung 12779 unklar,Order 12779,resolved
CASE-01215,2012-11-20,Jonas Nolot,customer,Rechnung zu Bestellung 11908 weicht ab,Order 11908,resolved
CASE-01216,2012-11-13,IT-Betrieb,employee,SRV-01 meldet vollen Log-Datentraeger,SRV-01,resolved
CASE-01217,2012-11-09,IT-Betrieb,employee,SRV-01 meldet vollen Log-Datentraeger,SRV-01,resolved
CASE-01218,2012-12-22,Maria Anders,customer,Aenderung an offener Bestellung 12844 gewuenscht,Order 12844,resolved
CASE-01219,2012-12-21,Chantal Bein,customer,Neuanlage Lieferadresse gewuenscht,Customer TFXGR,resolved
CASE-01220,2012-12-14,Beate Peterson,customer,Reklamation zu Bestellung 12670,Order 12670,resolved
CASE-01221,2012-12-02,Chantal Bein,customer,Aenderung an offener Bestellung 12022 gewuenscht,Order 12022,resolved
CASE-01222,2012-12-08,Michael Nolot,employee,Datenexport aus OrderDesk stockt an WS-20,WS-20,resolved
CASE-01223,2012-12-19,Mayumi Crespi,employee,Berechtigung fuer Reporting fehlt an WS-19,WS-19,resolved
CASE-01224,2012-12-27,Robert King,employee,Berechtigung fuer Reporting fehlt an WS-07,WS-07,resolved
CASE-01225,2013-01-27,Peter Amsel,customer,Reklamation zu Bestellung 12049,Order 12049,in_progress
CASE-01226,2013-01-09,Lena Nagase,customer,Rechnung zu Bestellung 12757 weicht ab,Order 12757,resolved
CASE-01227,2013-01-05,Marco Luchini,customer,Konditionen fuer Rahmenbestellung angefragt,Customer CZVTV,resolved
CASE-01228,2013-01-16,Noah Burke,customer,Angebot fuer Grossmenge angefragt,Customer MIBJV,resolved
CASE-01229,2013-01-27,Shelley Crespi,employee,OrderDesk-Login nach Passwortablauf gesperrt,WS-15,resolved
CASE-01230,2013-01-13,Shelley Crespi,employee,Software-Update fuer WS-15 angefragt,WS-15,resolved
CASE-01231,2013-01-26,Beate Peterson,employee,Arbeitsplatz WS-12 braucht OrderDesk-Zugriff,WS-12,in_progress
CASE-01232,2013-01-05,IT-Betrieb,employee,Dienst-Neustart auf SRV-02 noetig,SRV-02,resolved
CASE-01233,2013-02-15,Marco Goulet,customer,Lieferstatus zu Bestellung 11821 unklar,Order 11821,resolved
CASE-01234,2013-02-24,Marco Bein,customer,Rechnung zu Bestellung 11172 weicht ab,Order 11172,resolved
CASE-01235,2013-02-18,Emma Wilson,customer,Konditionen fuer Rahmenbestellung angefragt,Customer OOUXQ,resolved
CASE-01236,2013-02-06,Yoshi Damodaran,customer,Ruecksendung zu Bestellung 12561 beantragt,Order 12561,in_progress
CASE-01237,2013-02-18,Mayumi Merchant,employee,Software-Update fuer WS-14 angefragt,WS-14,resolved
CASE-01238,2013-02-11,Niels Bein,employee,Software-Update fuer WS-17 angefragt,WS-17,resolved
CASE-01239,2013-03-24,Maria Anders,customer,Rechnung zu Bestellung 12773 weicht ab,Order 12773,resolved
CASE-01240,2013-03-26,Chantal del Valle,customer,Aenderung an offener Bestellung 12652 gewuenscht,Order 12652,resolved
CASE-01241,2013-03-18,Giovanni Vileid,customer,Konditionen fuer Rahmenbestellung angefragt,Customer PXKQP,resolved
CASE-01242,2013-03-11,Elio Nagase,customer,Aenderung an offener Bestellung 12559 gewuenscht,Order 12559,resolved
CASE-01243,2013-03-22,Mayumi Crespi,employee,Datenexport aus OrderDesk stockt an WS-19,WS-19,resolved
CASE-01244,2013-03-14,Michael Suyama,employee,Datenexport aus OrderDesk stockt an WS-06,WS-06,resolved
CASE-01245,2013-03-20,IT-Betrieb,employee,Dienst-Neustart auf SRV-02 noetig,SRV-02,resolved
CASE-01246,2013-03-08,Mayumi Crespi,employee,Berechtigung fuer Reporting fehlt an WS-19,WS-19,new
CASE-01247,2013-04-23,Jonas Luchini,customer,Lieferstatus zu Bestellung 11009 unklar,Order 11009,resolved
CASE-01248,2013-04-06,Regina Nolot,customer,Rechnung zu Bestellung 12489 weicht ab,Order 12489,resolved
CASE-01249,2013-04-15,Charlotte Amsel,customer,Liefertermin zu Bestellung 11336 anfragen,Order 11336,resolved
CASE-01250,2013-04-24,Lena Peterson,customer,Konditionen fuer Rahmenbestellung angefragt,Customer OPZMR,resolved
CASE-01251,2013-04-12,Sven Merchant,employee,Datenexport aus OrderDesk stockt an WS-21,WS-21,resolved
CASE-01252,2013-04-27,Michael Mendoza,employee,Datenexport aus OrderDesk stockt an WS-10,WS-10,resolved
CASE-01253,2013-05-03,Ian Nolot,customer,Liefertermin zu Bestellung 12562 anfragen,Order 12562,resolved
CASE-01254,2013-05-03,Lena Damodaran,customer,Aenderung an offener Bestellung 12842 gewuenscht,Order 12842,resolved
CASE-01255,2013-05-22,Carlos Schulz,customer,Frage zur Produktverfuegbarkeit,Customer EDMNO,resolved
CASE-01256,2013-05-16,Niels Schulz,customer,Aenderung an offener Bestellung 12433 gewuenscht,Order 12433,resolved
CASE-01257,2013-05-03,IT-Betrieb,employee,Dienst-Neustart auf SRV-01 noetig,SRV-01,resolved
CASE-01258,2013-05-19,IT-Betrieb,employee,Zertifikat auf SRV-02 laeuft bald ab,SRV-02,resolved
CASE-01259,2013-06-27,Maria Anders,customer,Reklamation zu Bestellung 12880,Order 12880,resolved
CASE-01260,2013-06-10,Robb Cooper,customer,Ruecksendung zu Bestellung 12331 beantragt,Order 12331,in_progress
CASE-01261,2013-06-07,Beate Mendoza,customer,Liefertermin zu Bestellung 11627 anfragen,Order 11627,resolved
CASE-01262,2013-06-10,Guylene del Valle,customer,Konditionen fuer Rahmenbestellung angefragt,Customer SMORH,resolved
CASE-01263,2013-06-07,Mayumi Merchant,employee,Drucker an WS-14 nicht erreichbar,WS-14,resolved
CASE-01264,2013-06-03,Charlotte Burke,employee,OrderDesk-Login nach Passwortablauf gesperrt,WS-16,resolved
CASE-01265,2013-07-02,Petra Bertrand,customer,Neuanlage Lieferadresse gewuenscht,Customer CSUPO,resolved
CASE-01266,2013-07-18,Sven Petersen,customer,Reklamation zu Bestellung 12129,Order 12129,resolved
CASE-01267,2013-07-25,Martin Devling,customer,Frage zur Produktverfuegbarkeit,Customer SFBTI,resolved
CASE-01268,2013-07-28,Chantal Crespi,customer,Reklamation zu Bestellung 11605,Order 11605,resolved
CASE-01269,2013-07-02,Sven Merchant,employee,Drucker an WS-21 nicht erreichbar,WS-21,resolved
CASE-01270,2013-07-19,Noah Damodaran,employee,Datenexport aus OrderDesk stockt an WS-13,WS-13,resolved
CASE-01271,2013-07-15,Margaret Peacock,employee,Drucker an WS-04 nicht erreichbar,WS-04,resolved
CASE-01272,2013-08-24,Giovanni Petersen,customer,Konditionen fuer Rahmenbestellung angefragt,Customer MYWSA,resolved
CASE-01273,2013-08-03,Jonas Schulz,customer,Aenderung an offener Bestellung 12191 gewuenscht,Order 12191,resolved
CASE-01274,2013-08-08,Shelley Petersen,customer,Angebot fuer Grossmenge angefragt,Customer RDKVH,resolved
CASE-01275,2013-08-19,Beate Wilson,customer,Konditionen fuer Rahmenbestellung angefragt,Customer OIIVP,resolved
CASE-01276,2013-08-09,Michael Mendoza,employee,Arbeitsplatz WS-10 braucht OrderDesk-Zugriff,WS-10,resolved
CASE-01277,2013-08-28,IT-Betrieb,employee,SRV-02 meldet vollen Log-Datentraeger,SRV-02,new
CASE-01278,2013-08-01,Beate Peterson,employee,Drucker an WS-12 nicht erreichbar,WS-12,resolved
CASE-01279,2013-09-18,Maria Anders,customer,Reklamation zu Bestellung 12998,Order 12998,resolved
CASE-01280,2013-09-04,Charlotte Amsel,customer,Liefertermin zu Bestellung 12109 anfragen,Order 12109,resolved
CASE-01281,2013-09-16,Ian del Valle,customer,Rechnung zu Bestellung 10647 weicht ab,Order 10647,resolved
CASE-01282,2013-09-06,Elio Cooper,customer,Frage zur Produktverfuegbarkeit,Customer BAQLL,resolved
CASE-01283,2013-09-08,Steven Buchanan,employee,Berechtigung fuer Reporting fehlt an WS-05,WS-05,resolved
CASE-01284,2013-09-20,IT-Betrieb,employee,Dienst-Neustart auf SRV-01 noetig,SRV-01,resolved
CASE-01285,2013-09-14,IT-Betrieb,employee,SRV-01 meldet vollen Log-Datentraeger,SRV-01,resolved
CASE-01286,2013-09-01,Charlotte Burke,employee,Software-Update fuer WS-16 angefragt,WS-16,resolved
CASE-01287,2013-10-27,Elio Goulet,customer,Ruecksendung zu Bestellung 12764 beantragt,Order 12764,resolved
CASE-01288,2013-10-15,Lena Mendoza,customer,Aenderung an offener Bestellung 12818 gewuenscht,Order 12818,resolved
CASE-01289,2013-10-09,Dirk Petersen,customer,Konditionen fuer Rahmenbestellung angefragt,Customer PCKSN,resolved
CASE-01290,2013-10-06,Wendy Weber,customer,Neuanlage Lieferadresse gewuenscht,Customer TLYEZ,resolved
CASE-01291,2013-10-15,IT-Betrieb,employee,Backup auf SRV-01 pruefen,SRV-01,resolved
CASE-01292,2013-10-10,Nancy Davolio,employee,Drucker an WS-01 nicht erreichbar,WS-01,in_progress
CASE-01293,2013-10-03,Petra Cooper,employee,Drucker an WS-11 nicht erreichbar,WS-11,resolved
CASE-01294,2013-11-08,Pavel Crespi,customer,Angebot fuer Grossmenge angefragt,Customer COJQZ,resolved
CASE-01295,2013-11-14,Yoshi Diaz,customer,Neuanlage Lieferadresse gewuenscht,Customer UUHQZ,resolved
CASE-01296,2013-11-25,Elio Cooper,customer,Rechnung zu Bestellung 11800 weicht ab,Order 11800,resolved
CASE-01297,2013-11-14,Marie Diaz,customer,Angebot fuer Grossmenge angefragt,Customer SKOOI,resolved
CASE-01298,2013-11-19,Anne Dodsworth,employee,Datenexport aus OrderDesk stockt an WS-09,WS-09,resolved
CASE-01299,2013-11-19,Michael Nolot,employee,Arbeitsplatz WS-20 braucht OrderDesk-Zugriff,WS-20,resolved
CASE-01300,2013-11-23,Charlotte Burke,employee,Berechtigung fuer Reporting fehlt an WS-16,WS-16,resolved
CASE-01301,2013-11-01,IT-Betrieb,employee,SRV-02 meldet vollen Log-Datentraeger,SRV-02,resolved
CASE-01302,2013-12-02,Maria Anders,customer,Lieferstatus zu Bestellung 12998 unklar,Order 12998,in_progress
CASE-01303,2013-12-10,Pavel Crespi,customer,Neuanlage Lieferadresse gewuenscht,Customer COJQZ,resolved
CASE-01304,2013-12-09,Pavel Ohno,customer,Reklamation zu Bestellung 12480,Order 12480,resolved
CASE-01305,2013-12-16,Jonas Cooper,customer,Rechnung zu Bestellung 10645 weicht ab,Order 10645,resolved
CASE-01306,2013-12-21,IT-Betrieb,employee,Backup auf SRV-02 pruefen,SRV-02,resolved
CASE-01307,2013-12-15,Anne Dodsworth,employee,Arbeitsplatz WS-09 braucht OrderDesk-Zugriff,WS-09,resolved
CASE-01308,2013-12-14,Nancy Davolio,employee,OrderDesk-Login nach Passwortablauf gesperrt,WS-01,resolved
CASE-01309,2013-12-22,Michael Suyama,employee,Drucker an WS-06 nicht erreichbar,WS-06,resolved
CASE-01310,2014-01-23,Niels Schulz,customer,Aenderung an offener Bestellung 11043 gewuenscht,Order 11043,new
CASE-01311,2014-01-15,Katrin Nodier,customer,Lieferstatus zu Bestellung 12423 unklar,Order 12423,resolved
CASE-01312,2014-01-22,Sofia Devling,customer,Rechnung zu Bestellung 13092 weicht ab,Order 13092,in_progress
CASE-01313,2014-01-04,Dirk Bein,customer,Angebot fuer Grossmenge angefragt,Customer YNUTD,resolved
CASE-01314,2014-01-14,IT-Betrieb,employee,Backup auf SRV-01 pruefen,SRV-01,resolved
CASE-01315,2014-01-02,Steven Buchanan,employee,Drucker an WS-05 nicht erreichbar,WS-05,resolved
CASE-01316,2014-02-02,Charlotte Cooper,customer,Liefertermin zu Bestellung 11390 anfragen,Order 11390,resolved
CASE-01317,2014-02-24,Dirk Burke,customer,Frage zur Produktverfuegbarkeit,Customer HAWET,resolved
CASE-01318,2014-02-10,Mayumi Schulz,customer,Liefertermin zu Bestellung 12001 anfragen,Order 12001,resolved
CASE-01319,2014-02-08,Cheryl Keller,customer,Konditionen fuer Rahmenbestellung angefragt,Customer MDMOQ,resolved
CASE-01320,2014-02-20,Anne Dodsworth,employee,Datenexport aus OrderDesk stockt an WS-09,WS-09,resolved
CASE-01321,2014-02-21,Petra Cooper,employee,Berechtigung fuer Reporting fehlt an WS-11,WS-11,resolved
CASE-01322,2014-02-03,Shelley Crespi,employee,Drucker an WS-15 nicht erreichbar,WS-15,resolved
CASE-01323,2014-03-26,Maria Anders,customer,Liefertermin zu Bestellung 12998 anfragen,Order 12998,resolved
CASE-01324,2014-03-24,Petra Luchini,customer,Frage zur Produktverfuegbarkeit,Customer BKUUP,in_progress
CASE-01325,2014-03-26,Peter Amsel,customer,Reklamation zu Bestellung 12394,Order 12394,resolved
CASE-01326,2014-03-04,Cheryl Brandt,customer,Frage zur Produktverfuegbarkeit,Customer DXZWS,resolved
CASE-01327,2014-03-05,Michael Mendoza,employee,Software-Update fuer WS-10 angefragt,WS-10,resolved
CASE-01328,2014-03-14,Shelley Crespi,employee,Arbeitsplatz WS-15 braucht OrderDesk-Zugriff,WS-15,resolved
CASE-01329,2014-03-19,Beate Peterson,employee,Software-Update fuer WS-12 angefragt,WS-12,resolved
CASE-01330,2014-04-01,Chandra del Valle,customer,Liefertermin zu Bestellung 12466 anfragen,Order 12466,resolved
CASE-01331,2014-04-06,Martin Ohno,customer,Aenderung an offener Bestellung 12980 gewuenscht,Order 12980,resolved
CASE-01332,2014-04-27,Jonas Cooper,customer,Frage zur Produktverfuegbarkeit,Customer FMMRL,resolved
CASE-01333,2014-04-09,Sofia Devling,customer,Reklamation zu Bestellung 13092,Order 13092,in_progress
CASE-01334,2014-04-09,Niels Nagase,employee,Arbeitsplatz WS-22 braucht OrderDesk-Zugriff,WS-22,resolved
CASE-01335,2014-04-17,Robert King,employee,Berechtigung fuer Reporting fehlt an WS-07,WS-07,resolved
CASE-01336,2014-04-24,Nancy Davolio,employee,OrderDesk-Login nach Passwortablauf gesperrt,WS-01,resolved
CASE-01337,2014-04-23,Noah Damodaran,employee,Berechtigung fuer Reporting fehlt an WS-13,WS-13,resolved
CASE-01338,2014-05-26,Ian Merchant,customer,Neuanlage Lieferadresse gewuenscht,Customer GSWQC,resolved
CASE-01339,2014-05-09,Wendy Weber,customer,Neuanlage Lieferadresse gewuenscht,Customer QTIBV,resolved
CASE-01340,2014-05-20,Yoshi Petersen,customer,Ruecksendung zu Bestellung 10684 beantragt,Order 10684,resolved
CASE-01341,2014-05-14,Antonio Wilson,customer,Neuanlage Lieferadresse gewuenscht,Customer JLWBL,resolved
CASE-01342,2014-05-28,Steven Buchanan,employee,Berechtigung fuer Reporting fehlt an WS-05,WS-05,resolved
CASE-01343,2014-05-19,Niels Bein,employee,Berechtigung fuer Reporting fehlt an WS-17,WS-17,resolved
CASE-01344,2014-05-11,Michael Suyama,employee,OrderDesk-Login nach Passwortablauf gesperrt,WS-06,resolved
CASE-01345,2014-05-27,Janet Leverling,employee,Berechtigung fuer Reporting fehlt an WS-03,WS-03,resolved
CASE-01346,2014-06-07,Maria Anders,customer,Rechnung zu Bestellung 13063 weicht ab,Order 13063,resolved
CASE-01347,2014-06-17,Yoshi Wilson,customer,Neuanlage Lieferadresse gewuenscht,Customer HDHPW,resolved
CASE-01348,2014-06-16,Marco Bein,customer,Rechnung zu Bestellung 11116 weicht ab,Order 11116,resolved
CASE-01349,2014-06-22,Antonio Fresnel,customer,Angebot fuer Grossmenge angefragt,Customer VRYTZ,resolved
CASE-01350,2014-06-04,Laura Callahan,employee,Datenexport aus OrderDesk stockt an WS-08,WS-08,in_progress
CASE-01351,2014-06-28,IT-Betrieb,employee,SRV-02 meldet vollen Log-Datentraeger,SRV-02,resolved
CASE-01352,2014-07-28,Anne Devling,customer,Aenderung an offener Bestellung 13080 gewuenscht,Order 13080,resolved
CASE-01353,2014-07-25,Chandra Mendoza,customer,Konditionen fuer Rahmenbestellung angefragt,Customer QRPMD,resolved
CASE-01354,2014-07-24,Lars Rossi,customer,Rechnung zu Bestellung 12991 weicht ab,Order 12991,new
CASE-01355,2014-07-21,Lena Nagase,customer,Ruecksendung zu Bestellung 12876 beantragt,Order 12876,resolved
CASE-01356,2014-07-11,Noah Damodaran,employee,Drucker an WS-13 nicht erreichbar,WS-13,new
CASE-01357,2014-07-07,Janet Leverling,employee,Software-Update fuer WS-03 angefragt,WS-03,resolved
CASE-01358,2014-07-03,IT-Betrieb,employee,Backup auf SRV-01 pruefen,SRV-01,resolved
CASE-01359,2014-08-24,Sofia Nolot,customer,Angebot fuer Grossmenge angefragt,Customer UGXKI,resolved
CASE-01360,2014-08-05,Lars Crespi,customer,Rechnung zu Bestellung 11063 weicht ab,Order 11063,in_progress
CASE-01361,2014-08-13,Shelley Goulet,customer,Liefertermin zu Bestellung 11868 anfragen,Order 11868,resolved
CASE-01362,2014-08-26,Martin Ohno,customer,Liefertermin zu Bestellung 11576 anfragen,Order 11576,resolved
CASE-01363,2014-08-12,Marie Fresnel,employee,Datenexport aus OrderDesk stockt an WS-23,WS-23,resolved
CASE-01364,2014-08-20,IT-Betrieb,employee,Backup auf SRV-02 pruefen,SRV-02,in_progress
CASE-01365,2014-08-11,Shelley Crespi,employee,Software-Update fuer WS-15 angefragt,WS-15,resolved
CASE-01366,2014-09-20,Maria Anders,customer,Aenderung an offener Bestellung 13153 gewuenscht,Order 13153,resolved
CASE-01367,2014-09-08,Maria Anders,customer,Liefertermin zu Bestellung 13063 anfragen,Order 13063,resolved
CASE-01368,2014-09-14,Carlos Schulz,customer,Rechnung zu Bestellung 11925 weicht ab,Order 11925,resolved
CASE-01369,2014-09-27,Michael Nolot,customer,Neuanlage Lieferadresse gewuenscht,Customer OBZUY,in_progress
CASE-01370,2014-09-20,Michael Suyama,employee,Berechtigung fuer Reporting fehlt an WS-06,WS-06,resolved
CASE-01371,2014-09-22,Mayumi Merchant,employee,Datenexport aus OrderDesk stockt an WS-14,WS-14,resolved
CASE-01372,2014-10-20,Eliane Brandt,customer,Reklamation zu Bestellung 13073,Order 13073,resolved
CASE-01373,2014-10-19,Lars Goulet,customer,Lieferstatus zu Bestellung 13177 unklar,Order 13177,in_progress
CASE-01374,2014-10-06,Jonas Luchini,customer,Ruecksendung zu Bestellung 12943 beantragt,Order 12943,resolved
CASE-01375,2014-10-10,Sven Damodaran,customer,Aenderung an offener Bestellung 12136 gewuenscht,Order 12136,in_progress
CASE-01376,2014-10-19,Charlotte Burke,employee,Arbeitsplatz WS-16 braucht OrderDesk-Zugriff,WS-16,resolved
CASE-01377,2014-10-17,Petra Cooper,employee,OrderDesk-Login nach Passwortablauf gesperrt,WS-11,resolved
CASE-01378,2014-10-23,Michael Mendoza,employee,Drucker an WS-10 nicht erreichbar,WS-10,resolved
CASE-01379,2014-11-19,Antonio Fresnel,customer,Konditionen fuer Rahmenbestellung angefragt,Customer VRYTZ,resolved
CASE-01380,2014-11-16,Eliane Damodaran,customer,Konditionen fuer Rahmenbestellung angefragt,Customer GQSFS,in_progress
CASE-01381,2014-11-07,Elio Mendoza,customer,Ruecksendung zu Bestellung 12935 beantragt,Order 12935,resolved
CASE-01382,2014-11-28,Petra Crespi,customer,Angebot fuer Grossmenge angefragt,Customer PSNQQ,resolved
CASE-01383,2014-11-06,Anne Dodsworth,employee,Berechtigung fuer Reporting fehlt an WS-09,WS-09,resolved
CASE-01384,2014-11-09,Robert King,employee,Arbeitsplatz WS-07 braucht OrderDesk-Zugriff,WS-07,in_progress
CASE-01385,2014-11-17,Mayumi Crespi,employee,Software-Update fuer WS-19 angefragt,WS-19,in_progress
CASE-01386,2014-12-06,Maria Anders,customer,Lieferstatus zu Bestellung 13052 unklar,Order 13052,resolved
CASE-01387,2014-12-17,Chantal Amsel,customer,Angebot fuer Grossmenge angefragt,Customer XKTZQ,resolved
CASE-01388,2014-12-11,Shelley Keller,customer,Lieferstatus zu Bestellung 12709 unklar,Order 12709,in_progress
CASE-01389,2014-12-03,Peter Amsel,customer,Angebot fuer Grossmenge angefragt,Customer ULXRA,resolved
CASE-01390,2014-12-24,Anne Dodsworth,employee,Arbeitsplatz WS-09 braucht OrderDesk-Zugriff,WS-09,resolved
CASE-01391,2014-12-23,Marie Fresnel,employee,Drucker an WS-23 nicht erreichbar,WS-23,resolved
CASE-01392,2014-12-27,Michael Nolot,employee,Arbeitsplatz WS-20 braucht OrderDesk-Zugriff,WS-20,resolved
CASE-01393,2014-12-28,IT-Betrieb,employee,Backup auf SRV-02 pruefen,SRV-02,resolved
CASE-01394,2015-01-17,Petra Petersen,customer,Liefertermin zu Bestellung 11766 anfragen,Order 11766,resolved
CASE-01395,2015-01-17,Charlotte Wilson,customer,Liefertermin zu Bestellung 12825 anfragen,Order 12825,resolved
CASE-01396,2015-01-18,Pavel Merchant,customer,Angebot fuer Grossmenge angefragt,Customer SAWUR,resolved
CASE-01397,2015-01-01,Lena Nagase,customer,Aenderung an offener Bestellung 12341 gewuenscht,Order 12341,resolved
CASE-01398,2015-01-28,Anne Wilson,employee,Arbeitsplatz WS-18 braucht OrderDesk-Zugriff,WS-18,resolved
CASE-01399,2015-01-24,Anne Wilson,employee,Berechtigung fuer Reporting fehlt an WS-18,WS-18,resolved
CASE-01400,2015-01-28,Petra Cooper,employee,Software-Update fuer WS-11 angefragt,WS-11,resolved
CASE-01401,2015-01-11,IT-Betrieb,employee,Zertifikat auf SRV-02 laeuft bald ab,SRV-02,resolved
CASE-01402,2015-02-12,Ian Crespi,customer,Konditionen fuer Rahmenbestellung angefragt,Customer PYJLS,resolved
CASE-01403,2015-02-09,Jonas Rossi,customer,Ruecksendung zu Bestellung 12667 beantragt,Order 12667,resolved
CASE-01404,2015-02-23,Marco Goulet,customer,Reklamation zu Bestellung 12426,Order 12426,in_progress
CASE-01405,2015-02-02,Antonio Fresnel,customer,Rechnung zu Bestellung 13238 weicht ab,Order 13238,resolved
CASE-01406,2015-02-08,Noah Damodaran,employee,Arbeitsplatz WS-13 braucht OrderDesk-Zugriff,WS-13,resolved
CASE-01407,2015-02-20,Noah Damodaran,employee,Datenexport aus OrderDesk stockt an WS-13,WS-13,resolved
CASE-01408,2015-03-19,Maria Anders,customer,Konditionen fuer Rahmenbestellung angefragt,Customer ALFKI,resolved
CASE-01409,2015-03-08,Antonio Heikkonen,customer,Aenderung an offener Bestellung 12671 gewuenscht,Order 12671,resolved
CASE-01410,2015-03-23,Dirk Bein,customer,Ruecksendung zu Bestellung 12123 beantragt,Order 12123,resolved
CASE-01411,2015-03-26,Sven Damodaran,customer,Lieferstatus zu Bestellung 12891 unklar,Order 12891,resolved
CASE-01412,2015-03-28,Michael Suyama,employee,OrderDesk-Login nach Passwortablauf gesperrt,WS-06,resolved
CASE-01413,2015-03-18,IT-Betrieb,employee,Dienst-Neustart auf SRV-02 noetig,SRV-02,resolved
CASE-01414,2015-03-11,Marie Fresnel,employee,Berechtigung fuer Reporting fehlt an WS-23,WS-23,resolved
CASE-01415,2015-03-27,Anne Wilson,employee,Drucker an WS-18 nicht erreichbar,WS-18,resolved
CASE-01416,2015-04-06,Yoshi Diaz,customer,Frage zur Produktverfuegbarkeit,Customer UUHQZ,resolved
CASE-01417,2015-04-14,Petra Heikkonen,customer,Rechnung zu Bestellung 11662 weicht ab,Order 11662,resolved
CASE-01418,2015-04-19,Regina Heikkonen,customer,Rechnung zu Bestellung 12992 weicht ab,Order 12992,resolved
CASE-01419,2015-04-26,Chantal Nodier,customer,Aenderung an offener Bestellung 12189 gewuenscht,Order 12189,resolved
CASE-01420,2015-04-04,Margaret Peacock,employee,OrderDesk-Login nach Passwortablauf gesperrt,WS-04,resolved
CASE-01421,2015-04-01,Mayumi Merchant,employee,Datenexport aus OrderDesk stockt an WS-14,WS-14,in_progress
CASE-01422,2015-05-04,Anne Nolot,customer,Reklamation zu Bestellung 11675,Order 11675,resolved
CASE-01423,2015-05-10,Pavel Peterson,customer,Neuanlage Lieferadresse gewuenscht,Customer SMLJL,resolved
CASE-01424,2015-05-24,Emma Peterson,customer,Neuanlage Lieferadresse gewuenscht,Customer GZJQE,resolved
CASE-01425,2015-05-15,Jonas Cooper,customer,Neuanlage Lieferadresse gewuenscht,Customer GUCUQ,resolved
CASE-01426,2015-05-21,Marie Fresnel,employee,Software-Update fuer WS-23 angefragt,WS-23,resolved
CASE-01427,2015-05-17,Shelley Crespi,employee,Datenexport aus OrderDesk stockt an WS-15,WS-15,resolved
CASE-01428,2015-05-06,Sven Merchant,employee,OrderDesk-Login nach Passwortablauf gesperrt,WS-21,resolved
CASE-01429,2015-06-25,Maria Anders,customer,Aenderung an offener Bestellung 13176 gewuenscht,Order 13176,in_progress
CASE-01430,2015-06-21,Emma del Valle,customer,Rechnung zu Bestellung 12569 weicht ab,Order 12569,resolved
CASE-01431,2015-06-13,Sven Petersen,customer,Lieferstatus zu Bestellung 12447 unklar,Order 12447,resolved
CASE-01432,2015-06-02,Shelley Bertrand,customer,Lieferstatus zu Bestellung 11827 unklar,Order 11827,resolved
CASE-01433,2015-06-18,Shelley Crespi,employee,OrderDesk-Login nach Passwortablauf gesperrt,WS-15,in_progress
CASE-01434,2015-06-16,IT-Betrieb,employee,Zertifikat auf SRV-01 laeuft bald ab,SRV-01,resolved
CASE-01435,2015-06-20,Marie Fresnel,employee,Drucker an WS-23 nicht erreichbar,WS-23,resolved
CASE-01436,2015-07-12,Mayumi Amsel,customer,Rechnung zu Bestellung 13137 weicht ab,Order 13137,in_progress
CASE-01437,2015-07-26,Giovanni Bein,customer,Frage zur Produktverfuegbarkeit,Customer HAQTM,resolved
CASE-01438,2015-07-27,Anne Wilson,customer,Neuanlage Lieferadresse gewuenscht,Customer SLWVH,resolved
CASE-01439,2015-07-17,Anne Bertrand,customer,Aenderung an offener Bestellung 12016 gewuenscht,Order 12016,resolved
CASE-01440,2015-07-03,Niels Bein,employee,Software-Update fuer WS-17 angefragt,WS-17,resolved
CASE-01441,2015-07-20,IT-Betrieb,employee,SRV-01 meldet vollen Log-Datentraeger,SRV-01,resolved
CASE-01442,2015-07-14,Robert King,employee,Drucker an WS-07 nicht erreichbar,WS-07,resolved
CASE-01443,2015-08-07,Marco Keller,customer,Neuanlage Lieferadresse gewuenscht,Customer MUDSX,resolved
CASE-01444,2015-08-15,Beate Peterson,customer,Angebot fuer Grossmenge angefragt,Customer LEAWE,resolved
CASE-01445,2015-08-22,Lena Peterson,customer,Angebot fuer Grossmenge angefragt,Customer OPZMR,resolved
CASE-01446,2015-08-22,Martin Luchini,customer,Reklamation zu Bestellung 12798,Order 12798,resolved
CASE-01447,2015-08-27,Beate Peterson,employee,Berechtigung fuer Reporting fehlt an WS-12,WS-12,resolved
CASE-01448,2015-08-28,IT-Betrieb,employee,Zertifikat auf SRV-01 laeuft bald ab,SRV-01,resolved
CASE-01449,2015-08-21,Michael Nolot,employee,OrderDesk-Login nach Passwortablauf gesperrt,WS-20,resolved
CASE-01450,2015-08-26,Anne Dodsworth,employee,OrderDesk-Login nach Passwortablauf gesperrt,WS-09,resolved
CASE-01451,2015-09-22,Maria Anders,customer,Lieferstatus zu Bestellung 13281 unklar,Order 13281,new
CASE-01452,2015-09-21,Peter Amsel,customer,Neuanlage Lieferadresse gewuenscht,Customer ULXRA,resolved
CASE-01453,2015-09-09,Sofia Bein,customer,Lieferstatus zu Bestellung 13246 unklar,Order 13246,resolved
CASE-01454,2015-09-04,Martin Petersen,customer,Frage zur Produktverfuegbarkeit,Customer GBWAC,resolved
CASE-01455,2015-09-19,IT-Betrieb,employee,SRV-02 meldet vollen Log-Datentraeger,SRV-02,resolved
CASE-01456,2015-09-26,Petra Cooper,employee,OrderDesk-Login nach Passwortablauf gesperrt,WS-11,resolved
CASE-01457,2015-10-23,Guylene Cooper,customer,Neuanlage Lieferadresse gewuenscht,Customer YWZUI,resolved
CASE-01458,2015-10-01,Guylene Vileid,customer,Aenderung an offener Bestellung 11468 gewuenscht,Order 11468,resolved
CASE-01459,2015-10-15,Chandra Luchini,customer,Ruecksendung zu Bestellung 10705 beantragt,Order 10705,resolved
CASE-01460,2015-10-12,Anne Murphy,customer,Angebot fuer Grossmenge angefragt,Customer VXJHA,resolved
CASE-01461,2015-10-14,Noah Damodaran,employee,OrderDesk-Login nach Passwortablauf gesperrt,WS-13,resolved
CASE-01462,2015-10-08,Mayumi Merchant,employee,Arbeitsplatz WS-14 braucht OrderDesk-Zugriff,WS-14,resolved
CASE-01463,2015-10-19,Nancy Davolio,employee,OrderDesk-Login nach Passwortablauf gesperrt,WS-01,resolved
CASE-01464,2015-11-04,Lena Ohno,customer,Frage zur Produktverfuegbarkeit,Customer RZMXB,resolved
CASE-01465,2015-11-22,Jean Nagase,customer,Lieferstatus zu Bestellung 12532 unklar,Order 12532,resolved
CASE-01466,2015-11-22,Regina Ohno,customer,Frage zur Produktverfuegbarkeit,Customer SPPNZ,resolved
CASE-01467,2015-11-13,Regina Peterson,customer,Neuanlage Lieferadresse gewuenscht,Customer BCVKW,resolved
CASE-01468,2015-11-15,Shelley Crespi,employee,Software-Update fuer WS-15 angefragt,WS-15,resolved
CASE-01469,2015-11-21,Michael Suyama,employee,Datenexport aus OrderDesk stockt an WS-06,WS-06,resolved
CASE-01470,2015-11-17,Michael Suyama,employee,Arbeitsplatz WS-06 braucht OrderDesk-Zugriff,WS-06,resolved
CASE-01471,2015-12-15,Maria Anders,customer,Reklamation zu Bestellung 13176,Order 13176,in_progress
CASE-01472,2015-12-05,Shelley Cooper,customer,Angebot fuer Grossmenge angefragt,Customer FJKGQ,resolved
CASE-01473,2015-12-28,Michael Nolot,customer,Angebot fuer Grossmenge angefragt,Customer OBZUY,resolved
CASE-01474,2015-12-14,Carlos Ohno,customer,Ruecksendung zu Bestellung 12648 beantragt,Order 12648,in_progress
CASE-01475,2015-12-27,Margaret Peacock,employee,Berechtigung fuer Reporting fehlt an WS-04,WS-04,resolved
CASE-01476,2015-12-25,Margaret Peacock,employee,Datenexport aus OrderDesk stockt an WS-04,WS-04,resolved
CASE-01477,2015-12-28,Noah Damodaran,employee,OrderDesk-Login nach Passwortablauf gesperrt,WS-13,resolved
CASE-01478,2016-01-22,Regina Rossi,customer,Lieferstatus zu Bestellung 13292 unklar,Order 13292,new
CASE-01479,2016-01-23,Niels Murphy,customer,Rechnung zu Bestellung 12765 weicht ab,Order 12765,resolved
CASE-01480,2016-01-22,Jonas Devling,customer,Lieferstatus zu Bestellung 12952 unklar,Order 12952,resolved
CASE-01481,2016-01-09,Cheryl Merchant,customer,Konditionen fuer Rahmenbestellung angefragt,Customer TSFAP,resolved
CASE-01482,2016-01-25,Laura Callahan,employee,OrderDesk-Login nach Passwortablauf gesperrt,WS-08,resolved
CASE-01483,2016-01-26,Niels Nagase,employee,Software-Update fuer WS-22 angefragt,WS-22,resolved
CASE-01484,2016-01-08,Mayumi Crespi,employee,Berechtigung fuer Reporting fehlt an WS-19,WS-19,new
CASE-01485,2016-02-24,Emma Heikkonen,customer,Lieferstatus zu Bestellung 12928 unklar,Order 12928,resolved
CASE-01486,2016-02-08,Niels Petersen,customer,Konditionen fuer Rahmenbestellung angefragt,Customer TFDTU,resolved
CASE-01487,2016-02-01,Pavel Ohno,customer,Liefertermin zu Bestellung 12512 anfragen,Order 12512,resolved
CASE-01488,2016-02-09,Petra Heikkonen,customer,Konditionen fuer Rahmenbestellung angefragt,Customer ESKGK,resolved
CASE-01489,2016-02-19,Petra Cooper,employee,Drucker an WS-11 nicht erreichbar,WS-11,in_progress
CASE-01490,2016-02-22,IT-Betrieb,employee,Dienst-Neustart auf SRV-02 noetig,SRV-02,resolved
CASE-01491,2016-02-20,Michael Nolot,employee,Berechtigung fuer Reporting fehlt an WS-20,WS-20,resolved
CASE-01492,2016-02-12,Charlotte Burke,employee,Berechtigung fuer Reporting fehlt an WS-16,WS-16,resolved
CASE-01493,2016-03-21,Maria Anders,customer,Reklamation zu Bestellung 13254,Order 13254,resolved
CASE-01494,2016-03-13,Peter Diaz,customer,Konditionen fuer Rahmenbestellung angefragt,Customer NWCTE,resolved
CASE-01495,2016-03-01,Noah Diaz,customer,Aenderung an offener Bestellung 13371 gewuenscht,Order 13371,resolved
CASE-01496,2016-03-08,Katrin Cooper,customer,Liefertermin zu Bestellung 13418 anfragen,Order 13418,resolved
CASE-01497,2016-03-13,Shelley Crespi,employee,Drucker an WS-15 nicht erreichbar,WS-15,resolved
CASE-01498,2016-03-22,Niels Nagase,employee,OrderDesk-Login nach Passwortablauf gesperrt,WS-22,resolved
CASE-01499,2016-03-28,IT-Betrieb,employee,Backup auf SRV-03 pruefen,SRV-03,resolved
CASE-01500,2016-03-15,Sven Merchant,employee,Berechtigung fuer Reporting fehlt an WS-21,WS-21,resolved
CASE-01501,2016-04-14,Elio Heikkonen,customer,Konditionen fuer Rahmenbestellung angefragt,Customer XOJOS,resolved
CASE-01502,2016-04-11,Sven Luchini,customer,Liefertermin zu Bestellung 12809 anfragen,Order 12809,resolved
CASE-01503,2016-04-23,Petra Nagase,customer,Ruecksendung zu Bestellung 12684 beantragt,Order 12684,resolved
CASE-01504,2016-04-22,Lena Peterson,customer,Reklamation zu Bestellung 13174,Order 13174,in_progress
CASE-01505,2016-04-08,Steven Buchanan,employee,OrderDesk-Login nach Passwortablauf gesperrt,WS-05,resolved
CASE-01506,2016-04-22,Mayumi Crespi,employee,Software-Update fuer WS-19 angefragt,WS-19,resolved
CASE-01507,2016-04-08,IT-Betrieb,employee,SRV-02 meldet vollen Log-Datentraeger,SRV-02,resolved
CASE-01508,2016-05-09,Guylene Saveley,customer,Ruecksendung zu Bestellung 11785 beantragt,Order 11785,resolved
CASE-01509,2016-05-20,Katrin Nodier,customer,Rechnung zu Bestellung 13318 weicht ab,Order 13318,resolved
CASE-01510,2016-05-04,Peter Heikkonen,customer,Angebot fuer Grossmenge angefragt,Customer PRQUX,resolved
CASE-01511,2016-05-13,Ian del Valle,customer,Reklamation zu Bestellung 11742,Order 11742,resolved
CASE-01512,2016-05-19,Mayumi Merchant,employee,Software-Update fuer WS-14 angefragt,WS-14,resolved
CASE-01513,2016-05-05,Janet Leverling,employee,OrderDesk-Login nach Passwortablauf gesperrt,WS-03,resolved
CASE-01514,2016-05-17,Michael Suyama,employee,Berechtigung fuer Reporting fehlt an WS-06,WS-06,resolved
CASE-01515,2016-05-20,Sven Merchant,employee,Berechtigung fuer Reporting fehlt an WS-21,WS-21,resolved
CASE-01516,2016-06-15,Maria Anders,customer,Liefertermin zu Bestellung 13254 anfragen,Order 13254,resolved
CASE-01517,2016-06-23,Lena Nagase,customer,Ruecksendung zu Bestellung 12673 beantragt,Order 12673,resolved
CASE-01518,2016-06-03,Marco Luchini,customer,Frage zur Produktverfuegbarkeit,Customer HLHVL,in_progress
CASE-01519,2016-06-26,Wendy Keller,customer,Neuanlage Lieferadresse gewuenscht,Customer AETTO,resolved
CASE-01520,2016-06-27,Beate Peterson,employee,Berechtigung fuer Reporting fehlt an WS-12,WS-12,resolved
CASE-01521,2016-06-10,Mayumi Crespi,employee,Software-Update fuer WS-19 angefragt,WS-19,resolved
CASE-01522,2016-06-12,IT-Betrieb,employee,Zertifikat auf SRV-02 laeuft bald ab,SRV-02,in_progress
CASE-01523,2016-06-03,Andrew Fuller,employee,Datenexport aus OrderDesk stockt an WS-02,WS-02,resolved
CASE-01524,2016-07-05,Regina Rossi,customer,Konditionen fuer Rahmenbestellung angefragt,Customer WKKKT,resolved
CASE-01525,2016-07-02,Cheryl Brandt,customer,Rechnung zu Bestellung 12374 weicht ab,Order 12374,resolved
CASE-01526,2016-07-04,Beate Weber,customer,Frage zur Produktverfuegbarkeit,Customer SGPZQ,resolved
CASE-01527,2016-07-09,Jonas Cooper,customer,Aenderung an offener Bestellung 13017 gewuenscht,Order 13017,resolved
CASE-01528,2016-07-10,IT-Betrieb,employee,Zertifikat auf SRV-03 laeuft bald ab,SRV-03,resolved
CASE-01529,2016-07-27,Janet Leverling,employee,Datenexport aus OrderDesk stockt an WS-03,WS-03,resolved
CASE-01530,2016-07-05,Noah Damodaran,employee,Drucker an WS-13 nicht erreichbar,WS-13,resolved
CASE-01531,2016-07-19,Shelley Crespi,employee,Software-Update fuer WS-15 angefragt,WS-15,resolved
CASE-01532,2016-08-03,Sven Cooper,customer,Konditionen fuer Rahmenbestellung angefragt,Customer HBKZL,resolved
CASE-01533,2016-08-20,Dirk Merchant,customer,Liefertermin zu Bestellung 11713 anfragen,Order 11713,resolved
CASE-01534,2016-08-28,Sven Diaz,customer,Aenderung an offener Bestellung 12319 gewuenscht,Order 12319,resolved
CASE-01535,2016-08-17,Regina Heikkonen,customer,Konditionen fuer Rahmenbestellung angefragt,Customer JMONJ,resolved
CASE-01536,2016-08-03,Nancy Davolio,employee,Software-Update fuer WS-01 angefragt,WS-01,resolved
CASE-01537,2016-08-14,Regina Nolot,employee,Drucker an WS-25 nicht erreichbar,WS-25,resolved
CASE-01538,2016-08-07,Charlotte Burke,employee,OrderDesk-Login nach Passwortablauf gesperrt,WS-16,resolved
CASE-01539,2016-08-28,Nancy Davolio,employee,Berechtigung fuer Reporting fehlt an WS-01,WS-01,resolved
CASE-01540,2016-09-24,Maria Anders,customer,Liefertermin zu Bestellung 13446 anfragen,Order 13446,resolved
CASE-01541,2016-09-09,Petra Heikkonen,customer,Reklamation zu Bestellung 11553,Order 11553,in_progress
CASE-01542,2016-09-28,Sofia Wilson,customer,Liefertermin zu Bestellung 13400 anfragen,Order 13400,new
CASE-01543,2016-09-09,Marco Schulz,customer,Ruecksendung zu Bestellung 12498 beantragt,Order 12498,resolved
CASE-01544,2016-09-12,Nancy Davolio,employee,Software-Update fuer WS-01 angefragt,WS-01,resolved
CASE-01545,2016-09-24,IT-Betrieb,employee,Dienst-Neustart auf SRV-03 noetig,SRV-03,resolved
CASE-01546,2016-10-22,Cheryl Nagase,customer,Aenderung an offener Bestellung 13403 gewuenscht,Order 13403,resolved
CASE-01547,2016-10-24,Eliane Nodier,customer,Angebot fuer Grossmenge angefragt,Customer ZZUFD,resolved
CASE-01548,2016-10-04,Wendy Crespi,customer,Ruecksendung zu Bestellung 11830 beantragt,Order 11830,resolved
CASE-01549,2016-10-27,Shelley Ohno,customer,Neuanlage Lieferadresse gewuenscht,Customer SEYYD,resolved
CASE-01550,2016-10-24,Steven Buchanan,employee,Drucker an WS-05 nicht erreichbar,WS-05,resolved
CASE-01551,2016-10-12,Shelley Crespi,employee,Arbeitsplatz WS-15 braucht OrderDesk-Zugriff,WS-15,resolved
CASE-01552,2016-10-06,IT-Betrieb,employee,Backup auf SRV-03 pruefen,SRV-03,resolved
CASE-01553,2016-10-11,Regina Nolot,employee,Arbeitsplatz WS-25 braucht OrderDesk-Zugriff,WS-25,resolved
CASE-01554,2016-11-18,Dirk Petersen,customer,Lieferstatus zu Bestellung 13388 unklar,Order 13388,resolved
CASE-01555,2016-11-13,Ian Crespi,customer,Reklamation zu Bestellung 12871,Order 12871,resolved
CASE-01556,2016-11-14,Peter Fresnel,customer,Neuanlage Lieferadresse gewuenscht,Customer UPOLP,resolved
CASE-01557,2016-11-12,Martin Ohno,customer,Reklamation zu Bestellung 13191,Order 13191,resolved
CASE-01558,2016-11-18,Anne Dodsworth,employee,Software-Update fuer WS-09 angefragt,WS-09,in_progress
CASE-01559,2016-11-11,Steven Buchanan,employee,Datenexport aus OrderDesk stockt an WS-05,WS-05,resolved
CASE-01560,2016-12-03,Maria Anders,customer,Neuanlage Lieferadresse gewuenscht,Customer ALFKI,in_progress
CASE-01561,2016-12-24,Michael Rossi,customer,Ruecksendung zu Bestellung 13101 beantragt,Order 13101,resolved
CASE-01562,2016-12-03,Robb Cooper,customer,Ruecksendung zu Bestellung 12316 beantragt,Order 12316,in_progress
CASE-01563,2016-12-22,Petra Crespi,customer,Rechnung zu Bestellung 10895 weicht ab,Order 10895,resolved
CASE-01564,2016-12-11,Sven Merchant,employee,OrderDesk-Login nach Passwortablauf gesperrt,WS-21,resolved
CASE-01565,2016-12-26,Petra Cooper,employee,Drucker an WS-11 nicht erreichbar,WS-11,resolved
CASE-01566,2016-12-22,Mayumi Merchant,employee,Drucker an WS-14 nicht erreichbar,WS-14,resolved
CASE-01567,2017-01-22,Lars Weber,customer,Konditionen fuer Rahmenbestellung angefragt,Customer PTHBC,resolved
CASE-01568,2017-01-20,Giovanni Petersen,customer,Aenderung an offener Bestellung 12405 gewuenscht,Order 12405,resolved
CASE-01569,2017-01-05,Anne Crespi,customer,Angebot fuer Grossmenge angefragt,Customer WTLDY,resolved
CASE-01570,2017-01-18,Carlos Vileid,customer,Lieferstatus zu Bestellung 10911 unklar,Order 10911,resolved
CASE-01571,2017-01-08,Janet Leverling,employee,Datenexport aus OrderDesk stockt an WS-03,WS-03,resolved
CASE-01572,2017-01-07,Petra Cooper,employee,Berechtigung fuer Reporting fehlt an WS-11,WS-11,resolved
CASE-01573,2017-01-26,Niels Nagase,employee,Berechtigung fuer Reporting fehlt an WS-22,WS-22,resolved
CASE-01574,2017-02-28,Antonio Diaz,customer,Aenderung an offener Bestellung 13148 gewuenscht,Order 13148,resolved
CASE-01575,2017-02-14,Jonas Damodaran,customer,Ruecksendung zu Bestellung 13333 beantragt,Order 13333,resolved
CASE-01576,2017-02-14,Elio Winkler,customer,Rechnung zu Bestellung 13439 weicht ab,Order 13439,resolved
CASE-01577,2017-02-10,Carlos Nagase,customer,Konditionen fuer Rahmenbestellung angefragt,Customer OHJOB,in_progress
CASE-01578,2017-02-14,IT-Betrieb,employee,Backup auf SRV-01 pruefen,SRV-01,resolved
CASE-01579,2017-02-07,Charlotte Burke,employee,Datenexport aus OrderDesk stockt an WS-16,WS-16,resolved
CASE-01580,2017-02-27,IT-Betrieb,employee,Zertifikat auf SRV-02 laeuft bald ab,SRV-02,resolved
CASE-01581,2017-02-18,Peter Goulet,employee,Datenexport aus OrderDesk stockt an WS-27,WS-27,resolved
CASE-01582,2017-03-26,Maria Anders,customer,Liefertermin zu Bestellung 13435 anfragen,Order 13435,resolved
CASE-01583,2017-03-05,Wendy Bertrand,customer,Angebot fuer Grossmenge angefragt,Customer ZXSXD,resolved
CASE-01584,2017-03-02,Sofia Schulz,customer,Lieferstatus zu Bestellung 13205 unklar,Order 13205,resolved
CASE-01585,2017-03-26,Shelley Weber,customer,Aenderung an offener Bestellung 11417 gewuenscht,Order 11417,resolved
CASE-01586,2017-03-24,Noah Damodaran,employee,Software-Update fuer WS-13 angefragt,WS-13,resolved
CASE-01587,2017-03-25,IT-Betrieb,employee,SRV-01 meldet vollen Log-Datentraeger,SRV-01,new
CASE-01588,2017-03-17,Beate Peterson,employee,Berechtigung fuer Reporting fehlt an WS-12,WS-12,resolved
CASE-01589,2017-04-10,Katrin Bein,customer,Aenderung an offener Bestellung 13315 gewuenscht,Order 13315,resolved
CASE-01590,2017-04-10,Petra Petersen,customer,Konditionen fuer Rahmenbestellung angefragt,Customer CKKWE,resolved
CASE-01591,2017-04-11,Niels Schulz,customer,Neuanlage Lieferadresse gewuenscht,Customer RLXGK,resolved
CASE-01592,2017-04-11,Marco Burke,customer,Reklamation zu Bestellung 10955,Order 10955,resolved
CASE-01593,2017-04-08,IT-Betrieb,employee,Backup auf SRV-03 pruefen,SRV-03,resolved
CASE-01594,2017-04-10,Marie Fresnel,employee,Arbeitsplatz WS-23 braucht OrderDesk-Zugriff,WS-23,resolved
CASE-01595,2017-04-20,Jonas Amsel,employee,Datenexport aus OrderDesk stockt an WS-26,WS-26,resolved
CASE-01596,2017-05-13,Ian Nolot,customer,Rechnung zu Bestellung 12989 weicht ab,Order 12989,resolved
CASE-01597,2017-05-20,Dirk Saveley,customer,Angebot fuer Grossmenge angefragt,Customer GNWWW,resolved
CASE-01598,2017-05-24,Cheryl Weber,customer,Konditionen fuer Rahmenbestellung angefragt,Customer UDJOJ,resolved
CASE-01599,2017-05-15,Elio del Valle,customer,Ruecksendung zu Bestellung 10588 beantragt,Order 10588,resolved
CASE-01600,2017-05-03,Regina Nolot,employee,Berechtigung fuer Reporting fehlt an WS-25,WS-25,resolved
CASE-01601,2017-05-09,IT-Betrieb,employee,Backup auf SRV-02 pruefen,SRV-02,resolved
CASE-01602,2017-05-14,IT-Betrieb,employee,SRV-03 meldet vollen Log-Datentraeger,SRV-03,in_progress
CASE-01603,2017-06-06,Maria Anders,customer,Frage zur Produktverfuegbarkeit,Customer ALFKI,in_progress
CASE-01604,2017-06-19,Niels Saveley,customer,Aenderung an offener Bestellung 13394 gewuenscht,Order 13394,resolved
CASE-01605,2017-06-12,Sofia Bein,customer,Lieferstatus zu Bestellung 11965 unklar,Order 11965,resolved
CASE-01606,2017-06-13,Marie Diaz,customer,Aenderung an offener Bestellung 13217 gewuenscht,Order 13217,resolved
CASE-01607,2017-06-27,Anne Dodsworth,employee,Software-Update fuer WS-09 angefragt,WS-09,resolved
CASE-01608,2017-06-06,IT-Betrieb,employee,Zertifikat auf SRV-01 laeuft bald ab,SRV-01,new
CASE-01609,2017-06-03,Shelley Crespi,employee,Berechtigung fuer Reporting fehlt an WS-15,WS-15,resolved
CASE-01610,2017-07-17,Mayumi Schulz,customer,Liefertermin zu Bestellung 11591 anfragen,Order 11591,resolved
CASE-01611,2017-07-02,Mayumi Petersen,customer,Liefertermin zu Bestellung 13535 anfragen,Order 13535,resolved
CASE-01612,2017-07-13,Jonas Schulz,customer,Konditionen fuer Rahmenbestellung angefragt,Customer VBTNL,resolved
CASE-01613,2017-07-13,Jonas Luchini,customer,Konditionen fuer Rahmenbestellung angefragt,Customer CSFEG,resolved
CASE-01614,2017-07-22,Marco Mendoza,employee,Datenexport aus OrderDesk stockt an WS-24,WS-24,resolved
CASE-01615,2017-07-07,Petra Cooper,employee,Drucker an WS-11 nicht erreichbar,WS-11,resolved
CASE-01616,2017-07-08,Shelley Crespi,employee,Berechtigung fuer Reporting fehlt an WS-15,WS-15,resolved
CASE-01617,2017-08-14,Jonas Nagase,customer,Aenderung an offener Bestellung 13601 gewuenscht,Order 13601,resolved
CASE-01618,2017-08-03,Pavel Bein,customer,Neuanlage Lieferadresse gewuenscht,Customer VKCPQ,resolved
CASE-01619,2017-08-10,Noah Burke,customer,Lieferstatus zu Bestellung 12411 unklar,Order 12411,resolved
CASE-01620,2017-08-19,Elio Keller,customer,Liefertermin zu Bestellung 12345 anfragen,Order 12345,resolved
CASE-01621,2017-08-08,Mayumi Crespi,employee,OrderDesk-Login nach Passwortablauf gesperrt,WS-19,resolved
CASE-01622,2017-08-17,Marie Fresnel,employee,Software-Update fuer WS-23 angefragt,WS-23,resolved
CASE-01623,2017-08-04,Anne Wilson,employee,Datenexport aus OrderDesk stockt an WS-18,WS-18,resolved
CASE-01624,2017-09-19,Maria Anders,customer,Ruecksendung zu Bestellung 13538 beantragt,Order 13538,resolved
CASE-01625,2017-09-17,Dirk Wilson,customer,Aenderung an offener Bestellung 13064 gewuenscht,Order 13064,new
CASE-01626,2017-09-14,Lena Nagase,customer,Konditionen fuer Rahmenbestellung angefragt,Customer YNTPM,resolved
CASE-01627,2017-09-20,Noah Rossi,customer,Frage zur Produktverfuegbarkeit,Customer OUXAV,resolved
CASE-01628,2017-09-14,IT-Betrieb,employee,Backup auf SRV-01 pruefen,SRV-01,resolved
CASE-01629,2017-09-26,Mayumi Merchant,employee,Arbeitsplatz WS-14 braucht OrderDesk-Zugriff,WS-14,resolved
CASE-01630,2017-09-13,Robert King,employee,OrderDesk-Login nach Passwortablauf gesperrt,WS-07,resolved
CASE-01631,2017-09-25,Michael Suyama,employee,OrderDesk-Login nach Passwortablauf gesperrt,WS-06,resolved
CASE-01632,2017-10-18,Robb Murphy,customer,Neuanlage Lieferadresse gewuenscht,Customer MXKGV,resolved
CASE-01633,2017-10-09,Yoshi Nagase,customer,Rechnung zu Bestellung 13404 weicht ab,Order 13404,in_progress
CASE-01634,2017-10-12,Niels Winkler,customer,Reklamation zu Bestellung 11085,Order 11085,resolved
CASE-01635,2017-10-04,Niels Petersen,customer,Konditionen fuer Rahmenbestellung angefragt,Customer TFDTU,resolved
CASE-01636,2017-10-16,IT-Betrieb,employee,Dienst-Neustart auf SRV-01 noetig,SRV-01,resolved
CASE-01637,2017-10-19,Janet Leverling,employee,OrderDesk-Login nach Passwortablauf gesperrt,WS-03,resolved
CASE-01638,2017-11-06,Sofia Nolot,customer,Ruecksendung zu Bestellung 12112 beantragt,Order 12112,resolved
CASE-01639,2017-11-11,Marie Murphy,customer,Konditionen fuer Rahmenbestellung angefragt,Customer KIODW,resolved
CASE-01640,2017-11-01,Carlos Burke,customer,Aenderung an offener Bestellung 11847 gewuenscht,Order 11847,new
CASE-01641,2017-11-26,Pavel Merchant,customer,Ruecksendung zu Bestellung 11430 beantragt,Order 11430,resolved
CASE-01642,2017-11-20,IT-Betrieb,employee,Dienst-Neustart auf SRV-01 noetig,SRV-01,resolved
CASE-01643,2017-11-20,Michael Nolot,employee,Datenexport aus OrderDesk stockt an WS-20,WS-20,resolved
CASE-01644,2017-11-16,IT-Betrieb,employee,SRV-01 meldet vollen Log-Datentraeger,SRV-01,resolved
CASE-01645,2017-11-01,Robert King,employee,Drucker an WS-07 nicht erreichbar,WS-07,resolved
CASE-01646,2017-12-27,Maria Anders,customer,Reklamation zu Bestellung 13623,Order 13623,resolved
CASE-01647,2017-12-07,Niels Schulz,customer,Liefertermin zu Bestellung 12642 anfragen,Order 12642,resolved
CASE-01648,2017-12-16,Lena Nagase,customer,Angebot fuer Grossmenge angefragt,Customer YNTPM,resolved
CASE-01649,2017-12-12,Pavel Bein,customer,Frage zur Produktverfuegbarkeit,Customer VKCPQ,resolved
CASE-01650,2017-12-08,Beate Peterson,employee,Arbeitsplatz WS-12 braucht OrderDesk-Zugriff,WS-12,in_progress
CASE-01651,2017-12-01,Steven Buchanan,employee,Arbeitsplatz WS-05 braucht OrderDesk-Zugriff,WS-05,resolved
CASE-01652,2018-01-11,Regina Ohno,customer,Angebot fuer Grossmenge angefragt,Customer SPPNZ,new
CASE-01653,2018-01-16,Jonas Cooper,customer,Angebot fuer Grossmenge angefragt,Customer FMMRL,in_progress
CASE-01654,2018-01-17,Lena Ohno,customer,Rechnung zu Bestellung 12900 weicht ab,Order 12900,resolved
CASE-01655,2018-01-07,Elio Bein,customer,Liefertermin zu Bestellung 12219 anfragen,Order 12219,resolved
CASE-01656,2018-01-20,Mayumi Murphy,employee,Drucker an WS-28 nicht erreichbar,WS-28,resolved
CASE-01657,2018-01-09,IT-Betrieb,employee,Backup auf SRV-02 pruefen,SRV-02,in_progress
CASE-01658,2018-01-12,Anne Wilson,employee,Arbeitsplatz WS-18 braucht OrderDesk-Zugriff,WS-18,resolved
CASE-01659,2018-02-03,Regina Merchant,customer,Lieferstatus zu Bestellung 12993 unklar,Order 12993,resolved
CASE-01660,2018-02-16,Regina Burke,customer,Ruecksendung zu Bestellung 10759 beantragt,Order 10759,in_progress
CASE-01661,2018-02-04,Niels Schulz,customer,Aenderung an offener Bestellung 13411 gewuenscht,Order 13411,resolved
CASE-01662,2018-02-06,Lars del Valle,customer,Angebot fuer Grossmenge angefragt,Customer CTSBD,new
CASE-01663,2018-02-26,Chandra Heikkonen,employee,Berechtigung fuer Reporting fehlt an WS-29,WS-29,resolved
CASE-01664,2018-02-16,Niels Bein,employee,Software-Update fuer WS-17 angefragt,WS-17,in_progress
CASE-01665,2018-02-28,IT-Betrieb,employee,SRV-03 meldet vollen Log-Datentraeger,SRV-03,resolved
CASE-01666,2018-03-16,Maria Anders,customer,Frage zur Produktverfuegbarkeit,Customer ALFKI,resolved
CASE-01667,2018-03-15,Pavel Murphy,customer,Neuanlage Lieferadresse gewuenscht,Customer UIHOS,resolved
CASE-01668,2018-03-13,Dirk Burke,customer,Lieferstatus zu Bestellung 12883 unklar,Order 12883,resolved
CASE-01669,2018-03-08,Mayumi Mendoza,customer,Angebot fuer Grossmenge angefragt,Customer PZXCK,resolved
CASE-01670,2018-03-17,Chandra Heikkonen,employee,Software-Update fuer WS-29 angefragt,WS-29,resolved
CASE-01671,2018-03-01,Janet Leverling,employee,Berechtigung fuer Reporting fehlt an WS-03,WS-03,resolved
CASE-01672,2018-03-25,Laura Callahan,employee,Berechtigung fuer Reporting fehlt an WS-08,WS-08,resolved
CASE-01673,2018-03-08,Niels Nagase,employee,Arbeitsplatz WS-22 braucht OrderDesk-Zugriff,WS-22,resolved
CASE-01674,2018-04-14,Emma Wilson,customer,Ruecksendung zu Bestellung 13248 beantragt,Order 13248,resolved
CASE-01675,2018-04-27,Martin Luchini,customer,Reklamation zu Bestellung 13164,Order 13164,resolved
CASE-01676,2018-04-01,Marco Schulz,customer,Rechnung zu Bestellung 13657 weicht ab,Order 13657,resolved
CASE-01677,2018-04-05,Petra Rossi,customer,Neuanlage Lieferadresse gewuenscht,Customer UICCC,resolved
CASE-01678,2018-04-18,IT-Betrieb,employee,Zertifikat auf SRV-03 laeuft bald ab,SRV-03,resolved
CASE-01679,2018-04-07,Mayumi Murphy,employee,OrderDesk-Login nach Passwortablauf gesperrt,WS-28,resolved
CASE-01680,2018-05-28,Beate del Valle,customer,Aenderung an offener Bestellung 13621 gewuenscht,Order 13621,resolved
CASE-01681,2018-05-06,Charlotte Cooper,customer,Ruecksendung zu Bestellung 11390 beantragt,Order 11390,resolved
CASE-01682,2018-05-25,Lars Saveley,customer,Liefertermin zu Bestellung 11234 anfragen,Order 11234,resolved
CASE-01683,2018-05-14,Beate Murphy,customer,Lieferstatus zu Bestellung 13642 unklar,Order 13642,resolved
CASE-01684,2018-05-14,Michael Nolot,employee,OrderDesk-Login nach Passwortablauf gesperrt,WS-20,resolved
CASE-01685,2018-05-26,IT-Betrieb,employee,Zertifikat auf SRV-01 laeuft bald ab,SRV-01,resolved
CASE-01686,2018-06-24,Maria Anders,customer,Frage zur Produktverfuegbarkeit,Customer ALFKI,resolved
CASE-01687,2018-06-05,Jean Bertrand,customer,Konditionen fuer Rahmenbestellung angefragt,Customer GQQTO,resolved
CASE-01688,2018-06-06,Carlos Murphy,customer,Rechnung zu Bestellung 12795 weicht ab,Order 12795,resolved
CASE-01689,2018-06-09,Pavel Peterson,customer,Lieferstatus zu Bestellung 12252 unklar,Order 12252,in_progress
CASE-01690,2018-06-25,Andrew Fuller,employee,Arbeitsplatz WS-02 braucht OrderDesk-Zugriff,WS-02,resolved
CASE-01691,2018-06-09,Marie Fresnel,employee,Software-Update fuer WS-23 angefragt,WS-23,resolved
CASE-01692,2018-07-28,Chandra Burke,customer,Rechnung zu Bestellung 11887 weicht ab,Order 11887,resolved
CASE-01693,2018-07-18,Carlos Petersen,customer,Neuanlage Lieferadresse gewuenscht,Customer XPVSE,resolved
CASE-01694,2018-07-19,Mayumi Rossi,customer,Lieferstatus zu Bestellung 13316 unklar,Order 13316,resolved
CASE-01695,2018-07-15,Katrin Nodier,customer,Reklamation zu Bestellung 13169,Order 13169,resolved
CASE-01696,2018-07-02,Petra Cooper,employee,Datenexport aus OrderDesk stockt an WS-11,WS-11,resolved
CASE-01697,2018-07-03,Anne Wilson,employee,Arbeitsplatz WS-18 braucht OrderDesk-Zugriff,WS-18,resolved
CASE-01698,2018-07-14,Mayumi Merchant,employee,OrderDesk-Login nach Passwortablauf gesperrt,WS-14,resolved
CASE-01699,2018-07-01,Petra Cooper,employee,Arbeitsplatz WS-11 braucht OrderDesk-Zugriff,WS-11,resolved
CASE-01700,2018-08-23,Marie Winkler,customer,Ruecksendung zu Bestellung 13103 beantragt,Order 13103,resolved
CASE-01701,2018-08-03,Peter Amsel,customer,Lieferstatus zu Bestellung 12819 unklar,Order 12819,resolved
CASE-01702,2018-08-24,Sofia Bein,customer,Liefertermin zu Bestellung 11865 anfragen,Order 11865,resolved
CASE-01703,2018-08-16,Martin Devling,customer,Konditionen fuer Rahmenbestellung angefragt,Customer SFBTI,resolved
CASE-01704,2018-08-16,Laura Callahan,employee,Arbeitsplatz WS-08 braucht OrderDesk-Zugriff,WS-08,resolved
CASE-01705,2018-08-27,Nancy Davolio,employee,Software-Update fuer WS-01 angefragt,WS-01,new
CASE-01706,2018-08-08,IT-Betrieb,employee,SRV-02 meldet vollen Log-Datentraeger,SRV-02,resolved
CASE-01707,2018-09-27,Maria Anders,customer,Liefertermin zu Bestellung 13770 anfragen,Order 13770,resolved
CASE-01708,2018-09-05,Chandra Brandt,customer,Ruecksendung zu Bestellung 12910 beantragt,Order 12910,resolved
CASE-01709,2018-09-20,Jonas Heikkonen,customer,Ruecksendung zu Bestellung 13127 beantragt,Order 13127,resolved
CASE-01710,2018-09-08,Emma Nolot,customer,Frage zur Produktverfuegbarkeit,Customer XCESB,resolved
CASE-01711,2018-09-24,Noah Damodaran,employee,Arbeitsplatz WS-13 braucht OrderDesk-Zugriff,WS-13,resolved
CASE-01712,2018-09-19,IT-Betrieb,employee,SRV-01 meldet vollen Log-Datentraeger,SRV-01,resolved
CASE-01713,2018-09-26,Mayumi Murphy,employee,Berechtigung fuer Reporting fehlt an WS-28,WS-28,resolved
CASE-01714,2018-09-25,IT-Betrieb,employee,SRV-03 meldet vollen Log-Datentraeger,SRV-03,resolved
CASE-01715,2018-10-12,Pavel Merchant,customer,Angebot fuer Grossmenge angefragt,Customer SAWUR,resolved
CASE-01716,2018-10-01,Petra Crespi,customer,Rechnung zu Bestellung 10644 weicht ab,Order 10644,resolved
CASE-01717,2018-10-10,Dirk Bein,customer,Konditionen fuer Rahmenbestellung angefragt,Customer YNUTD,resolved
CASE-01718,2018-10-13,Niels Weber,customer,Liefertermin zu Bestellung 12731 anfragen,Order 12731,resolved
CASE-01719,2018-10-27,Regina Nolot,employee,Datenexport aus OrderDesk stockt an WS-25,WS-25,resolved
CASE-01720,2018-10-24,Steven Buchanan,employee,Datenexport aus OrderDesk stockt an WS-05,WS-05,resolved
CASE-01721,2018-10-07,Michael Nolot,employee,Software-Update fuer WS-20 angefragt,WS-20,resolved
CASE-01722,2018-11-01,Shelley Keller,customer,Liefertermin zu Bestellung 13496 anfragen,Order 13496,resolved
CASE-01723,2018-11-04,Yoshi Diaz,customer,Liefertermin zu Bestellung 12106 anfragen,Order 12106,resolved
CASE-01724,2018-11-07,Carlos Nagase,customer,Ruecksendung zu Bestellung 13590 beantragt,Order 13590,resolved
CASE-01725,2018-11-18,Niels Winkler,customer,Liefertermin zu Bestellung 13834 anfragen,Order 13834,resolved
CASE-01726,2018-11-19,Shelley Crespi,employee,Berechtigung fuer Reporting fehlt an WS-15,WS-15,resolved
CASE-01727,2018-11-03,Jonas Amsel,employee,Berechtigung fuer Reporting fehlt an WS-26,WS-26,resolved
CASE-01728,2018-11-05,Michael Suyama,employee,Software-Update fuer WS-06 angefragt,WS-06,resolved
CASE-01729,2018-12-10,Maria Anders,customer,Neuanlage Lieferadresse gewuenscht,Customer ALFKI,resolved
CASE-01730,2018-12-02,Petra Rossi,customer,Konditionen fuer Rahmenbestellung angefragt,Customer FFWPN,resolved
CASE-01731,2018-12-22,Marie Keller,customer,Neuanlage Lieferadresse gewuenscht,Customer UMJKQ,resolved
CASE-01732,2018-12-14,Giovanni Crespi,customer,Ruecksendung zu Bestellung 13345 beantragt,Order 13345,resolved
CASE-01733,2018-12-08,Mayumi Murphy,employee,Drucker an WS-28 nicht erreichbar,WS-28,in_progress
CASE-01734,2018-12-05,IT-Betrieb,employee,Backup auf SRV-03 pruefen,SRV-03,resolved
CASE-01735,2019-01-09,Chandra Brandt,customer,Ruecksendung zu Bestellung 12538 beantragt,Order 12538,resolved
CASE-01736,2019-01-17,Anne Nolot,customer,Reklamation zu Bestellung 10600,Order 10600,resolved
CASE-01737,2019-01-26,Shelley Petersen,customer,Lieferstatus zu Bestellung 12626 unklar,Order 12626,resolved
CASE-01738,2019-01-11,Petra Petersen,customer,Lieferstatus zu Bestellung 12721 unklar,Order 12721,resolved
CASE-01739,2019-01-23,IT-Betrieb,employee,Zertifikat auf SRV-01 laeuft bald ab,SRV-01,resolved
CASE-01740,2019-01-25,IT-Betrieb,employee,SRV-01 meldet vollen Log-Datentraeger,SRV-01,resolved
CASE-01741,2019-02-06,Elio Merchant,customer,Rechnung zu Bestellung 13225 weicht ab,Order 13225,resolved
CASE-01742,2019-02-09,Lars Saveley,customer,Neuanlage Lieferadresse gewuenscht,Customer KHKRV,resolved
CASE-01743,2019-02-24,Dirk Nagase,customer,Liefertermin zu Bestellung 11613 anfragen,Order 11613,resolved
CASE-01744,2019-02-27,Marco Keller,customer,Frage zur Produktverfuegbarkeit,Customer MUDSX,resolved
CASE-01745,2019-02-27,Noah Damodaran,employee,OrderDesk-Login nach Passwortablauf gesperrt,WS-13,resolved
CASE-01746,2019-02-17,IT-Betrieb,employee,Dienst-Neustart auf SRV-02 noetig,SRV-02,resolved
CASE-01747,2019-02-27,Niels Nagase,employee,Software-Update fuer WS-22 angefragt,WS-22,resolved
CASE-01748,2019-02-02,Nancy Davolio,employee,Berechtigung fuer Reporting fehlt an WS-01,WS-01,resolved
CASE-01749,2019-03-27,Maria Anders,customer,Angebot fuer Grossmenge angefragt,Customer ALFKI,resolved
CASE-01750,2019-03-09,Carlos Schulz,customer,Neuanlage Lieferadresse gewuenscht,Customer EDMNO,resolved
CASE-01751,2019-03-26,Jonas Rossi,customer,Konditionen fuer Rahmenbestellung angefragt,Customer FDBVN,resolved
CASE-01752,2019-03-23,Lena Damodaran,customer,Aenderung an offener Bestellung 13548 gewuenscht,Order 13548,resolved
CASE-01753,2019-03-27,IT-Betrieb,employee,SRV-03 meldet vollen Log-Datentraeger,SRV-03,resolved
CASE-01754,2019-03-21,IT-Betrieb,employee,Backup auf SRV-02 pruefen,SRV-02,resolved
CASE-01755,2019-03-07,Laura Callahan,employee,Software-Update fuer WS-08 angefragt,WS-08,resolved
CASE-01756,2019-03-01,Laura Callahan,employee,Datenexport aus OrderDesk stockt an WS-08,WS-08,resolved
CASE-01757,2019-04-13,Elio Goulet,customer,Aenderung an offener Bestellung 13618 gewuenscht,Order 13618,resolved
CASE-01758,2019-04-21,Anne Bertrand,customer,Liefertermin zu Bestellung 10683 anfragen,Order 10683,resolved
CASE-01759,2019-04-21,Peter Amsel,customer,Frage zur Produktverfuegbarkeit,Customer ULXRA,resolved
CASE-01760,2019-04-07,Regina Nolot,customer,Liefertermin zu Bestellung 12260 anfragen,Order 12260,resolved
CASE-01761,2019-04-22,IT-Betrieb,employee,Dienst-Neustart auf SRV-01 noetig,SRV-01,new
CASE-01762,2019-04-17,Niels Bein,employee,OrderDesk-Login nach Passwortablauf gesperrt,WS-17,resolved
CASE-01763,2019-05-28,Giovanni Weber,customer,Rechnung zu Bestellung 13401 weicht ab,Order 13401,resolved
CASE-01764,2019-05-15,Yoshi Petersen,customer,Rechnung zu Bestellung 12054 weicht ab,Order 12054,resolved
CASE-01765,2019-05-12,Lars Cooper,customer,Ruecksendung zu Bestellung 13422 beantragt,Order 13422,resolved
CASE-01766,2019-05-04,Eliane Brandt,customer,Frage zur Produktverfuegbarkeit,Customer WXNSJ,new
CASE-01767,2019-05-02,IT-Betrieb,employee,SRV-02 meldet vollen Log-Datentraeger,SRV-02,resolved
CASE-01768,2019-05-12,Niels Nagase,employee,Datenexport aus OrderDesk stockt an WS-22,WS-22,resolved
CASE-01769,2019-05-05,IT-Betrieb,employee,SRV-03 meldet vollen Log-Datentraeger,SRV-03,resolved
CASE-01770,2019-06-13,Maria Anders,customer,Aenderung an offener Bestellung 13732 gewuenscht,Order 13732,resolved
CASE-01771,2019-06-21,Dirk Merchant,customer,Reklamation zu Bestellung 12075,Order 12075,resolved
CASE-01772,2019-06-25,Marie Peterson,customer,Rechnung zu Bestellung 12395 weicht ab,Order 12395,resolved
CASE-01773,2019-06-03,Noah Goulet,customer,Ruecksendung zu Bestellung 13352 beantragt,Order 13352,resolved
CASE-01774,2019-06-28,IT-Betrieb,employee,SRV-02 meldet vollen Log-Datentraeger,SRV-02,resolved
CASE-01775,2019-06-18,Nancy Davolio,employee,Datenexport aus OrderDesk stockt an WS-01,WS-01,resolved
CASE-01776,2019-06-25,Charlotte Burke,employee,Arbeitsplatz WS-16 braucht OrderDesk-Zugriff,WS-16,resolved
CASE-01777,2019-07-20,Martin Brandt,customer,Lieferstatus zu Bestellung 13163 unklar,Order 13163,resolved
CASE-01778,2019-07-28,Noah Rossi,customer,Neuanlage Lieferadresse gewuenscht,Customer OUXAV,resolved
CASE-01779,2019-07-05,Pavel Vileid,customer,Konditionen fuer Rahmenbestellung angefragt,Customer NYQCX,resolved
CASE-01780,2019-07-10,Giovanni Wilson,customer,Angebot fuer Grossmenge angefragt,Customer QFKIJ,resolved
CASE-01781,2019-07-03,Janet Leverling,employee,OrderDesk-Login nach Passwortablauf gesperrt,WS-03,resolved
CASE-01782,2019-07-06,Anne Wilson,employee,Drucker an WS-18 nicht erreichbar,WS-18,resolved
CASE-01783,2019-07-15,Marie Fresnel,employee,Berechtigung fuer Reporting fehlt an WS-23,WS-23,resolved
CASE-01784,2019-08-16,Marco Luchini,customer,Liefertermin zu Bestellung 12715 anfragen,Order 12715,new
CASE-01785,2019-08-05,Emma Luchini,customer,Lieferstatus zu Bestellung 10909 unklar,Order 10909,resolved
CASE-01786,2019-08-20,Lars Keller,customer,Frage zur Produktverfuegbarkeit,Customer GHSFC,resolved
CASE-01787,2019-08-18,Regina Nolot,customer,Konditionen fuer Rahmenbestellung angefragt,Customer ETXRP,resolved
CASE-01788,2019-08-18,Chandra Heikkonen,employee,Berechtigung fuer Reporting fehlt an WS-29,WS-29,resolved
CASE-01789,2019-08-08,Jonas Amsel,employee,Arbeitsplatz WS-26 braucht OrderDesk-Zugriff,WS-26,resolved
CASE-01790,2019-09-27,Maria Anders,customer,Ruecksendung zu Bestellung 13826 beantragt,Order 13826,resolved
CASE-01791,2019-09-15,Martin Rossi,customer,Konditionen fuer Rahmenbestellung angefragt,Customer FARSL,in_progress
CASE-01792,2019-09-04,Petra Crespi,customer,Neuanlage Lieferadresse gewuenscht,Customer PSNQQ,resolved
CASE-01793,2019-09-13,Lena Luchini,customer,Reklamation zu Bestellung 11273,Order 11273,resolved
CASE-01794,2019-09-02,IT-Betrieb,employee,Dienst-Neustart auf SRV-03 noetig,SRV-03,resolved
CASE-01795,2019-09-20,Michael Suyama,employee,Arbeitsplatz WS-06 braucht OrderDesk-Zugriff,WS-06,resolved
CASE-01796,2019-10-21,Giovanni Damodaran,customer,Rechnung zu Bestellung 12570 weicht ab,Order 12570,resolved
CASE-01797,2019-10-11,Eliane Damodaran,customer,Angebot fuer Grossmenge angefragt,Customer GQSFS,resolved
CASE-01798,2019-10-26,Marco Nagase,customer,Konditionen fuer Rahmenbestellung angefragt,Customer UEXKA,in_progress
CASE-01799,2019-10-02,Ian Merchant,customer,Neuanlage Lieferadresse gewuenscht,Customer GSWQC,resolved
CASE-01800,2019-10-02,IT-Betrieb,employee,Backup auf SRV-02 pruefen,SRV-02,resolved
CASE-01801,2019-10-04,IT-Betrieb,employee,SRV-01 meldet vollen Log-Datentraeger,SRV-01,resolved
CASE-01802,2019-10-15,Margaret Peacock,employee,Datenexport aus OrderDesk stockt an WS-04,WS-04,resolved
CASE-01803,2019-11-24,Emma Peterson,customer,Ruecksendung zu Bestellung 12082 beantragt,Order 12082,resolved
CASE-01804,2019-11-08,Regina Bertrand,customer,Neuanlage Lieferadresse gewuenscht,Customer KENFN,resolved
CASE-01805,2019-11-23,Katrin Cooper,customer,Lieferstatus zu Bestellung 13232 unklar,Order 13232,resolved
CASE-01806,2019-11-08,Peter Amsel,customer,Reklamation zu Bestellung 12241,Order 12241,resolved
CASE-01807,2019-11-19,Noah Damodaran,employee,Datenexport aus OrderDesk stockt an WS-13,WS-13,resolved
CASE-01808,2019-11-21,Marco Mendoza,employee,Berechtigung fuer Reporting fehlt an WS-24,WS-24,new
CASE-01809,2019-11-01,IT-Betrieb,employee,Dienst-Neustart auf SRV-01 noetig,SRV-01,resolved
CASE-01810,2019-12-20,Maria Anders,customer,Ruecksendung zu Bestellung 13947 beantragt,Order 13947,resolved
CASE-01811,2019-12-02,Petra Petersen,customer,Rechnung zu Bestellung 13559 weicht ab,Order 13559,resolved
CASE-01812,2019-12-20,Giovanni Petersen,customer,Rechnung zu Bestellung 12405 weicht ab,Order 12405,resolved
CASE-01813,2019-12-19,Wendy Bertrand,customer,Angebot fuer Grossmenge angefragt,Customer ZXSXD,resolved
CASE-01814,2019-12-26,Niels Nagase,employee,Drucker an WS-22 nicht erreichbar,WS-22,resolved
CASE-01815,2019-12-06,Shelley Crespi,employee,Software-Update fuer WS-15 angefragt,WS-15,in_progress
CASE-01816,2020-01-26,Peter Ohno,customer,Konditionen fuer Rahmenbestellung angefragt,Customer ZCUXQ,resolved
CASE-01817,2020-01-02,Dirk Petersen,customer,Lieferstatus zu Bestellung 13841 unklar,Order 13841,resolved
CASE-01818,2020-01-03,Lena Ohno,customer,Ruecksendung zu Bestellung 13297 beantragt,Order 13297,in_progress
CASE-01819,2020-01-07,Petra Rossi,customer,Reklamation zu Bestellung 13395,Order 13395,resolved
CASE-01820,2020-01-14,IT-Betrieb,employee,Dienst-Neustart auf SRV-02 noetig,SRV-02,in_progress
CASE-01821,2020-01-26,Mayumi Crespi,employee,Drucker an WS-19 nicht erreichbar,WS-19,resolved
CASE-01822,2020-02-08,Elio Petersen,customer,Neuanlage Lieferadresse gewuenscht,Customer XNPBH,resolved
CASE-01823,2020-02-12,Shelley Weber,customer,Aenderung an offener Bestellung 12033 gewuenscht,Order 12033,resolved
CASE-01824,2020-02-28,Elio Goulet,customer,Rechnung zu Bestellung 13110 weicht ab,Order 13110,resolved
CASE-01825,2020-02-03,Giovanni Weber,customer,Frage zur Produktverfuegbarkeit,Customer FNDZJ,resolved
CASE-01826,2020-02-13,Andrew Fuller,employee,Software-Update fuer WS-02 angefragt,WS-02,resolved
CASE-01827,2020-02-16,Marco Mendoza,employee,Berechtigung fuer Reporting fehlt an WS-24,WS-24,new
CASE-01828,2020-02-15,IT-Betrieb,employee,SRV-01 meldet vollen Log-Datentraeger,SRV-01,resolved
CASE-01829,2020-02-11,IT-Betrieb,employee,Zertifikat auf SRV-03 laeuft bald ab,SRV-03,in_progress
CASE-01830,2020-03-25,Maria Anders,customer,Ruecksendung zu Bestellung 13810 beantragt,Order 13810,resolved
CASE-01831,2020-03-06,Sofia Bein,customer,Konditionen fuer Rahmenbestellung angefragt,Customer DHPOC,resolved
CASE-01832,2020-03-03,Giovanni Devling,customer,Angebot fuer Grossmenge angefragt,Customer CJCKO,new
CASE-01833,2020-03-24,Jonas Devling,customer,Liefertermin zu Bestellung 13580 anfragen,Order 13580,resolved
CASE-01834,2020-03-06,Janet Leverling,employee,Arbeitsplatz WS-03 braucht OrderDesk-Zugriff,WS-03,resolved
CASE-01835,2020-03-15,Jonas Amsel,employee,Datenexport aus OrderDesk stockt an WS-26,WS-26,in_progress
CASE-01836,2020-03-06,Michael Nolot,employee,Software-Update fuer WS-20 angefragt,WS-20,resolved
CASE-01837,2020-04-12,Beate Ohno,customer,Neuanlage Lieferadresse gewuenscht,Customer ZUDTB,resolved
CASE-01838,2020-04-17,Antonio Weber,customer,Rechnung zu Bestellung 13924 weicht ab,Order 13924,in_progress
CASE-01839,2020-04-21,Lars Weber,customer,Konditionen fuer Rahmenbestellung angefragt,Customer PTHBC,resolved
CASE-01840,2020-04-26,Sven Damodaran,customer,Liefertermin zu Bestellung 12398 anfragen,Order 12398,resolved
CASE-01841,2020-04-20,Marco Mendoza,employee,Software-Update fuer WS-24 angefragt,WS-24,resolved
CASE-01842,2020-04-24,Regina Nolot,employee,Datenexport aus OrderDesk stockt an WS-25,WS-25,resolved
CASE-01843,2020-05-23,Antonio Petersen,customer,Lieferstatus zu Bestellung 13220 unklar,Order 13220,resolved
CASE-01844,2020-05-03,Emma Peterson,customer,Liefertermin zu Bestellung 11602 anfragen,Order 11602,resolved
CASE-01845,2020-05-09,Dirk Merchant,customer,Neuanlage Lieferadresse gewuenscht,Customer WMXST,resolved
CASE-01846,2020-05-06,Eliane Brandt,customer,Neuanlage Lieferadresse gewuenscht,Customer WXNSJ,resolved
CASE-01847,2020-05-17,Marco Mendoza,employee,Berechtigung fuer Reporting fehlt an WS-24,WS-24,resolved
CASE-01848,2020-05-13,Andrew Fuller,employee,Arbeitsplatz WS-02 braucht OrderDesk-Zugriff,WS-02,resolved
CASE-01849,2020-05-18,Marco Mendoza,employee,Software-Update fuer WS-24 angefragt,WS-24,resolved
CASE-01850,2020-05-13,IT-Betrieb,employee,Backup auf SRV-02 pruefen,SRV-02,resolved
CASE-01851,2020-06-02,Maria Anders,customer,Lieferstatus zu Bestellung 13893 unklar,Order 13893,resolved
CASE-01852,2020-06-10,Chantal Heikkonen,customer,Aenderung an offener Bestellung 13515 gewuenscht,Order 13515,in_progress
CASE-01853,2020-06-16,Carlos Petersen,customer,Ruecksendung zu Bestellung 13723 beantragt,Order 13723,resolved
CASE-01854,2020-06-23,Emma del Valle,customer,Konditionen fuer Rahmenbestellung angefragt,Customer QGHTL,resolved
CASE-01855,2020-06-23,Laura Callahan,employee,Berechtigung fuer Reporting fehlt an WS-08,WS-08,resolved
CASE-01856,2020-06-08,Sven Merchant,employee,OrderDesk-Login nach Passwortablauf gesperrt,WS-21,resolved
CASE-01857,2020-07-18,Cheryl Merchant,customer,Lieferstatus zu Bestellung 12517 unklar,Order 12517,resolved
CASE-01858,2020-07-07,Regina Ohno,customer,Aenderung an offener Bestellung 11917 gewuenscht,Order 11917,new
CASE-01859,2020-07-26,Pavel Nagase,customer,Frage zur Produktverfuegbarkeit,Customer VTJBP,resolved
CASE-01860,2020-07-14,Anne Schulz,customer,Liefertermin zu Bestellung 13031 anfragen,Order 13031,resolved
CASE-01861,2020-07-20,Margaret Peacock,employee,Datenexport aus OrderDesk stockt an WS-04,WS-04,resolved
CASE-01862,2020-07-27,IT-Betrieb,employee,Zertifikat auf SRV-03 laeuft bald ab,SRV-03,resolved
CASE-01863,2020-07-02,Steven Buchanan,employee,Datenexport aus OrderDesk stockt an WS-05,WS-05,resolved
CASE-01864,2020-08-14,Sven Goulet,customer,Neuanlage Lieferadresse gewuenscht,Customer NIPOH,resolved
CASE-01865,2020-08-01,Peter Heikkonen,customer,Lieferstatus zu Bestellung 14037 unklar,Order 14037,in_progress
CASE-01866,2020-08-16,Chandra Heikkonen,customer,Liefertermin zu Bestellung 12695 anfragen,Order 12695,resolved
CASE-01867,2020-08-07,Chandra Luchini,customer,Ruecksendung zu Bestellung 10705 beantragt,Order 10705,resolved
CASE-01868,2020-08-07,Margaret Peacock,employee,Software-Update fuer WS-04 angefragt,WS-04,resolved
CASE-01869,2020-08-18,Michael Mendoza,employee,Berechtigung fuer Reporting fehlt an WS-10,WS-10,in_progress
CASE-01870,2020-08-07,Noah Damodaran,employee,OrderDesk-Login nach Passwortablauf gesperrt,WS-13,resolved
CASE-01871,2020-09-25,Maria Anders,customer,Konditionen fuer Rahmenbestellung angefragt,Customer ALFKI,resolved
CASE-01872,2020-09-10,Dirk Bein,customer,Frage zur Produktverfuegbarkeit,Customer PPYYJ,resolved
CASE-01873,2020-09-23,Petra Schulz,customer,Konditionen fuer Rahmenbestellung angefragt,Customer ZIZYY,resolved
CASE-01874,2020-09-10,Lars Saveley,customer,Ruecksendung zu Bestellung 13408 beantragt,Order 13408,resolved
CASE-01875,2020-09-17,Margaret Peacock,employee,OrderDesk-Login nach Passwortablauf gesperrt,WS-04,resolved
CASE-01876,2020-09-28,Mayumi Murphy,employee,Software-Update fuer WS-28 angefragt,WS-28,resolved
CASE-01877,2020-09-18,Jonas Amsel,employee,Drucker an WS-26 nicht erreichbar,WS-26,resolved
CASE-01878,2020-10-16,Jean Crespi,customer,Reklamation zu Bestellung 14060,Order 14060,resolved
CASE-01879,2020-10-06,Emma Bertrand,customer,Rechnung zu Bestellung 14105 weicht ab,Order 14105,resolved
CASE-01880,2020-10-03,Michael Luchini,customer,Liefertermin zu Bestellung 12915 anfragen,Order 12915,resolved
CASE-01881,2020-10-25,Mayumi Amsel,customer,Konditionen fuer Rahmenbestellung angefragt,Customer OHCSW,resolved
CASE-01882,2020-10-01,Beate Peterson,employee,OrderDesk-Login nach Passwortablauf gesperrt,WS-12,resolved
CASE-01883,2020-10-12,Michael Mendoza,employee,Arbeitsplatz WS-10 braucht OrderDesk-Zugriff,WS-10,resolved
CASE-01884,2020-11-27,Jonas Rossi,customer,Liefertermin zu Bestellung 14104 anfragen,Order 14104,resolved
CASE-01885,2020-11-01,Carlos Nagase,customer,Konditionen fuer Rahmenbestellung angefragt,Customer OHJOB,resolved
CASE-01886,2020-11-06,Chandra Burke,customer,Ruecksendung zu Bestellung 13208 beantragt,Order 13208,resolved
CASE-01887,2020-11-06,Yoshi Brandt,customer,Rechnung zu Bestellung 13453 weicht ab,Order 13453,resolved
CASE-01888,2020-11-03,IT-Betrieb,employee,SRV-01 meldet vollen Log-Datentraeger,SRV-01,resolved
CASE-01889,2020-11-23,Niels Nagase,employee,Software-Update fuer WS-22 angefragt,WS-22,resolved
CASE-01890,2020-11-12,Noah Damodaran,employee,Software-Update fuer WS-13 angefragt,WS-13,resolved
CASE-01891,2020-11-12,Steven Buchanan,employee,Drucker an WS-05 nicht erreichbar,WS-05,resolved
CASE-01892,2020-12-23,Maria Anders,customer,Rechnung zu Bestellung 14126 weicht ab,Order 14126,resolved
CASE-01893,2020-12-02,Marie Amsel,customer,Neuanlage Lieferadresse gewuenscht,Customer LPCSB,resolved
CASE-01894,2020-12-14,Lena Luchini,customer,Liefertermin zu Bestellung 10872 anfragen,Order 10872,resolved
CASE-01895,2020-12-11,Jean Winkler,customer,Lieferstatus zu Bestellung 13881 unklar,Order 13881,resolved
CASE-01896,2020-12-26,Sven Merchant,employee,Datenexport aus OrderDesk stockt an WS-21,WS-21,resolved
CASE-01897,2020-12-13,IT-Betrieb,employee,Zertifikat auf SRV-02 laeuft bald ab,SRV-02,resolved
CASE-01898,2020-12-13,Cheryl Winkler,employee,OrderDesk-Login nach Passwortablauf gesperrt,WS-31,resolved
CASE-01899,2020-12-14,IT-Betrieb,employee,Backup auf SRV-01 pruefen,SRV-01,resolved
CASE-01900,2021-01-09,Yoshi Brandt,customer,Frage zur Produktverfuegbarkeit,Customer DQZFW,in_progress
CASE-01901,2021-01-24,Antonio Diaz,customer,Lieferstatus zu Bestellung 11640 unklar,Order 11640,resolved
CASE-01902,2021-01-28,Pavel Murphy,customer,Aenderung an offener Bestellung 12777 gewuenscht,Order 12777,resolved
CASE-01903,2021-01-23,Chandra Petersen,customer,Rechnung zu Bestellung 13170 weicht ab,Order 13170,resolved
CASE-01904,2021-01-20,Robert King,employee,Arbeitsplatz WS-07 braucht OrderDesk-Zugriff,WS-07,resolved
CASE-01905,2021-01-21,Petra Cooper,employee,Drucker an WS-11 nicht erreichbar,WS-11,resolved
CASE-01906,2021-02-06,Dirk del Valle,customer,Ruecksendung zu Bestellung 12330 beantragt,Order 12330,resolved
CASE-01907,2021-02-23,Marco Luchini,customer,Aenderung an offener Bestellung 13015 gewuenscht,Order 13015,resolved
CASE-01908,2021-02-18,Jonas Cooper,customer,Lieferstatus zu Bestellung 12905 unklar,Order 12905,resolved
CASE-01909,2021-02-02,Michael Saveley,customer,Frage zur Produktverfuegbarkeit,Customer DIJBL,resolved
CASE-01910,2021-02-26,IT-Betrieb,employee,SRV-02 meldet vollen Log-Datentraeger,SRV-02,resolved
CASE-01911,2021-02-14,IT-Betrieb,employee,SRV-03 meldet vollen Log-Datentraeger,SRV-03,resolved
CASE-01912,2021-02-21,IT-Betrieb,employee,Zertifikat auf SRV-03 laeuft bald ab,SRV-03,resolved
CASE-01913,2021-03-18,Maria Anders,customer,Reklamation zu Bestellung 14164,Order 14164,resolved
CASE-01914,2021-03-16,Katrin Bertrand,customer,Rechnung zu Bestellung 12620 weicht ab,Order 12620,resolved
CASE-01915,2021-03-10,Martin Devling,customer,Angebot fuer Grossmenge angefragt,Customer DJSTV,resolved
CASE-01916,2021-03-25,Shelley Ohno,customer,Rechnung zu Bestellung 13235 weicht ab,Order 13235,resolved
CASE-01917,2021-03-11,Mayumi Merchant,employee,Drucker an WS-14 nicht erreichbar,WS-14,resolved
CASE-01918,2021-03-28,Margaret Peacock,employee,Software-Update fuer WS-04 angefragt,WS-04,resolved
CASE-01919,2021-04-26,Katrin Nodier,customer,Neuanlage Lieferadresse gewuenscht,Customer XITAS,resolved
CASE-01920,2021-04-18,Yoshi Cooper,customer,Lieferstatus zu Bestellung 13729 unklar,Order 13729,resolved
CASE-01921,2021-04-03,Niels Petersen,customer,Lieferstatus zu Bestellung 13945 unklar,Order 13945,new
CASE-01922,2021-04-18,Pavel Vileid,customer,Ruecksendung zu Bestellung 13472 beantragt,Order 13472,resolved
CASE-01923,2021-04-13,IT-Betrieb,employee,Backup auf SRV-03 pruefen,SRV-03,resolved
CASE-01924,2021-04-22,Janet Leverling,employee,OrderDesk-Login nach Passwortablauf gesperrt,WS-03,resolved
CASE-01925,2021-04-20,Michael Nolot,employee,Berechtigung fuer Reporting fehlt an WS-20,WS-20,resolved
CASE-01926,2021-05-06,Niels Schulz,customer,Aenderung an offener Bestellung 13411 gewuenscht,Order 13411,resolved
CASE-01927,2021-05-24,Elio Bein,customer,Lieferstatus zu Bestellung 13889 unklar,Order 13889,in_progress
CASE-01928,2021-05-22,Mayumi Rossi,customer,Angebot fuer Grossmenge angefragt,Customer ERRHS,resolved
CASE-01929,2021-05-17,Shelley Nodier,customer,Neuanlage Lieferadresse gewuenscht,Customer XEYPU,resolved
CASE-01930,2021-05-02,IT-Betrieb,employee,SRV-02 meldet vollen Log-Datentraeger,SRV-02,resolved
CASE-01931,2021-05-12,Peter Goulet,employee,Software-Update fuer WS-27 angefragt,WS-27,resolved
CASE-01932,2021-05-26,Steven Buchanan,employee,OrderDesk-Login nach Passwortablauf gesperrt,WS-05,resolved
CASE-01933,2021-06-23,Maria Anders,customer,Reklamation zu Bestellung 14114,Order 14114,resolved
CASE-01934,2021-06-16,Antonio Wilson,customer,Frage zur Produktverfuegbarkeit,Customer JLWBL,resolved
CASE-01935,2021-06-01,Lena Mendoza,customer,Liefertermin zu Bestellung 13585 anfragen,Order 13585,resolved
CASE-01936,2021-06-28,Sven Petersen,customer,Konditionen fuer Rahmenbestellung angefragt,Customer DWIDV,resolved
CASE-01937,2021-06-04,Shelley Crespi,employee,Software-Update fuer WS-15 angefragt,WS-15,resolved
CASE-01938,2021-06-28,IT-Betrieb,employee,Backup auf SRV-03 pruefen,SRV-03,resolved
CASE-01939,2021-07-06,Regina Ohno,customer,Aenderung an offener Bestellung 12861 gewuenscht,Order 12861,resolved
CASE-01940,2021-07-08,Shelley Bertrand,customer,Reklamation zu Bestellung 13760,Order 13760,resolved
CASE-01941,2021-07-13,Lars Rossi,customer,Liefertermin zu Bestellung 12836 anfragen,Order 12836,resolved
CASE-01942,2021-07-19,Regina Goulet,customer,Frage zur Produktverfuegbarkeit,Customer TWGGZ,resolved
CASE-01943,2021-07-19,Michael Nolot,employee,OrderDesk-Login nach Passwortablauf gesperrt,WS-20,resolved
CASE-01944,2021-07-20,Niels Nagase,employee,OrderDesk-Login nach Passwortablauf gesperrt,WS-22,resolved
CASE-01945,2021-08-16,Giovanni Vileid,customer,Ruecksendung zu Bestellung 13331 beantragt,Order 13331,resolved
CASE-01946,2021-08-17,Pavel Murphy,customer,Frage zur Produktverfuegbarkeit,Customer UIHOS,resolved
CASE-01947,2021-08-20,Marie Keller,customer,Konditionen fuer Rahmenbestellung angefragt,Customer UMJKQ,resolved
CASE-01948,2021-08-10,Lena Goulet,customer,Aenderung an offener Bestellung 12090 gewuenscht,Order 12090,resolved
CASE-01949,2021-08-19,Steven Buchanan,employee,Arbeitsplatz WS-05 braucht OrderDesk-Zugriff,WS-05,in_progress
CASE-01950,2021-08-10,IT-Betrieb,employee,Dienst-Neustart auf SRV-02 noetig,SRV-02,resolved
CASE-01951,2021-08-13,IT-Betrieb,employee,Backup auf SRV-03 pruefen,SRV-03,resolved
CASE-01952,2021-08-09,IT-Betrieb,employee,Backup auf SRV-02 pruefen,SRV-02,resolved
CASE-01953,2021-09-08,Maria Anders,customer,Reklamation zu Bestellung 14092,Order 14092,new
CASE-01954,2021-09-04,Cheryl Weber,customer,Liefertermin zu Bestellung 14247 anfragen,Order 14247,resolved
CASE-01955,2021-09-11,Robb Cooper,customer,Rechnung zu Bestellung 12331 weicht ab,Order 12331,resolved
CASE-01956,2021-09-01,Antonio Fresnel,customer,Ruecksendung zu Bestellung 13238 beantragt,Order 13238,resolved
CASE-01957,2021-09-27,Lars Brandt,employee,Software-Update fuer WS-30 angefragt,WS-30,resolved
CASE-01958,2021-09-22,Regina Nolot,employee,OrderDesk-Login nach Passwortablauf gesperrt,WS-25,resolved
CASE-01959,2021-09-03,Niels Bein,employee,Drucker an WS-17 nicht erreichbar,WS-17,resolved
CASE-01960,2021-09-23,Marie Fresnel,employee,Berechtigung fuer Reporting fehlt an WS-23,WS-23,in_progress
CASE-01961,2021-10-12,Chantal del Valle,customer,Ruecksendung zu Bestellung 12652 beantragt,Order 12652,resolved
CASE-01962,2021-10-23,Marco Damodaran,customer,Neuanlage Lieferadresse gewuenscht,Customer GVOIG,resolved
CASE-01963,2021-10-04,Elio del Valle,customer,Aenderung an offener Bestellung 13129 gewuenscht,Order 13129,resolved
CASE-01964,2021-10-25,Michael Burke,customer,Reklamation zu Bestellung 12103,Order 12103,resolved
CASE-01965,2021-10-26,Sven Merchant,employee,Berechtigung fuer Reporting fehlt an WS-21,WS-21,resolved
CASE-01966,2021-10-22,Robert King,employee,Software-Update fuer WS-07 angefragt,WS-07,resolved
CASE-01967,2021-10-08,Chandra Mendoza,employee,Datenexport aus OrderDesk stockt an WS-32,WS-32,resolved
CASE-01968,2021-11-26,Yoshi Burke,customer,Konditionen fuer Rahmenbestellung angefragt,Customer LIQGM,resolved
CASE-01969,2021-11-09,Anne Bein,customer,Konditionen fuer Rahmenbestellung angefragt,Customer JLSTF,resolved
CASE-01970,2021-11-04,Niels Burke,customer,Reklamation zu Bestellung 11502,Order 11502,in_progress
CASE-01971,2021-11-28,Carlos Vileid,customer,Ruecksendung zu Bestellung 12827 beantragt,Order 12827,resolved
CASE-01972,2021-11-20,IT-Betrieb,employee,Backup auf SRV-02 pruefen,SRV-02,resolved
CASE-01973,2021-11-17,Peter Goulet,employee,Berechtigung fuer Reporting fehlt an WS-27,WS-27,resolved
CASE-01974,2021-11-19,Michael Nolot,employee,Software-Update fuer WS-20 angefragt,WS-20,resolved
CASE-01975,2021-12-21,Maria Anders,customer,Liefertermin zu Bestellung 14092 anfragen,Order 14092,resolved
CASE-01976,2021-12-28,Dirk Bein,customer,Aenderung an offener Bestellung 12042 gewuenscht,Order 12042,resolved
CASE-01977,2021-12-12,Marie Amsel,customer,Frage zur Produktverfuegbarkeit,Customer LPCSB,in_progress
CASE-01978,2021-12-04,Chandra Saveley,customer,Angebot fuer Grossmenge angefragt,Customer IGXDM,resolved
CASE-01979,2021-12-01,Mayumi Crespi,employee,Arbeitsplatz WS-19 braucht OrderDesk-Zugriff,WS-19,resolved
CASE-01980,2021-12-17,Margaret Peacock,employee,Berechtigung fuer Reporting fehlt an WS-04,WS-04,resolved
CASE-01981,2021-12-13,Mayumi Crespi,employee,Datenexport aus OrderDesk stockt an WS-19,WS-19,resolved
CASE-01982,2022-01-09,Carlos Petersen,customer,Konditionen fuer Rahmenbestellung angefragt,Customer XPVSE,resolved
CASE-01983,2022-01-10,Jean Petersen,customer,Neuanlage Lieferadresse gewuenscht,Customer WUUTP,resolved
CASE-01984,2022-01-08,Regina Ohno,customer,Aenderung an offener Bestellung 14213 gewuenscht,Order 14213,in_progress
CASE-01985,2022-01-18,Jean Crespi,customer,Aenderung an offener Bestellung 14060 gewuenscht,Order 14060,resolved
CASE-01986,2022-01-01,IT-Betrieb,employee,Backup auf SRV-02 pruefen,SRV-02,resolved
CASE-01987,2022-01-15,Marco Mendoza,employee,Datenexport aus OrderDesk stockt an WS-24,WS-24,resolved
CASE-01988,2022-02-09,Emma Nodier,customer,Frage zur Produktverfuegbarkeit,Customer ZMZNK,resolved
CASE-01989,2022-02-11,Lena Winkler,customer,Neuanlage Lieferadresse gewuenscht,Customer BZODS,resolved
CASE-01990,2022-02-17,Jean Bertrand,customer,Ruecksendung zu Bestellung 13854 beantragt,Order 13854,resolved
CASE-01991,2022-02-25,Antonio Weber,customer,Reklamation zu Bestellung 14256,Order 14256,resolved
CASE-01992,2022-02-21,Sven Merchant,employee,Berechtigung fuer Reporting fehlt an WS-21,WS-21,new
CASE-01993,2022-02-09,IT-Betrieb,employee,Zertifikat auf SRV-03 laeuft bald ab,SRV-03,resolved
CASE-01994,2022-02-18,Anne Wilson,employee,Software-Update fuer WS-18 angefragt,WS-18,resolved
CASE-01995,2022-03-21,Maria Anders,customer,Angebot fuer Grossmenge angefragt,Customer ALFKI,resolved
CASE-01996,2022-03-02,Jonas Luchini,customer,Lieferstatus zu Bestellung 10998 unklar,Order 10998,resolved
CASE-01997,2022-03-22,Michael Heikkonen,customer,Angebot fuer Grossmenge angefragt,Customer PZFXA,resolved
CASE-01998,2022-03-25,Elio Heikkonen,customer,Ruecksendung zu Bestellung 11670 beantragt,Order 11670,new
CASE-01999,2022-03-10,Anne Dodsworth,employee,OrderDesk-Login nach Passwortablauf gesperrt,WS-09,resolved
CASE-02000,2022-03-26,Regina Nolot,employee,Software-Update fuer WS-25 angefragt,WS-25,resolved
CASE-02001,2022-03-28,IT-Betrieb,employee,Zertifikat auf SRV-04 laeuft bald ab,SRV-04,resolved
CASE-02002,2022-04-26,Dirk Petersen,customer,Lieferstatus zu Bestellung 11251 unklar,Order 11251,resolved
CASE-02003,2022-04-12,Guylene Devling,customer,Aenderung an offener Bestellung 13611 gewuenscht,Order 13611,resolved
CASE-02004,2022-04-10,Petra Burke,customer,Neuanlage Lieferadresse gewuenscht,Customer UMMFB,in_progress
CASE-02005,2022-04-11,Lars Mendoza,customer,Neuanlage Lieferadresse gewuenscht,Customer VNGES,resolved
CASE-02006,2022-04-05,Beate Peterson,employee,OrderDesk-Login nach Passwortablauf gesperrt,WS-12,resolved
CASE-02007,2022-04-28,Shelley Crespi,employee,OrderDesk-Login nach Passwortablauf gesperrt,WS-15,resolved
CASE-02008,2022-05-01,Beate Weber,customer,Rechnung zu Bestellung 12438 weicht ab,Order 12438,in_progress
CASE-02009,2022-05-06,Shelley Crespi,customer,Frage zur Produktverfuegbarkeit,Customer ODGMU,resolved
CASE-02010,2022-05-18,Michael del Valle,customer,Liefertermin zu Bestellung 14232 anfragen,Order 14232,resolved
CASE-02011,2022-05-12,Ian Vileid,customer,Neuanlage Lieferadresse gewuenscht,Customer EQDPG,in_progress
CASE-02012,2022-05-23,Michael Suyama,employee,Arbeitsplatz WS-06 braucht OrderDesk-Zugriff,WS-06,resolved
CASE-02013,2022-05-25,IT-Betrieb,employee,SRV-02 meldet vollen Log-Datentraeger,SRV-02,resolved
CASE-02014,2022-05-07,Niels Bein,employee,OrderDesk-Login nach Passwortablauf gesperrt,WS-17,resolved
CASE-02015,2022-06-11,Maria Anders,customer,Aenderung an offener Bestellung 14204 gewuenscht,Order 14204,resolved
CASE-02016,2022-06-17,Robb del Valle,customer,Konditionen fuer Rahmenbestellung angefragt,Customer UNSTP,resolved
CASE-02017,2022-06-22,Beate Wilson,customer,Liefertermin zu Bestellung 13152 anfragen,Order 13152,new
CASE-02018,2022-06-04,Giovanni Crespi,customer,Konditionen fuer Rahmenbestellung angefragt,Customer SNILW,resolved
CASE-02019,2022-06-04,Michael Nolot,employee,Software-Update fuer WS-20 angefragt,WS-20,resolved
CASE-02020,2022-06-03,Chandra Mendoza,employee,Software-Update fuer WS-32 angefragt,WS-32,resolved
CASE-02021,2022-06-01,IT-Betrieb,employee,Dienst-Neustart auf SRV-04 noetig,SRV-04,resolved
CASE-02022,2022-07-25,Katrin Bein,customer,Liefertermin zu Bestellung 13997 anfragen,Order 13997,resolved
CASE-02023,2022-07-11,Robb del Valle,customer,Frage zur Produktverfuegbarkeit,Customer UNSTP,resolved
CASE-02024,2022-07-13,Marco Winkler,customer,Rechnung zu Bestellung 11478 weicht ab,Order 11478,resolved
CASE-02025,2022-07-23,Marie Bein,customer,Ruecksendung zu Bestellung 12169 beantragt,Order 12169,resolved
CASE-02026,2022-07-08,Nancy Davolio,employee,Arbeitsplatz WS-01 braucht OrderDesk-Zugriff,WS-01,resolved
CASE-02027,2022-07-16,Marco Mendoza,employee,Drucker an WS-24 nicht erreichbar,WS-24,resolved
CASE-02028,2022-07-25,Steven Buchanan,employee,Berechtigung fuer Reporting fehlt an WS-05,WS-05,resolved
CASE-02029,2022-08-16,Petra Rossi,customer,Reklamation zu Bestellung 13948,Order 13948,resolved
CASE-02030,2022-08-22,Martin Devling,customer,Rechnung zu Bestellung 13427 weicht ab,Order 13427,resolved
CASE-02031,2022-08-16,Michael Goulet,customer,Liefertermin zu Bestellung 12603 anfragen,Order 12603,resolved
CASE-02032,2022-08-04,Yoshi Mendoza,customer,Reklamation zu Bestellung 14195,Order 14195,resolved
CASE-02033,2022-08-08,Chandra Mendoza,employee,OrderDesk-Login nach Passwortablauf gesperrt,WS-32,in_progress
CASE-02034,2022-08-16,Robert King,employee,Arbeitsplatz WS-07 braucht OrderDesk-Zugriff,WS-07,resolved
CASE-02035,2022-08-21,Noah Damodaran,employee,Berechtigung fuer Reporting fehlt an WS-13,WS-13,in_progress
CASE-02036,2022-08-08,Michael Suyama,employee,Berechtigung fuer Reporting fehlt an WS-06,WS-06,resolved
CASE-02037,2022-09-17,Maria Anders,customer,Aenderung an offener Bestellung 14235 gewuenscht,Order 14235,resolved
CASE-02038,2022-09-24,Marie Peterson,customer,Konditionen fuer Rahmenbestellung angefragt,Customer DGSNV,resolved
CASE-02039,2022-09-21,Pavel Luchini,customer,Konditionen fuer Rahmenbestellung angefragt,Customer CAHTL,new
CASE-02040,2022-09-12,Giovanni Crespi,customer,Liefertermin zu Bestellung 11418 anfragen,Order 11418,resolved
CASE-02041,2022-09-03,Robert King,employee,Software-Update fuer WS-07 angefragt,WS-07,resolved
CASE-02042,2022-09-05,Shelley Crespi,employee,Berechtigung fuer Reporting fehlt an WS-15,WS-15,in_progress
CASE-02043,2022-10-14,Dirk del Valle,customer,Aenderung an offener Bestellung 12767 gewuenscht,Order 12767,resolved
CASE-02044,2022-10-28,Michael Devling,customer,Aenderung an offener Bestellung 13415 gewuenscht,Order 13415,resolved
CASE-02045,2022-10-24,Anne Bertrand,customer,Ruecksendung zu Bestellung 11006 beantragt,Order 11006,resolved
CASE-02046,2022-10-08,Elio Fresnel,customer,Frage zur Produktverfuegbarkeit,Customer DMXPG,resolved
CASE-02047,2022-10-19,Regina Nolot,employee,Drucker an WS-25 nicht erreichbar,WS-25,in_progress
CASE-02048,2022-10-15,Anne Wilson,employee,Drucker an WS-18 nicht erreichbar,WS-18,resolved
CASE-02049,2022-11-10,Petra Rossi,customer,Konditionen fuer Rahmenbestellung angefragt,Customer UICCC,resolved
CASE-02050,2022-11-06,Michael del Valle,customer,Angebot fuer Grossmenge angefragt,Customer BXKJC,resolved
CASE-02051,2022-11-28,Ian Nolot,customer,Lieferstatus zu Bestellung 12386 unklar,Order 12386,resolved
CASE-02052,2022-11-12,Robb Murphy,customer,Ruecksendung zu Bestellung 12545 beantragt,Order 12545,resolved
CASE-02053,2022-11-17,Janet Leverling,employee,Drucker an WS-03 nicht erreichbar,WS-03,resolved
CASE-02054,2022-11-28,Beate Peterson,employee,OrderDesk-Login nach Passwortablauf gesperrt,WS-12,resolved
CASE-02055,2022-11-05,Michael Nolot,employee,Software-Update fuer WS-20 angefragt,WS-20,resolved
CASE-02056,2022-11-24,Mayumi Crespi,employee,Arbeitsplatz WS-19 braucht OrderDesk-Zugriff,WS-19,resolved
CASE-02057,2022-12-15,Maria Anders,customer,Neuanlage Lieferadresse gewuenscht,Customer ALFKI,resolved
CASE-02058,2022-12-06,Yoshi Mendoza,customer,Reklamation zu Bestellung 14432,Order 14432,resolved
CASE-02059,2022-12-06,Marco Bertrand,customer,Ruecksendung zu Bestellung 13041 beantragt,Order 13041,resolved
CASE-02060,2022-12-03,Marco Petersen,customer,Frage zur Produktverfuegbarkeit,Customer HEUTX,resolved
CASE-02061,2022-12-21,Peter Goulet,employee,Arbeitsplatz WS-27 braucht OrderDesk-Zugriff,WS-27,resolved
CASE-02062,2022-12-10,Robert King,employee,OrderDesk-Login nach Passwortablauf gesperrt,WS-07,resolved
CASE-02063,2022-12-12,IT-Betrieb,employee,Backup auf SRV-02 pruefen,SRV-02,new
CASE-02064,2023-01-20,Pavel Nagase,customer,Aenderung an offener Bestellung 10535 gewuenscht,Order 10535,resolved
CASE-02065,2023-01-08,Elio Petersen,customer,Konditionen fuer Rahmenbestellung angefragt,Customer XNPBH,resolved
CASE-02066,2023-01-17,Chandra Burke,customer,Ruecksendung zu Bestellung 13208 beantragt,Order 13208,resolved
CASE-02067,2023-01-19,Chantal Devling,customer,Ruecksendung zu Bestellung 13801 beantragt,Order 13801,resolved
CASE-02068,2023-01-11,IT-Betrieb,employee,Zertifikat auf SRV-02 laeuft bald ab,SRV-02,resolved
CASE-02069,2023-01-09,Charlotte Burke,employee,OrderDesk-Login nach Passwortablauf gesperrt,WS-16,resolved
CASE-02070,2023-01-21,Regina Nolot,employee,Berechtigung fuer Reporting fehlt an WS-25,WS-25,resolved
CASE-02071,2023-01-24,Peter Fresnel,employee,OrderDesk-Login nach Passwortablauf gesperrt,WS-33,resolved
CASE-02072,2023-02-09,Charlotte Cooper,customer,Aenderung an offener Bestellung 13852 gewuenscht,Order 13852,resolved
CASE-02073,2023-02-28,Lars Cooper,customer,Angebot fuer Grossmenge angefragt,Customer HJIUV,resolved
CASE-02074,2023-02-26,Mayumi Murphy,customer,Aenderung an offener Bestellung 11835 gewuenscht,Order 11835,resolved
CASE-02075,2023-02-09,Guylene Cooper,customer,Aenderung an offener Bestellung 14364 gewuenscht,Order 14364,resolved
CASE-02076,2023-02-27,IT-Betrieb,employee,Zertifikat auf SRV-03 laeuft bald ab,SRV-03,resolved
CASE-02077,2023-02-09,Sven Merchant,employee,Datenexport aus OrderDesk stockt an WS-21,WS-21,resolved
CASE-02078,2023-02-07,IT-Betrieb,employee,Zertifikat auf SRV-04 laeuft bald ab,SRV-04,in_progress
CASE-02079,2023-03-06,Maria Anders,customer,Angebot fuer Grossmenge angefragt,Customer ALFKI,resolved
CASE-02080,2023-03-01,Charlotte Wilson,customer,Lieferstatus zu Bestellung 12639 unklar,Order 12639,resolved
CASE-02081,2023-03-24,Wendy Nodier,customer,Reklamation zu Bestellung 12896,Order 12896,resolved
CASE-02082,2023-03-12,Marco Luchini,customer,Reklamation zu Bestellung 12683,Order 12683,resolved
CASE-02083,2023-03-19,Mayumi Merchant,employee,Berechtigung fuer Reporting fehlt an WS-14,WS-14,resolved
CASE-02084,2023-03-13,Nancy Davolio,employee,Software-Update fuer WS-01 angefragt,WS-01,resolved
CASE-02085,2023-04-07,Emma Wilson,customer,Aenderung an offener Bestellung 13033 gewuenscht,Order 13033,resolved
CASE-02086,2023-04-25,Beate Peterson,customer,Rechnung zu Bestellung 12706 weicht ab,Order 12706,resolved
CASE-02087,2023-04-05,Anne Saveley,customer,Lieferstatus zu Bestellung 13338 unklar,Order 13338,resolved
CASE-02088,2023-04-12,Anne Bein,customer,Aenderung an offener Bestellung 13901 gewuenscht,Order 13901,resolved
CASE-02089,2023-04-14,Michael Suyama,employee,Arbeitsplatz WS-06 braucht OrderDesk-Zugriff,WS-06,resolved
CASE-02090,2023-04-26,Chandra Mendoza,employee,Berechtigung fuer Reporting fehlt an WS-32,WS-32,resolved
CASE-02091,2023-04-07,IT-Betrieb,employee,SRV-01 meldet vollen Log-Datentraeger,SRV-01,resolved
CASE-02092,2023-04-26,Marie Fresnel,employee,OrderDesk-Login nach Passwortablauf gesperrt,WS-23,resolved
CASE-02093,2023-05-10,Noah Rossi,customer,Reklamation zu Bestellung 14009,Order 14009,resolved
CASE-02094,2023-05-09,Carlos Nagase,customer,Aenderung an offener Bestellung 13575 gewuenscht,Order 13575,resolved
CASE-02095,2023-05-28,Chandra Brandt,customer,Liefertermin zu Bestellung 12925 anfragen,Order 12925,resolved
CASE-02096,2023-05-28,Charlotte Nagase,customer,Liefertermin zu Bestellung 12762 anfragen,Order 12762,resolved
CASE-02097,2023-05-24,IT-Betrieb,employee,Dienst-Neustart auf SRV-04 noetig,SRV-04,resolved
CASE-02098,2023-05-21,Jonas Amsel,employee,Software-Update fuer WS-26 angefragt,WS-26,resolved
CASE-02099,2023-06-25,Maria Anders,customer,Rechnung zu Bestellung 14309 weicht ab,Order 14309,new
CASE-02100,2023-06-06,Pavel Murphy,customer,Neuanlage Lieferadresse gewuenscht,Customer UIHOS,resolved
CASE-02101,2023-06-20,Pavel Murphy,customer,Aenderung an offener Bestellung 12157 gewuenscht,Order 12157,resolved
CASE-02102,2023-06-14,Peter Amsel,customer,Lieferstatus zu Bestellung 14347 unklar,Order 14347,resolved
CASE-02103,2023-06-12,IT-Betrieb,employee,Backup auf SRV-02 pruefen,SRV-02,resolved
CASE-02104,2023-06-08,IT-Betrieb,employee,Backup auf SRV-04 pruefen,SRV-04,in_progress
CASE-02105,2023-07-25,Noah Bertrand,customer,Aenderung an offener Bestellung 12057 gewuenscht,Order 12057,resolved
CASE-02106,2023-07-20,Marie Winkler,customer,Frage zur Produktverfuegbarkeit,Customer PNUAE,resolved
CASE-02107,2023-07-14,Lena Rossi,customer,Frage zur Produktverfuegbarkeit,Customer MESSA,resolved
CASE-02108,2023-07-08,Emma Wilson,customer,Aenderung an offener Bestellung 13033 gewuenscht,Order 13033,resolved
CASE-02109,2023-07-07,IT-Betrieb,employee,Backup auf SRV-03 pruefen,SRV-03,resolved
CASE-02110,2023-07-05,Andrew Fuller,employee,Berechtigung fuer Reporting fehlt an WS-02,WS-02,resolved
CASE-02111,2023-08-10,Giovanni Petersen,customer,Rechnung zu Bestellung 12149 weicht ab,Order 12149,resolved
CASE-02112,2023-08-28,Elio del Valle,customer,Frage zur Produktverfuegbarkeit,Customer WPBNO,resolved
CASE-02113,2023-08-18,Yoshi Damodaran,customer,Reklamation zu Bestellung 13929,Order 13929,resolved
CASE-02114,2023-08-11,Charlotte Wilson,customer,Ruecksendung zu Bestellung 13506 beantragt,Order 13506,resolved
CASE-02115,2023-08-26,Mayumi Murphy,employee,Berechtigung fuer Reporting fehlt an WS-28,WS-28,resolved
CASE-02116,2023-08-05,Mayumi Crespi,employee,Berechtigung fuer Reporting fehlt an WS-19,WS-19,resolved
CASE-02117,2023-09-13,Maria Anders,customer,Frage zur Produktverfuegbarkeit,Customer ALFKI,resolved
CASE-02118,2023-09-16,Carlos Petersen,customer,Frage zur Produktverfuegbarkeit,Customer XPVSE,resolved
CASE-02119,2023-09-23,Wendy Bertrand,customer,Angebot fuer Grossmenge angefragt,Customer ZXSXD,resolved
CASE-02120,2023-09-18,Mayumi Keller,customer,Konditionen fuer Rahmenbestellung angefragt,Customer WRNCK,resolved
CASE-02121,2023-09-17,IT-Betrieb,employee,Dienst-Neustart auf SRV-01 noetig,SRV-01,resolved
CASE-02122,2023-09-01,IT-Betrieb,employee,Dienst-Neustart auf SRV-01 noetig,SRV-01,resolved
CASE-02123,2023-09-03,IT-Betrieb,employee,Dienst-Neustart auf SRV-01 noetig,SRV-01,resolved
CASE-02124,2023-10-05,Charlotte Heikkonen,customer,Angebot fuer Grossmenge angefragt,Customer JZYVP,resolved
CASE-02125,2023-10-16,Petra Rossi,customer,Angebot fuer Grossmenge angefragt,Customer UICCC,resolved
CASE-02126,2023-10-26,Emma Brandt,customer,Konditionen fuer Rahmenbestellung angefragt,Customer RUAAC,resolved
CASE-02127,2023-10-08,Petra Bein,customer,Neuanlage Lieferadresse gewuenscht,Customer GEEGS,resolved
CASE-02128,2023-10-10,Cheryl Winkler,employee,Software-Update fuer WS-31 angefragt,WS-31,resolved
CASE-02129,2023-10-27,Cheryl Winkler,employee,Software-Update fuer WS-31 angefragt,WS-31,resolved
CASE-02130,2023-10-13,Andrew Fuller,employee,Datenexport aus OrderDesk stockt an WS-02,WS-02,resolved
CASE-02131,2023-10-03,Nancy Davolio,employee,Datenexport aus OrderDesk stockt an WS-01,WS-01,resolved
CASE-02132,2023-11-26,Martin Petersen,customer,Reklamation zu Bestellung 14375,Order 14375,resolved
CASE-02133,2023-11-21,Martin Burke,customer,Konditionen fuer Rahmenbestellung angefragt,Customer SDWDL,resolved
CASE-02134,2023-11-25,Beate Peterson,customer,Reklamation zu Bestellung 12706,Order 12706,resolved
CASE-02135,2023-11-26,Marie Peterson,customer,Lieferstatus zu Bestellung 13819 unklar,Order 13819,resolved
CASE-02136,2023-11-22,Michael Nolot,employee,Datenexport aus OrderDesk stockt an WS-20,WS-20,in_progress
CASE-02137,2023-11-20,Marie Fresnel,employee,Berechtigung fuer Reporting fehlt an WS-23,WS-23,resolved
CASE-02138,2023-11-18,Charlotte Burke,employee,Software-Update fuer WS-16 angefragt,WS-16,resolved
CASE-02139,2023-12-06,Maria Anders,customer,Neuanlage Lieferadresse gewuenscht,Customer ALFKI,resolved
CASE-02140,2023-12-27,Antonio Crespi,customer,Liefertermin zu Bestellung 11482 anfragen,Order 11482,resolved
CASE-02141,2023-12-14,Ian Nagase,customer,Rechnung zu Bestellung 13339 weicht ab,Order 13339,resolved
CASE-02142,2023-12-03,Ian Nolot,customer,Konditionen fuer Rahmenbestellung angefragt,Customer YJAXX,resolved
CASE-02143,2023-12-24,Jonas Petersen,employee,OrderDesk-Login nach Passwortablauf gesperrt,WS-35,in_progress
CASE-02144,2023-12-10,Michael Nolot,employee,OrderDesk-Login nach Passwortablauf gesperrt,WS-20,in_progress
CASE-02145,2023-12-10,Laura Callahan,employee,Berechtigung fuer Reporting fehlt an WS-08,WS-08,resolved
CASE-02146,2023-12-20,Michael Suyama,employee,OrderDesk-Login nach Passwortablauf gesperrt,WS-06,resolved
CASE-02147,2024-01-28,Charlotte Nagase,customer,Frage zur Produktverfuegbarkeit,Customer QNVBE,resolved
CASE-02148,2024-01-21,Regina Brandt,customer,Angebot fuer Grossmenge angefragt,Customer FPYBS,resolved
CASE-02149,2024-01-26,Robb Murphy,customer,Liefertermin zu Bestellung 11684 anfragen,Order 11684,resolved
CASE-02150,2024-01-01,Cheryl Ohno,customer,Angebot fuer Grossmenge angefragt,Customer OHXYC,resolved
CASE-02151,2024-01-02,Beate Peterson,employee,Datenexport aus OrderDesk stockt an WS-12,WS-12,in_progress
CASE-02152,2024-01-16,Noah Damodaran,employee,Software-Update fuer WS-13 angefragt,WS-13,resolved
CASE-02153,2024-02-22,Guylene del Valle,customer,Reklamation zu Bestellung 12418,Order 12418,resolved
CASE-02154,2024-02-19,Giovanni Nagase,customer,Liefertermin zu Bestellung 13310 anfragen,Order 13310,resolved
CASE-02155,2024-02-22,Mayumi Luchini,customer,Aenderung an offener Bestellung 12073 gewuenscht,Order 12073,resolved
CASE-02156,2024-02-14,Carlos Schulz,customer,Aenderung an offener Bestellung 14429 gewuenscht,Order 14429,resolved
CASE-02157,2024-02-03,IT-Betrieb,employee,Backup auf SRV-03 pruefen,SRV-03,resolved
CASE-02158,2024-02-06,IT-Betrieb,employee,SRV-02 meldet vollen Log-Datentraeger,SRV-02,resolved
CASE-02159,2024-03-17,Maria Anders,customer,Rechnung zu Bestellung 14581 weicht ab,Order 14581,resolved
CASE-02160,2024-03-12,Katrin Bein,customer,Reklamation zu Bestellung 12899,Order 12899,resolved
CASE-02161,2024-03-03,Sven Ohno,customer,Angebot fuer Grossmenge angefragt,Customer GBDKX,resolved
CASE-02162,2024-03-28,Niels Burke,customer,Angebot fuer Grossmenge angefragt,Customer CFBZD,resolved
CASE-02163,2024-03-10,Margaret Peacock,employee,Drucker an WS-04 nicht erreichbar,WS-04,resolved
CASE-02164,2024-03-27,IT-Betrieb,employee,Dienst-Neustart auf SRV-03 noetig,SRV-03,resolved
CASE-02165,2024-04-19,Ian Keller,customer,Aenderung an offener Bestellung 14513 gewuenscht,Order 14513,resolved
CASE-02166,2024-04-02,Guylene del Valle,customer,Frage zur Produktverfuegbarkeit,Customer SMORH,new
CASE-02167,2024-04-19,Niels Devling,customer,Konditionen fuer Rahmenbestellung angefragt,Customer PUQHW,in_progress
CASE-02168,2024-04-16,Yoshi Damodaran,customer,Konditionen fuer Rahmenbestellung angefragt,Customer WNOOO,resolved
CASE-02169,2024-04-24,Michael Nolot,employee,Arbeitsplatz WS-20 braucht OrderDesk-Zugriff,WS-20,in_progress
CASE-02170,2024-04-02,IT-Betrieb,employee,Zertifikat auf SRV-03 laeuft bald ab,SRV-03,resolved
CASE-02171,2024-04-08,IT-Betrieb,employee,Dienst-Neustart auf SRV-02 noetig,SRV-02,resolved
CASE-02172,2024-04-16,IT-Betrieb,employee,Zertifikat auf SRV-01 laeuft bald ab,SRV-01,resolved
CASE-02173,2024-05-16,Petra Nagase,customer,Ruecksendung zu Bestellung 12468 beantragt,Order 12468,new
CASE-02174,2024-05-15,Chandra Heikkonen,customer,Lieferstatus zu Bestellung 11360 unklar,Order 11360,resolved
CASE-02175,2024-05-12,Chandra Petersen,customer,Angebot fuer Grossmenge angefragt,Customer VPTMC,resolved
CASE-02176,2024-05-26,Marco del Valle,customer,Reklamation zu Bestellung 12814,Order 12814,resolved
CASE-02177,2024-05-26,IT-Betrieb,employee,Zertifikat auf SRV-03 laeuft bald ab,SRV-03,resolved
CASE-02178,2024-05-07,Jonas Amsel,employee,Berechtigung fuer Reporting fehlt an WS-26,WS-26,resolved
CASE-02179,2024-06-24,Maria Anders,customer,Lieferstatus zu Bestellung 14544 unklar,Order 14544,resolved
CASE-02180,2024-06-06,Noah Amsel,customer,Konditionen fuer Rahmenbestellung angefragt,Customer TQJZF,resolved
CASE-02181,2024-06-12,Yoshi Mendoza,customer,Lieferstatus zu Bestellung 13437 unklar,Order 13437,new
CASE-02182,2024-06-09,Carlos Vileid,customer,Lieferstatus zu Bestellung 11990 unklar,Order 11990,resolved
CASE-02183,2024-06-07,Sven Merchant,employee,Drucker an WS-21 nicht erreichbar,WS-21,in_progress
CASE-02184,2024-06-25,Peter Fresnel,employee,OrderDesk-Login nach Passwortablauf gesperrt,WS-33,resolved
CASE-02185,2024-07-19,Martin Petersen,customer,Angebot fuer Grossmenge angefragt,Customer OEFSH,resolved
CASE-02186,2024-07-04,Shelley Cooper,customer,Liefertermin zu Bestellung 12638 anfragen,Order 12638,resolved
CASE-02187,2024-07-05,Katrin Nolot,customer,Lieferstatus zu Bestellung 13550 unklar,Order 13550,in_progress
CASE-02188,2024-07-11,Anne Saveley,customer,Liefertermin zu Bestellung 13937 anfragen,Order 13937,resolved
CASE-02189,2024-07-07,Janet Leverling,employee,Arbeitsplatz WS-03 braucht OrderDesk-Zugriff,WS-03,resolved
CASE-02190,2024-07-01,IT-Betrieb,employee,Dienst-Neustart auf SRV-02 noetig,SRV-02,resolved
CASE-02191,2024-07-28,Cheryl Winkler,employee,Software-Update fuer WS-31 angefragt,WS-31,resolved
CASE-02192,2024-08-09,Guylene Saveley,customer,Angebot fuer Grossmenge angefragt,Customer FBOHJ,resolved
CASE-02193,2024-08-17,Sofia Nolot,customer,Rechnung zu Bestellung 14585 weicht ab,Order 14585,resolved
CASE-02194,2024-08-01,Robb Murphy,customer,Frage zur Produktverfuegbarkeit,Customer MXKGV,resolved
CASE-02195,2024-08-26,Petra Mendoza,customer,Ruecksendung zu Bestellung 14305 beantragt,Order 14305,resolved
CASE-02196,2024-08-10,Laura Callahan,employee,Drucker an WS-08 nicht erreichbar,WS-08,resolved
CASE-02197,2024-08-18,Mayumi Crespi,employee,Arbeitsplatz WS-19 braucht OrderDesk-Zugriff,WS-19,resolved
CASE-02198,2024-08-03,IT-Betrieb,employee,Backup auf SRV-04 pruefen,SRV-04,resolved
CASE-02199,2024-08-08,Andrew Fuller,employee,Arbeitsplatz WS-02 braucht OrderDesk-Zugriff,WS-02,resolved
CASE-02200,2024-09-04,Maria Anders,customer,Aenderung an offener Bestellung 14615 gewuenscht,Order 14615,resolved
CASE-02201,2024-09-02,Niels Bein,customer,Rechnung zu Bestellung 12337 weicht ab,Order 12337,resolved
CASE-02202,2024-09-28,Shelley Petersen,customer,Liefertermin zu Bestellung 13503 anfragen,Order 13503,resolved
CASE-02203,2024-09-07,Peter Brandt,customer,Angebot fuer Grossmenge angefragt,Customer HAKSL,resolved
CASE-02204,2024-09-15,IT-Betrieb,employee,Zertifikat auf SRV-04 laeuft bald ab,SRV-04,resolved
CASE-02205,2024-09-06,IT-Betrieb,employee,SRV-03 meldet vollen Log-Datentraeger,SRV-03,resolved
CASE-02206,2024-09-13,Niels Bein,employee,OrderDesk-Login nach Passwortablauf gesperrt,WS-17,resolved
CASE-02207,2024-09-21,Steven Buchanan,employee,Datenexport aus OrderDesk stockt an WS-05,WS-05,resolved
CASE-02208,2024-10-26,Michael Rossi,customer,Liefertermin zu Bestellung 12618 anfragen,Order 12618,resolved
CASE-02209,2024-10-19,Michael Rossi,customer,Ruecksendung zu Bestellung 10910 beantragt,Order 10910,resolved
CASE-02210,2024-10-24,Katrin Crespi,customer,Neuanlage Lieferadresse gewuenscht,Customer DTZKB,resolved
CASE-02211,2024-10-23,Charlotte Cooper,customer,Konditionen fuer Rahmenbestellung angefragt,Customer DFGYY,resolved
CASE-02212,2024-10-06,IT-Betrieb,employee,Zertifikat auf SRV-01 laeuft bald ab,SRV-01,in_progress
CASE-02213,2024-10-24,Niels Nagase,employee,Drucker an WS-22 nicht erreichbar,WS-22,in_progress
CASE-02214,2024-11-06,Dirk Merchant,customer,Aenderung an offener Bestellung 14176 gewuenscht,Order 14176,resolved
CASE-02215,2024-11-23,Mayumi Mendoza,customer,Konditionen fuer Rahmenbestellung angefragt,Customer UNGFG,resolved
CASE-02216,2024-11-18,Sofia Schulz,customer,Aenderung an offener Bestellung 12963 gewuenscht,Order 12963,resolved
CASE-02217,2024-11-06,Ian Rossi,customer,Neuanlage Lieferadresse gewuenscht,Customer QWDTO,resolved
CASE-02218,2024-11-18,Mayumi Crespi,employee,Software-Update fuer WS-19 angefragt,WS-19,resolved
CASE-02219,2024-11-06,IT-Betrieb,employee,SRV-01 meldet vollen Log-Datentraeger,SRV-01,resolved
CASE-02220,2024-11-12,IT-Betrieb,employee,SRV-04 meldet vollen Log-Datentraeger,SRV-04,resolved
CASE-02221,2024-11-03,Shelley Crespi,employee,Arbeitsplatz WS-15 braucht OrderDesk-Zugriff,WS-15,resolved
CASE-02222,2024-12-26,Maria Anders,customer,Frage zur Produktverfuegbarkeit,Customer ALFKI,resolved
CASE-02223,2024-12-13,Katrin Bein,customer,Lieferstatus zu Bestellung 13957 unklar,Order 13957,resolved
CASE-02224,2024-12-24,Guylene Bein,customer,Neuanlage Lieferadresse gewuenscht,Customer HMIYN,resolved
CASE-02225,2024-12-24,Emma Peterson,customer,Konditionen fuer Rahmenbestellung angefragt,Customer GZJQE,resolved
CASE-02226,2024-12-09,Nancy Davolio,employee,Arbeitsplatz WS-01 braucht OrderDesk-Zugriff,WS-01,resolved
CASE-02227,2024-12-26,Margaret Peacock,employee,Datenexport aus OrderDesk stockt an WS-04,WS-04,resolved
CASE-02228,2025-01-06,Pavel Vileid,customer,Reklamation zu Bestellung 13472,Order 13472,resolved
CASE-02229,2025-01-12,Sven Diaz,customer,Rechnung zu Bestellung 12223 weicht ab,Order 12223,resolved
CASE-02230,2025-01-20,Niels Devling,customer,Frage zur Produktverfuegbarkeit,Customer PUQHW,resolved
CASE-02231,2025-01-16,Elio Bein,customer,Konditionen fuer Rahmenbestellung angefragt,Customer FDCEW,in_progress
CASE-02232,2025-01-15,Lars Brandt,employee,OrderDesk-Login nach Passwortablauf gesperrt,WS-30,resolved
CASE-02233,2025-01-26,IT-Betrieb,employee,Backup auf SRV-03 pruefen,SRV-03,resolved
CASE-02234,2025-01-11,Michael Nolot,employee,Drucker an WS-20 nicht erreichbar,WS-20,resolved
CASE-02235,2025-02-02,Lars Keller,customer,Aenderung an offener Bestellung 12449 gewuenscht,Order 12449,resolved
CASE-02236,2025-02-10,Pavel Luchini,customer,Lieferstatus zu Bestellung 13442 unklar,Order 13442,resolved
CASE-02237,2025-02-17,Anne Crespi,customer,Frage zur Produktverfuegbarkeit,Customer WTLDY,resolved
CASE-02238,2025-02-17,Eliane Brandt,customer,Konditionen fuer Rahmenbestellung angefragt,Customer WVJQB,resolved
CASE-02239,2025-02-08,IT-Betrieb,employee,Dienst-Neustart auf SRV-03 noetig,SRV-03,resolved
CASE-02240,2025-02-10,Michael Mendoza,employee,Berechtigung fuer Reporting fehlt an WS-10,WS-10,resolved
CASE-02241,2025-02-18,Margaret Peacock,employee,Arbeitsplatz WS-04 braucht OrderDesk-Zugriff,WS-04,resolved
CASE-02242,2025-02-19,Niels Nagase,employee,Software-Update fuer WS-22 angefragt,WS-22,resolved
CASE-02243,2025-03-23,Maria Anders,customer,Rechnung zu Bestellung 14654 weicht ab,Order 14654,resolved
CASE-02244,2025-03-13,Niels Devling,customer,Liefertermin zu Bestellung 13666 anfragen,Order 13666,resolved
CASE-02245,2025-03-07,Marco Petersen,customer,Neuanlage Lieferadresse gewuenscht,Customer HEUTX,in_progress
CASE-02246,2025-03-02,Charlotte Amsel,customer,Ruecksendung zu Bestellung 12352 beantragt,Order 12352,resolved
CASE-02247,2025-03-13,Anne Dodsworth,employee,Arbeitsplatz WS-09 braucht OrderDesk-Zugriff,WS-09,resolved
CASE-02248,2025-03-14,Anne Wilson,employee,OrderDesk-Login nach Passwortablauf gesperrt,WS-18,resolved
CASE-02249,2025-03-01,Robert King,employee,Drucker an WS-07 nicht erreichbar,WS-07,resolved
CASE-02250,2025-04-01,Ian Saveley,customer,Liefertermin zu Bestellung 13979 anfragen,Order 13979,resolved
CASE-02251,2025-04-24,Emma Bertrand,customer,Ruecksendung zu Bestellung 14610 beantragt,Order 14610,resolved
CASE-02252,2025-04-20,Elio Merchant,customer,Neuanlage Lieferadresse gewuenscht,Customer MFIDD,resolved
CASE-02253,2025-04-05,Sven Mendoza,customer,Konditionen fuer Rahmenbestellung angefragt,Customer JSVBF,resolved
CASE-02254,2025-04-04,Beate Peterson,employee,Drucker an WS-12 nicht erreichbar,WS-12,resolved
CASE-02255,2025-04-14,Shelley Crespi,employee,OrderDesk-Login nach Passwortablauf gesperrt,WS-15,resolved
CASE-02256,2025-04-11,Anne Dodsworth,employee,Arbeitsplatz WS-09 braucht OrderDesk-Zugriff,WS-09,resolved
CASE-02257,2025-04-10,Sven Merchant,employee,Berechtigung fuer Reporting fehlt an WS-21,WS-21,new
CASE-02258,2025-05-22,Sofia Bein,customer,Reklamation zu Bestellung 14156,Order 14156,resolved
CASE-02259,2025-05-06,Sven Goulet,customer,Frage zur Produktverfuegbarkeit,Customer NIPOH,resolved
CASE-02260,2025-05-24,Shelley Ohno,customer,Liefertermin zu Bestellung 13661 anfragen,Order 13661,resolved
CASE-02261,2025-05-27,Martin Petersen,customer,Angebot fuer Grossmenge angefragt,Customer OEFSH,resolved
CASE-02262,2025-05-14,Antonio Petersen,employee,Berechtigung fuer Reporting fehlt an WS-34,WS-34,resolved
CASE-02263,2025-05-10,Noah Damodaran,employee,Software-Update fuer WS-13 angefragt,WS-13,resolved
CASE-02264,2025-05-12,Noah Damodaran,employee,OrderDesk-Login nach Passwortablauf gesperrt,WS-13,resolved
CASE-02265,2025-06-28,Maria Anders,customer,Konditionen fuer Rahmenbestellung angefragt,Customer ALFKI,resolved
CASE-02266,2025-06-17,Cheryl Mendoza,customer,Rechnung zu Bestellung 14047 weicht ab,Order 14047,resolved
CASE-02267,2025-06-19,Anne Nolot,customer,Konditionen fuer Rahmenbestellung angefragt,Customer BKURQ,resolved
CASE-02268,2025-06-25,Yoshi Wilson,customer,Liefertermin zu Bestellung 12958 anfragen,Order 12958,resolved
CASE-02269,2025-06-06,IT-Betrieb,employee,Dienst-Neustart auf SRV-03 noetig,SRV-03,resolved
CASE-02270,2025-06-22,Petra Cooper,employee,Software-Update fuer WS-11 angefragt,WS-11,in_progress
CASE-02271,2025-06-22,Peter Fresnel,employee,Berechtigung fuer Reporting fehlt an WS-33,WS-33,resolved
CASE-02272,2025-07-17,Charlotte Wilson,customer,Rechnung zu Bestellung 13506 weicht ab,Order 13506,in_progress
CASE-02273,2025-07-27,Lars del Valle,customer,Lieferstatus zu Bestellung 14608 unklar,Order 14608,resolved
CASE-02274,2025-07-24,Elio Peterson,customer,Lieferstatus zu Bestellung 13675 unklar,Order 13675,resolved
CASE-02275,2025-07-11,Regina Nolot,customer,Angebot fuer Grossmenge angefragt,Customer ETXRP,resolved
CASE-02276,2025-07-07,IT-Betrieb,employee,Dienst-Neustart auf SRV-01 noetig,SRV-01,resolved
CASE-02277,2025-07-07,IT-Betrieb,employee,Backup auf SRV-01 pruefen,SRV-01,in_progress
CASE-02278,2025-07-15,Sven Merchant,employee,Drucker an WS-21 nicht erreichbar,WS-21,resolved
CASE-02279,2025-07-04,Sven Murphy,employee,OrderDesk-Login nach Passwortablauf gesperrt,WS-37,resolved
CASE-02280,2025-08-19,Jonas Rossi,customer,Ruecksendung zu Bestellung 14796 beantragt,Order 14796,resolved
CASE-02281,2025-08-20,Regina Brandt,customer,Neuanlage Lieferadresse gewuenscht,Customer FPYBS,resolved
CASE-02282,2025-08-27,Lars Cooper,customer,Konditionen fuer Rahmenbestellung angefragt,Customer VMCHE,resolved
CASE-02283,2025-08-27,Antonio Wilson,customer,Ruecksendung zu Bestellung 14772 beantragt,Order 14772,resolved
CASE-02284,2025-08-26,Niels Bein,employee,Software-Update fuer WS-17 angefragt,WS-17,resolved
CASE-02285,2025-08-22,Marco Mendoza,employee,Drucker an WS-24 nicht erreichbar,WS-24,resolved
CASE-02286,2025-08-06,Mayumi Merchant,employee,Drucker an WS-14 nicht erreichbar,WS-14,resolved
CASE-02287,2025-08-27,Jonas Petersen,employee,Software-Update fuer WS-35 angefragt,WS-35,resolved
CASE-02288,2025-09-19,Maria Anders,customer,Liefertermin zu Bestellung 14654 anfragen,Order 14654,resolved
CASE-02289,2025-09-07,Sofia Crespi,customer,Frage zur Produktverfuegbarkeit,Customer KKSXE,resolved
CASE-02290,2025-09-08,Peter Goulet,customer,Reklamation zu Bestellung 14127,Order 14127,resolved
CASE-02291,2025-09-01,Jean Luchini,customer,Aenderung an offener Bestellung 13589 gewuenscht,Order 13589,resolved
CASE-02292,2025-09-27,Charlotte Burke,employee,Software-Update fuer WS-16 angefragt,WS-16,resolved
CASE-02293,2025-09-02,Jonas Petersen,employee,Datenexport aus OrderDesk stockt an WS-35,WS-35,resolved
CASE-02294,2025-09-04,Laura Callahan,employee,Software-Update fuer WS-08 angefragt,WS-08,resolved
CASE-02295,2025-09-05,Mayumi Crespi,employee,Arbeitsplatz WS-19 braucht OrderDesk-Zugriff,WS-19,resolved
CASE-02296,2025-10-26,Giovanni Bein,customer,Frage zur Produktverfuegbarkeit,Customer HAQTM,resolved
CASE-02297,2025-10-22,Cheryl Brandt,customer,Ruecksendung zu Bestellung 12625 beantragt,Order 12625,resolved
CASE-02298,2025-10-20,Michael Petersen,customer,Frage zur Produktverfuegbarkeit,Customer XTUBQ,resolved
CASE-02299,2025-10-24,Lars Burke,customer,Konditionen fuer Rahmenbestellung angefragt,Customer OTRES,resolved
CASE-02300,2025-10-05,Antonio Petersen,employee,Drucker an WS-34 nicht erreichbar,WS-34,in_progress
CASE-02301,2025-10-20,Sven Murphy,employee,Arbeitsplatz WS-37 braucht OrderDesk-Zugriff,WS-37,resolved
CASE-02302,2025-10-11,IT-Betrieb,employee,Backup auf SRV-03 pruefen,SRV-03,resolved
CASE-02303,2025-10-16,IT-Betrieb,employee,Backup auf SRV-04 pruefen,SRV-04,in_progress
CASE-02304,2025-11-16,Jonas Heikkonen,customer,Frage zur Produktverfuegbarkeit,Customer UBVCF,resolved
CASE-02305,2025-11-26,Regina Bertrand,customer,Frage zur Produktverfuegbarkeit,Customer KENFN,resolved
CASE-02306,2025-11-28,Cheryl Brandt,customer,Lieferstatus zu Bestellung 12430 unklar,Order 12430,resolved
CASE-02307,2025-11-28,Lena Brandt,customer,Frage zur Produktverfuegbarkeit,Customer NORDW,in_progress
CASE-02308,2025-11-03,Chandra Mendoza,employee,Datenexport aus OrderDesk stockt an WS-32,WS-32,resolved
CASE-02309,2025-11-25,Petra Cooper,employee,Software-Update fuer WS-11 angefragt,WS-11,resolved
CASE-02310,2025-12-26,Maria Anders,customer,Lieferstatus zu Bestellung 14711 unklar,Order 14711,resolved
CASE-02311,2025-12-16,Chandra Burke,customer,Ruecksendung zu Bestellung 11923 beantragt,Order 11923,resolved
CASE-02312,2025-12-11,Niels Devling,customer,Aenderung an offener Bestellung 14435 gewuenscht,Order 14435,resolved
CASE-02313,2025-12-05,Cheryl Ohno,customer,Frage zur Produktverfuegbarkeit,Customer OHXYC,resolved
CASE-02314,2025-12-01,Marie Fresnel,employee,Datenexport aus OrderDesk stockt an WS-23,WS-23,resolved
CASE-02315,2025-12-04,Peter Goulet,employee,Berechtigung fuer Reporting fehlt an WS-27,WS-27,resolved
CASE-02316,2025-12-18,IT-Betrieb,employee,Dienst-Neustart auf SRV-01 noetig,SRV-01,resolved
CASE-02317,2025-12-18,Lars Brandt,employee,Arbeitsplatz WS-30 braucht OrderDesk-Zugriff,WS-30,resolved
CASE-02318,2026-01-13,Chandra Nolot,customer,Neuanlage Lieferadresse gewuenscht,Customer JCWVH,resolved
CASE-02319,2026-01-14,Carlos Ohno,customer,Rechnung zu Bestellung 10849 weicht ab,Order 10849,in_progress
CASE-02320,2026-01-08,Anne Bein,customer,Liefertermin zu Bestellung 11003 anfragen,Order 11003,resolved
CASE-02321,2026-01-10,Katrin Bein,customer,Aenderung an offener Bestellung 14543 gewuenscht,Order 14543,in_progress
CASE-02322,2026-01-24,Anne Wilson,employee,Datenexport aus OrderDesk stockt an WS-18,WS-18,resolved
CASE-02323,2026-01-09,Chandra Mendoza,employee,Berechtigung fuer Reporting fehlt an WS-32,WS-32,resolved
CASE-02324,2026-01-08,Shelley Crespi,employee,Datenexport aus OrderDesk stockt an WS-15,WS-15,resolved
CASE-02325,2026-01-01,IT-Betrieb,employee,SRV-03 meldet vollen Log-Datentraeger,SRV-03,resolved
CASE-02326,2026-02-11,Chandra Brandt,customer,Frage zur Produktverfuegbarkeit,Customer MFVTR,in_progress
CASE-02327,2026-02-06,Niels Damodaran,customer,Reklamation zu Bestellung 13074,Order 13074,in_progress
CASE-02328,2026-02-16,Michael Nolot,customer,Liefertermin zu Bestellung 12641 anfragen,Order 12641,in_progress
CASE-02329,2026-02-10,Lars Weber,customer,Ruecksendung zu Bestellung 12460 beantragt,Order 12460,in_progress
CASE-02330,2026-02-22,Noah Damodaran,employee,Datenexport aus OrderDesk stockt an WS-13,WS-13,resolved
CASE-02331,2026-02-16,Chandra Mendoza,employee,Berechtigung fuer Reporting fehlt an WS-32,WS-32,new
CASE-02332,2026-03-12,Maria Anders,customer,Rechnung zu Bestellung 14723 weicht ab,Order 14723,in_progress
CASE-02333,2026-03-25,Dirk Bein,customer,Lieferstatus zu Bestellung 12495 unklar,Order 12495,resolved
CASE-02334,2026-03-28,Chandra Burke,customer,Ruecksendung zu Bestellung 13208 beantragt,Order 13208,resolved
CASE-02335,2026-03-28,Martin Devling,customer,Liefertermin zu Bestellung 11845 anfragen,Order 11845,in_progress
CASE-02336,2026-03-24,Mayumi Crespi,employee,Arbeitsplatz WS-19 braucht OrderDesk-Zugriff,WS-19,in_progress
CASE-02337,2026-03-01,Michael Suyama,employee,Drucker an WS-06 nicht erreichbar,WS-06,in_progress
CASE-02338,2026-03-22,Martin Ohno,employee,Software-Update fuer WS-40 angefragt,WS-40,resolved
CASE-02339,2026-03-06,IT-Betrieb,employee,Backup auf SRV-03 pruefen,SRV-03,resolved
CASE-02340,2026-04-19,Robb Murphy,customer,Rechnung zu Bestellung 12937 weicht ab,Order 12937,in_progress
CASE-02341,2026-04-03,Ian Damodaran,customer,Angebot fuer Grossmenge angefragt,Customer PLRKR,resolved
CASE-02342,2026-04-18,Shelley Keller,customer,Frage zur Produktverfuegbarkeit,Customer IMRZC,resolved
CASE-02343,2026-04-17,Noah Nodier,customer,Neuanlage Lieferadresse gewuenscht,Customer HGUIL,resolved
CASE-02344,2026-04-08,Petra Cooper,employee,OrderDesk-Login nach Passwortablauf gesperrt,WS-11,resolved
CASE-02345,2026-04-15,Niels Nagase,employee,OrderDesk-Login nach Passwortablauf gesperrt,WS-22,in_progress
CASE-02346,2026-04-23,Beate Peterson,employee,Arbeitsplatz WS-12 braucht OrderDesk-Zugriff,WS-12,resolved
CASE-02347,2026-05-15,Giovanni Petersen,customer,Frage zur Produktverfuegbarkeit,Customer MYWSA,resolved
CASE-02348,2026-05-04,Katrin Bein,customer,Lieferstatus zu Bestellung 13794 unklar,Order 13794,in_progress
CASE-02349,2026-05-05,Shelley Crespi,customer,Konditionen fuer Rahmenbestellung angefragt,Customer VPIEQ,in_progress
CASE-02350,2026-05-14,Martin Petersen,customer,Angebot fuer Grossmenge angefragt,Customer OEFSH,in_progress
CASE-02351,2026-05-15,Steven Buchanan,employee,Drucker an WS-05 nicht erreichbar,WS-05,resolved
CASE-02352,2026-05-19,IT-Betrieb,employee,Backup auf SRV-03 pruefen,SRV-03,in_progress
CASE-02353,2026-06-24,Maria Anders,customer,Konditionen fuer Rahmenbestellung angefragt,Customer ALFKI,new
CASE-02354,2026-06-16,Charlotte Amsel,customer,Rechnung zu Bestellung 12832 weicht ab,Order 12832,in_progress
CASE-02355,2026-06-11,Eliane Amsel,customer,Lieferstatus zu Bestellung 14745 unklar,Order 14745,in_progress
CASE-02356,2026-06-02,Beate Goulet,customer,Neuanlage Lieferadresse gewuenscht,Customer DRIAD,in_progress
CASE-02357,2026-06-23,Mayumi Crespi,employee,Drucker an WS-19 nicht erreichbar,WS-19,new
CASE-02358,2026-06-11,Chandra Heikkonen,employee,Datenexport aus OrderDesk stockt an WS-29,WS-29,resolved
CASE-02359,2026-07-11,Noah Diaz,customer,Aenderung an offener Bestellung 12118 gewuenscht,Order 12118,new
CASE-02360,2026-07-03,Beate Nagase,customer,Frage zur Produktverfuegbarkeit,Customer KSFNV,resolved
CASE-02361,2026-07-17,Yoshi Cooper,customer,Angebot fuer Grossmenge angefragt,Customer HQOTI,in_progress
CASE-02362,2026-07-23,Antonio Luchini,customer,Angebot fuer Grossmenge angefragt,Customer OMVCV,in_progress
CASE-02363,2026-07-15,Jonas Petersen,employee,Berechtigung fuer Reporting fehlt an WS-35,WS-35,new
CASE-02364,2026-07-12,Yoshi Bein,employee,Berechtigung fuer Reporting fehlt an WS-39,WS-39,new
