OrderID,ProductID,UnitPrice,Quantity,Discount
10248,47,32.85,1,0.0
10248,39,107.46,39,0.1
10248,27,15.49,28,0.25
10249,48,28.3,21,0.0
10249,52,104.83,3,0.2
10249,73,84.89,10,0.25
10250,66,117.42,15,0.05
10251,59,14.59,35,0.2
10251,77,72.37,12,0.15
10251,11,52.47,35,0.05
10252,64,47.33,27,0.15
10252,37,79.75,11,0.0
10252,67,106.26,5,0.2
10252,61,107.37,34,0.25
10252,21,79.15,37,0.0
10253,74,32.54,27,0.0
10253,26,110.61,8,0.25
10253,66,117.42,33,0.25
10253,11,52.47,39,0.25
10253,1,52.08,1,0.2
10254,67,106.26,25,0.0
10254,52,104.83,32,0.1
10255,33,6.44,18,0.2
10255,2,88.95,5,0.05
10255,68,114.35,32,0.1
10256,77,72.37,34,0.1
10256,29,93.83,24,0.0
10256,44,4.04,24,0.25
10257,32,31.76,7,0.1
10257,52,104.83,20,0.0
10258,64,47.33,27,0.25
10259,56,112.08,28,0.0
10259,7,6.08,7,0.1
10260,9,39.18,30,0.25
10261,38,106.26,17,0.1
10261,43,44.88,35,0.1
10261,29,93.83,34,0.1
10261,49,16.19,2,0.0
10261,26,110.61,8,0.15
10262,39,107.46,17,0.2
10263,23,46.01,31,0.1
10263,76,77.31,33,0.1
10264,39,107.46,27,0.0
10265,25,102.77,40,0.0
10265,34,47.7,11,0.1
10265,53,91.15,40,0.15
10266,38,106.26,13,0.15
10266,24,22.74,3,0.25
10266,77,72.37,14,0.15
10267,43,44.88,4,0.05
10267,53,91.15,26,0.0
10268,30,33.41,35,0.15
10268,22,38.34,1,0.05
10268,31,38.95,9,0.2
10268,4,92.55,9,0.0
10268,5,16.93,10,0.2
10269,24,22.74,4,0.2
10269,37,79.75,26,0.05
10269,62,72.54,35,0.25
10269,32,31.76,29,0.25
10269,29,93.83,21,0.25
10270,68,114.35,12,0.15
10270,59,14.59,30,0.15
10270,71,101.11,40,0.1
10270,29,93.83,36,0.05
10271,23,46.01,36,0.15
10272,22,38.34,2,0.25
10272,26,110.61,17,0.05
10272,71,101.11,21,0.2
10272,30,33.41,19,0.2
10273,18,48.96,11,0.15
10273,31,38.95,21,0.0
10274,40,43.83,1,0.05
10274,67,106.26,22,0.2
10274,26,110.61,30,0.1
10275,13,52.5,20,0.05
10275,4,92.55,14,0.0
10275,61,107.37,11,0.1
10275,3,105.47,38,0.1
10275,47,32.85,38,0.15
10276,11,52.47,20,0.0
10276,17,102.38,29,0.2
10276,16,95.15,30,0.25
10276,7,6.08,34,0.15
10277,31,38.95,10,0.0
10278,16,95.15,11,0.15
10278,5,16.93,27,0.2
10278,9,39.18,27,0.25
10278,34,47.7,28,0.15
10279,46,115.82,28,0.05
10279,53,91.15,37,0.15
10280,17,102.38,26,0.1
10280,70,50.15,24,0.1
10281,52,104.83,24,0.1
10281,2,88.95,32,0.2
10281,41,106.55,27,0.25
10282,20,117.05,36,0.0
10282,67,106.26,11,0.2
10283,42,49.93,4,0.1
10283,49,16.19,38,0.05
10283,41,106.55,17,0.1
10283,76,77.31,29,0.0
10283,44,4.04,6,0.1
10284,35,47.29,32,0.05
10284,44,4.04,6,0.1
10284,65,67.59,17,0.15
10284,69,78.48,40,0.2
10284,52,104.83,16,0.1
10285,51,41.53,15,0.2
10285,23,46.01,3,0.1
10285,49,16.19,10,0.15
10286,53,91.15,32,0.25
10286,73,84.89,18,0.25
10286,43,44.88,36,0.1
10287,47,32.85,32,0.15
10287,42,49.93,18,0.2
10287,53,91.15,33,0.2
10288,62,72.54,29,0.1
10288,50,72.69,16,0.2
10288,61,107.37,17,0.25
10289,29,93.83,20,0.0
10289,43,44.88,1,0.0
10289,66,117.42,31,0.2
10290,51,41.53,32,0.25
10290,71,101.11,20,0.05
10290,46,115.82,14,0.15
10290,45,90.19,11,0.15
10291,2,88.95,8,0.1
10291,46,115.82,27,0.2
10291,25,102.77,37,0.0
10291,39,107.46,22,0.25
10292,32,31.76,32,0.25
10293,40,43.83,39,0.0
10293,46,115.82,39,0.25
10293,68,114.35,3,0.15
10293,24,22.74,31,0.0
10294,58,31.83,22,0.25
10294,16,95.15,29,0.05
10294,7,6.08,33,0.25
10294,24,22.74,37,0.15
10295,16,95.15,32,0.1
10295,25,102.77,30,0.05
10296,43,44.88,5,0.15
10296,30,33.41,18,0.1
10296,8,94.05,29,0.2
10296,2,88.95,39,0.15
10297,10,24.02,16,0.0
10297,38,106.26,12,0.25
10297,62,72.54,20,0.25
10298,42,49.93,9,0.2
10298,44,4.04,38,0.1
10298,4,92.55,40,0.0
10298,75,9.19,11,0.15
10298,12,89.54,26,0.05
10299,72,83.44,36,0.15
10299,58,31.83,33,0.05
10299,45,90.19,30,0.15
10299,62,72.54,9,0.25
10300,56,112.08,18,0.25
10301,74,32.54,38,0.1
10301,26,110.61,9,0.1
10301,27,15.49,36,0.1
10301,7,6.08,9,0.0
10302,38,106.26,33,0.05
10302,37,79.75,19,0.2
10302,40,43.83,17,0.0
10302,53,91.15,7,0.15
10302,66,117.42,7,0.25
10303,6,22.0,7,0.05
10303,41,106.55,40,0.2
10303,53,91.15,35,0.0
10303,20,117.05,22,0.2
10303,68,114.35,1,0.0
10304,46,115.82,35,0.05
10304,74,32.54,32,0.1
10305,7,6.08,3,0.05
10306,11,52.47,17,0.1
10306,37,79.75,38,0.1
10307,43,44.88,18,0.05
10308,65,67.59,7,0.25
10308,54,76.49,34,0.0
10308,9,39.18,27,0.0
10308,69,78.48,14,0.0
10309,28,104.38,33,0.05
10309,73,84.89,22,0.05
10309,67,106.26,35,0.05
10309,5,16.93,14,0.2
10309,18,48.96,31,0.05
10310,38,106.26,17,0.05
10310,25,102.77,13,0.2
10310,13,52.5,3,0.05
10310,60,71.49,17,0.05
10310,40,43.83,12,0.2
10311,77,72.37,27,0.15
10311,71,101.11,16,0.25
10311,30,33.41,30,0.25
10312,19,75.57,20,0.1
10312,8,94.05,19,0.05
10313,56,112.08,6,0.25
10313,27,15.49,23,0.25
10313,25,102.77,11,0.0
10313,53,91.15,8,0.0
10313,59,14.59,4,0.1
10314,57,54.9,38,0.1
10314,71,101.11,26,0.05
10315,47,32.85,22,0.15
10315,8,94.05,32,0.2
10315,55,6.73,25,0.25
10316,46,115.82,2,0.1
10316,38,106.26,10,0.2
10316,45,90.19,27,0.0
10317,1,52.08,31,0.25
10317,32,31.76,15,0.25
10317,68,114.35,27,0.1
10317,63,85.64,34,0.1
10317,16,95.15,16,0.05
10318,4,92.55,39,0.0
10319,67,106.26,18,0.0
10319,49,16.19,23,0.25
10319,39,107.46,10,0.2
10319,63,85.64,39,0.05
10320,25,102.77,18,0.0
10320,31,38.95,32,0.1
10320,47,32.85,23,0.2
10320,13,52.5,14,0.0
10321,14,105.59,28,0.15
10321,13,52.5,13,0.1
10321,42,49.93,13,0.15
10321,46,115.82,3,0.15
10322,21,79.15,9,0.15
10322,22,38.34,30,0.25
10322,35,47.29,13,0.25
10322,9,39.18,38,0.1
10323,39,107.46,3,0.0
10323,7,6.08,18,0.1
10323,59,14.59,10,0.0
10324,15,92.23,27,0.0
10324,21,79.15,14,0.2
10325,65,67.59,15,0.05
10325,1,52.08,8,0.2
10325,71,101.11,12,0.2
10325,60,71.49,31,0.2
10325,61,107.37,9,0.15
10326,32,31.76,26,0.0
10327,8,94.05,24,0.25
10327,47,32.85,19,0.15
10327,41,106.55,40,0.25
10328,27,15.49,12,0.15
10329,33,6.44,19,0.25
10330,43,44.88,39,0.1
10330,17,102.38,11,0.2
10330,7,6.08,23,0.25
10331,73,84.89,16,0.2
10331,64,47.33,1,0.15
10332,14,105.59,5,0.05
10332,11,52.47,18,0.25
10332,60,71.49,17,0.15
10333,13,52.5,38,0.15
10334,75,9.19,11,0.25
10334,46,115.82,34,0.1
10334,44,4.04,2,0.25
10334,8,94.05,31,0.2
10334,33,6.44,3,0.1
10335,40,43.83,39,0.25
10335,4,92.55,14,0.15
10335,70,50.15,36,0.25
10335,73,84.89,40,0.2
10336,12,89.54,18,0.05
10337,76,77.31,34,0.2
10337,63,85.64,16,0.1
10337,73,84.89,15,0.25
10338,40,43.83,14,0.2
10338,34,47.7,24,0.1
10339,37,79.75,21,0.05
10339,18,48.96,2,0.2
10339,33,6.44,38,0.2
10339,22,38.34,27,0.0
10340,56,112.08,3,0.25
10340,41,106.55,37,0.1
10340,16,95.15,15,0.25
10341,8,94.05,12,0.05
10341,45,90.19,4,0.15
10342,21,79.15,37,0.2
10342,66,117.42,38,0.1
10342,68,114.35,34,0.25
10343,57,54.9,17,0.2
10344,3,105.47,9,0.25
10344,52,104.83,21,0.2
10345,42,49.93,7,0.05
10345,74,32.54,4,0.1
10345,43,44.88,34,0.2
10345,26,110.61,9,0.0
10345,29,93.83,2,0.25
10346,33,6.44,2,0.25
10346,54,76.49,2,0.1
10347,30,33.41,1,0.1
10347,46,115.82,10,0.15
10348,60,71.49,24,0.2
10349,6,22.0,31,0.1
10349,2,88.95,11,0.05
10350,72,83.44,31,0.25
10350,31,38.95,19,0.2
10350,26,110.61,11,0.25
10350,36,105.7,17,0.25
10350,49,16.19,32,0.0
10351,66,117.42,18,0.0
10351,52,104.83,5,0.25
10351,29,93.83,1,0.05
10352,28,104.38,31,0.2
10352,32,31.76,37,0.15
10352,49,16.19,31,0.1
10353,15,92.23,6,0.05
10353,77,72.37,6,0.0
10353,65,67.59,40,0.2
10353,23,46.01,29,0.1
10354,27,15.49,32,0.05
10355,27,15.49,22,0.0
10355,19,75.57,3,0.2
10355,20,117.05,40,0.2
10356,10,24.02,16,0.0
10356,44,4.04,2,0.0
10356,28,104.38,35,0.0
10357,34,47.7,18,0.15
10357,42,49.93,24,0.25
10357,45,90.19,26,0.2
10357,67,106.26,8,0.05
10358,21,79.15,5,0.25
10358,74,32.54,9,0.2
10358,35,47.29,8,0.0
10359,75,9.19,26,0.0
10359,15,92.23,12,0.25
10359,18,48.96,14,0.05
10359,30,33.41,24,0.2
10359,76,77.31,31,0.15
10360,4,92.55,16,0.1
10361,19,75.57,19,0.1
10361,48,28.3,16,0.1
10362,69,78.48,11,0.05
10362,9,39.18,5,0.2
10363,3,105.47,31,0.1
10363,67,106.26,3,0.1
10363,60,71.49,13,0.25
10363,34,47.7,18,0.25
10364,47,32.85,38,0.25
10364,8,94.05,15,0.25
10365,21,79.15,31,0.1
10366,4,92.55,18,0.15
10366,21,79.15,22,0.05
10366,60,71.49,26,0.25
10366,43,44.88,32,0.1
10366,66,117.42,34,0.15
10367,45,90.19,6,0.2
10367,26,110.61,2,0.05
10368,4,92.55,18,0.1
10368,10,24.02,23,0.25
10368,57,54.9,14,0.25
10368,66,117.42,34,0.25
10369,29,93.83,30,0.1
10369,4,92.55,20,0.15
10369,59,14.59,12,0.0
10370,58,31.83,11,0.15
10371,20,117.05,1,0.0
10371,75,9.19,21,0.1
10371,3,105.47,24,0.05
10372,24,22.74,30,0.0
10373,72,83.44,38,0.2
10374,5,16.93,17,0.0
10375,74,32.54,3,0.05
10375,55,6.73,7,0.2
10375,30,33.41,26,0.2
10375,46,115.82,38,0.1
10376,38,106.26,20,0.2
10376,57,54.9,24,0.1
10377,48,28.3,9,0.2
10377,12,89.54,37,0.0
10378,5,16.93,35,0.2
10378,51,41.53,1,0.1
10379,45,90.19,35,0.0
10379,69,78.48,23,0.1
10380,62,72.54,26,0.0
10380,31,38.95,20,0.0
10381,32,31.76,18,0.1
10382,25,102.77,40,0.25
10382,66,117.42,21,0.25
10383,21,79.15,23,0.1
10383,48,28.3,36,0.25
10384,18,48.96,32,0.25
10384,6,22.0,29,0.15
10385,6,22.0,17,0.15
10386,33,6.44,39,0.2
10386,50,72.69,6,0.1
10387,3,105.47,1,0.1
10387,66,117.42,26,0.2
10388,24,22.74,30,0.15
10389,50,72.69,7,0.2
10390,74,32.54,32,0.15
10390,4,92.55,22,0.2
10390,54,76.49,38,0.05
10390,19,75.57,25,0.1
10391,10,24.02,11,0.15
10391,19,75.57,7,0.15
10392,31,38.95,11,0.0
10392,25,102.77,38,0.2
10392,67,106.26,29,0.05
10392,11,52.47,24,0.25
10393,37,79.75,5,0.2
10393,10,24.02,39,0.05
10393,15,92.23,32,0.05
10393,7,6.08,33,0.2
10394,9,39.18,11,0.25
10395,38,106.26,26,0.25
10395,50,72.69,39,0.0
10396,9,39.18,8,0.25
10396,70,50.15,21,0.0
10396,11,52.47,38,0.0
10396,48,28.3,12,0.2
10397,15,92.23,27,0.25
10397,10,24.02,7,0.05
10397,60,71.49,36,0.1
10397,49,16.19,20,0.0
10397,31,38.95,38,0.15
10398,52,104.83,8,0.25
10398,27,15.49,26,0.2
10398,21,79.15,34,0.1
10398,70,50.15,11,0.25
10398,62,72.54,27,0.25
10399,73,84.89,40,0.0
10399,63,85.64,25,0.25
10400,49,16.19,18,0.05
10401,25,102.77,27,0.1
10401,38,106.26,37,0.25
10401,9,39.18,40,0.1
10401,47,32.85,38,0.05
10402,68,114.35,19,0.2
10403,9,39.18,5,0.1
10403,69,78.48,37,0.15
10403,67,106.26,13,0.05
10403,31,38.95,13,0.2
10403,76,77.31,13,0.2
10404,74,32.54,11,0.2
10404,44,4.04,30,0.05
10404,36,105.7,35,0.1
10404,56,112.08,13,0.05
10404,9,39.18,16,0.0
10405,2,88.95,20,0.25
10405,27,15.49,6,0.0
10405,75,9.19,33,0.15
10405,54,76.49,30,0.05
10405,35,47.29,36,0.05
10406,20,117.05,31,0.0
10406,67,106.26,31,0.05
10406,62,72.54,36,0.15
10407,70,50.15,19,0.2
10407,35,47.29,22,0.15
10407,58,31.83,28,0.15
10407,16,95.15,36,0.15
10408,38,106.26,24,0.25
10409,51,41.53,20,0.0
10409,55,6.73,16,0.0
10409,14,105.59,1,0.15
10410,65,67.59,16,0.1
10411,26,110.61,16,0.25
10411,59,14.59,3,0.1
10411,24,22.74,2,0.05
10412,24,22.74,9,0.05
10412,4,92.55,25,0.25
10412,51,41.53,36,0.0
10412,38,106.26,7,0.1
10412,52,104.83,37,0.15
10413,46,115.82,30,0.05
10414,39,107.46,20,0.2
10414,64,47.33,21,0.2
10415,36,105.7,12,0.05
10416,72,83.44,16,0.05
10416,26,110.61,31,0.2
10416,16,95.15,13,0.05
10417,41,106.55,11,0.15
10417,10,24.02,36,0.25
10418,54,76.49,11,0.05
10419,20,117.05,19,0.0
10419,25,102.77,18,0.15
10419,45,90.19,21,0.05
10419,52,104.83,7,0.1
10420,71,101.11,23,0.0
10420,31,38.95,22,0.2
10420,3,105.47,28,0.15
10421,3,105.47,11,0.1
10421,58,31.83,34,0.25
10421,74,32.54,28,0.0
10421,23,46.01,19,0.2
10421,55,6.73,35,0.1
10422,48,28.3,31,0.15
10422,58,31.83,33,0.1
10422,77,72.37,40,0.1
10423,37,79.75,15,0.2
10423,9,39.18,18,0.25
10423,60,71.49,11,0.15
10423,63,85.64,17,0.15
10424,51,41.53,10,0.15
10424,20,117.05,19,0.05
10424,72,83.44,34,0.1
10425,44,4.04,33,0.25
10425,70,50.15,2,0.2
10425,50,72.69,13,0.0
10425,17,102.38,31,0.25
10426,18,48.96,23,0.05
10427,23,46.01,6,0.25
10427,8,94.05,28,0.05
10427,19,75.57,25,0.05
10427,76,77.31,24,0.25
10428,20,117.05,2,0.15
10428,33,6.44,39,0.15
10429,4,92.55,33,0.05
10429,21,79.15,31,0.25
10430,74,32.54,7,0.15
10430,3,105.47,28,0.05
10431,44,4.04,23,0.2
10431,35,47.29,20,0.05
10431,53,91.15,12,0.25
10431,74,32.54,10,0.0
10431,7,6.08,32,0.05
10432,70,50.15,15,0.1
10432,15,92.23,14,0.2
10432,14,105.59,8,0.15
10433,25,102.77,32,0.2
10433,29,93.83,8,0.0
10433,28,104.38,8,0.05
10434,47,32.85,3,0.0
10435,26,110.61,8,0.25
10435,7,6.08,18,0.05
10435,69,78.48,10,0.0
10435,56,112.08,12,0.2
10436,53,91.15,18,0.1
10436,41,106.55,18,0.1
10436,40,43.83,29,0.25
10437,60,71.49,29,0.25
10437,3,105.47,37,0.2
10438,23,46.01,14,0.2
10438,47,32.85,8,0.1
10439,20,117.05,19,0.0
10439,31,38.95,3,0.15
10439,57,54.9,13,0.1
10440,33,6.44,19,0.25
10440,13,52.5,31,0.25
10441,9,39.18,4,0.15
10441,15,92.23,1,0.05
10441,17,102.38,1,0.1
10442,18,48.96,22,0.15
10442,2,88.95,15,0.2
10442,7,6.08,8,0.2
10442,47,32.85,4,0.05
10442,60,71.49,36,0.1
10443,9,39.18,18,0.25
10443,73,84.89,28,0.15
10443,49,16.19,34,0.05
10443,58,31.83,3,0.25
10443,47,32.85,5,0.05
10444,35,47.29,29,0.0
10444,47,32.85,2,0.0
10445,28,104.38,3,0.0
10445,30,33.41,25,0.15
10445,10,24.02,5,0.05
10446,48,28.3,19,0.25
10446,3,105.47,11,0.1
10446,74,32.54,17,0.25
10447,58,31.83,12,0.0
10447,39,107.46,1,0.25
10447,38,106.26,6,0.15
10448,10,24.02,11,0.15
10448,39,107.46,38,0.2
10448,63,85.64,8,0.0
10448,73,84.89,12,0.1
10449,38,106.26,6,0.2
10449,25,102.77,3,0.15
10449,59,14.59,12,0.05
10450,22,38.34,21,0.1
10450,75,9.19,29,0.15
10450,9,39.18,10,0.0
10450,64,47.33,26,0.2
10450,55,6.73,5,0.2
10451,29,93.83,36,0.15
10452,23,46.01,2,0.1
10452,57,54.9,22,0.05
10452,26,110.61,32,0.15
10452,3,105.47,4,0.05
10453,10,24.02,31,0.0
10453,55,6.73,7,0.2
10454,31,38.95,23,0.2
10454,38,106.26,20,0.25
10454,32,31.76,32,0.1
10454,18,48.96,20,0.0
10455,64,47.33,7,0.2
10456,52,104.83,23,0.25
10457,70,50.15,10,0.25
10457,40,43.83,1,0.15
10458,3,105.47,28,0.15
10458,23,46.01,30,0.05
10458,42,49.93,40,0.05
10458,63,85.64,6,0.1
10458,12,89.54,35,0.25
10459,1,52.08,21,0.0
10459,37,79.75,6,0.1
10459,17,102.38,21,0.1
10459,53,91.15,14,0.2
10460,56,112.08,17,0.25
10461,30,33.41,23,0.25
10462,32,31.76,5,0.0
10462,48,28.3,24,0.1
10463,3,105.47,36,0.05
10463,37,79.75,31,0.2
10463,18,48.96,27,0.0
10463,35,47.29,15,0.15
10463,15,92.23,2,0.1
10464,73,84.89,25,0.1
10464,26,110.61,36,0.0
10464,4,92.55,33,0.15
10465,8,94.05,29,0.25
10465,64,47.33,3,0.1
10465,42,49.93,16,0.0
10465,75,9.19,26,0.2
10466,43,44.88,19,0.15
10466,54,76.49,26,0.1
10467,7,6.08,12,0.15
10468,37,79.75,39,0.05
10468,46,115.82,20,0.1
10468,55,6.73,14,0.1
10468,40,43.83,16,0.1
10469,38,106.26,21,0.15
10469,55,6.73,36,0.1
10470,10,24.02,20,0.15
10471,76,77.31,33,0.0
10472,44,4.04,30,0.1
10473,36,105.7,38,0.2
10473,44,4.04,17,0.05
10473,68,114.35,25,0.05
10474,55,6.73,25,0.0
10474,9,39.18,12,0.25
10474,20,117.05,24,0.0
10474,10,24.02,12,0.15
10475,69,78.48,12,0.25
10475,33,6.44,38,0.05
10475,67,106.26,23,0.15
10476,10,24.02,37,0.15
10476,21,79.15,23,0.1
10476,69,78.48,38,0.25
10477,14,105.59,20,0.0
10477,63,85.64,7,0.25
10477,44,4.04,6,0.15
10477,33,6.44,11,0.05
10478,23,46.01,23,0.15
10478,69,78.48,21,0.2
10478,63,85.64,6,0.2
10478,47,32.85,33,0.1
10479,2,88.95,25,0.1
10479,29,93.83,33,0.25
10480,44,4.04,3,0.2
10480,10,24.02,33,0.15
10480,16,95.15,6,0.2
10480,9,39.18,34,0.1
10480,61,107.37,4,0.2
10481,33,6.44,4,0.25
10481,8,94.05,28,0.1
10481,74,32.54,30,0.15
10481,12,89.54,13,0.1
10482,25,102.77,12,0.25
10482,75,9.19,24,0.0
10482,59,14.59,13,0.1
10482,2,88.95,8,0.1
10483,59,14.59,30,0.2
10483,67,106.26,22,0.15
10483,50,72.69,8,0.05
10483,52,104.83,10,0.15
10484,63,85.64,18,0.2
10484,30,33.41,19,0.2
10484,67,106.26,12,0.25
10485,54,76.49,11,0.0
10485,35,47.29,16,0.15
10485,26,110.61,5,0.0
10485,18,48.96,33,0.15
10485,47,32.85,8,0.05
10486,73,84.89,16,0.25
10486,17,102.38,1,0.15
10487,19,75.57,11,0.25
10488,62,72.54,33,0.1
10488,24,22.74,7,0.2
10488,20,117.05,25,0.1
10488,23,46.01,6,0.2
10488,64,47.33,9,0.15
10489,36,105.7,3,0.15
10489,22,38.34,8,0.1
10489,61,107.37,31,0.05
10489,18,48.96,37,0.05
10489,1,52.08,18,0.15
10490,47,32.85,9,0.2
10490,73,84.89,16,0.25
10490,59,14.59,5,0.15
10491,17,102.38,5,0.15
10491,54,76.49,5,0.2
10491,59,14.59,21,0.25
10492,74,32.54,4,0.2
10493,30,33.41,32,0.25
10493,44,4.04,35,0.0
10493,67,106.26,31,0.25
10493,69,78.48,30,0.05
10493,7,6.08,25,0.2
10494,31,38.95,26,0.2
10494,35,47.29,4,0.25
10494,18,48.96,19,0.15
10494,44,4.04,29,0.25
10495,71,101.11,21,0.0
10495,41,106.55,34,0.05
10495,59,14.59,22,0.15
10496,71,101.11,32,0.25
10496,54,76.49,3,0.15
10496,49,16.19,26,0.05
10496,25,102.77,12,0.0
10497,41,106.55,38,0.0
10497,13,52.5,1,0.25
10497,1,52.08,29,0.0
10497,43,44.88,8,0.05
10497,53,91.15,6,0.1
10498,71,101.11,19,0.1
10498,42,49.93,39,0.0
10498,40,43.83,6,0.05
10498,66,117.42,38,0.05
10499,30,33.41,2,0.2
10499,72,83.44,19,0.25
10499,60,71.49,32,0.1
10500,17,102.38,28,0.25
10500,6,22.0,23,0.15
10500,3,105.47,31,0.0
10500,55,6.73,24,0.25
10500,12,89.54,18,0.0
10501,7,6.08,34,0.2
10501,50,72.69,14,0.1
10502,36,105.7,6,0.2
10502,69,78.48,12,0.1
10502,52,104.83,29,0.15
10502,75,9.19,38,0.1
10502,27,15.49,10,0.2
10503,37,79.75,21,0.05
10503,64,47.33,8,0.05
10504,69,78.48,19,0.2
10504,4,92.55,34,0.05
10504,70,50.15,29,0.2
10504,17,102.38,4,0.05
10505,69,78.48,38,0.05
10505,22,38.34,36,0.25
10505,23,46.01,5,0.0
10505,77,72.37,19,0.2
10505,67,106.26,9,0.0
10506,60,71.49,10,0.0
10506,54,76.49,24,0.15
10506,62,72.54,14,0.0
10506,3,105.47,2,0.1
10506,20,117.05,39,0.25
10507,5,16.93,14,0.15
10507,32,31.76,12,0.0
10507,14,105.59,19,0.0
10507,28,104.38,26,0.2
10508,61,107.37,10,0.1
10509,58,31.83,8,0.05
10509,30,33.41,11,0.05
10509,15,92.23,30,0.0
10510,61,107.37,38,0.15
10510,19,75.57,15,0.05
10510,60,71.49,25,0.1
10510,67,106.26,24,0.1
10511,15,92.23,6,0.05
10511,35,47.29,27,0.0
10511,51,41.53,23,0.25
10511,10,24.02,36,0.05
10512,34,47.7,13,0.2
10512,74,32.54,13,0.25
10513,31,38.95,4,0.2
10513,69,78.48,7,0.05
10513,64,47.33,15,0.1
10513,56,112.08,32,0.25
10513,6,22.0,6,0.1
10514,25,102.77,19,0.2
10514,61,107.37,15,0.25
10514,9,39.18,8,0.0
10515,19,75.57,17,0.25
10515,77,72.37,27,0.0
10516,52,104.83,2,0.1
10516,44,4.04,33,0.25
10516,42,49.93,22,0.25
10517,37,79.75,27,0.25
10518,75,9.19,19,0.1
10518,8,94.05,37,0.15
10518,22,38.34,24,0.05
10518,42,49.93,12,0.25
10518,68,114.35,13,0.2
10519,64,47.33,33,0.2
10519,37,79.75,19,0.25
10519,27,15.49,33,0.1
10519,16,95.15,7,0.2
10520,65,67.59,3,0.05
10520,70,50.15,27,0.1
10521,54,76.49,39,0.0
10521,53,91.15,1,0.2
10521,50,72.69,32,0.2
10521,52,104.83,5,0.0
10522,8,94.05,24,0.1
10522,41,106.55,7,0.2
10522,68,114.35,19,0.2
10523,68,114.35,18,0.25
10523,47,32.85,1,0.0
10524,60,71.49,38,0.0
10524,53,91.15,5,0.1
10524,11,52.47,21,0.1
10525,75,9.19,3,0.15
10525,2,88.95,1,0.2
10525,32,31.76,17,0.2
10525,4,92.55,3,0.15
10526,1,52.08,21,0.1
10526,64,47.33,3,0.25
10526,23,46.01,20,0.2
10526,25,102.77,38,0.2
10527,53,91.15,13,0.0
10527,51,41.53,39,0.25
10527,14,105.59,31,0.0
10527,5,16.93,30,0.0
10527,19,75.57,32,0.05
10528,60,71.49,15,0.1
10529,56,112.08,40,0.25
10529,8,94.05,3,0.0
10530,61,107.37,29,0.05
10530,27,15.49,11,0.2
10530,8,94.05,32,0.25
10530,37,79.75,40,0.1
10530,42,49.93,17,0.0
10531,30,33.41,9,0.05
10531,12,89.54,3,0.25
10531,48,28.3,28,0.1
10531,71,101.11,33,0.05
10531,47,32.85,19,0.2
10532,65,67.59,6,0.15
10532,34,47.7,24,0.05
10532,10,24.02,36,0.25
10533,20,117.05,28,0.15
10533,60,71.49,32,0.1
10533,45,90.19,10,0.05
10533,26,110.61,4,0.15
10534,28,104.38,29,0.05
10534,30,33.41,38,0.05
10534,62,72.54,9,0.2
10534,75,9.19,5,0.05
10534,66,117.42,21,0.25
10535,35,47.29,2,0.0
10536,29,93.83,9,0.25
10536,63,85.64,39,0.1
10536,8,94.05,13,0.25
10536,56,112.08,11,0.15
10536,72,83.44,33,0.25
10537,28,104.38,17,0.2
10537,3,105.47,14,0.0
10537,39,107.46,10,0.0
10538,13,52.5,12,0.25
10538,21,79.15,14,0.1
10539,12,89.54,33,0.05
10539,49,16.19,3,0.0
10539,66,117.42,32,0.15
10539,56,112.08,19,0.0
10540,41,106.55,30,0.0
10540,55,6.73,16,0.05
10541,36,105.7,39,0.1
10542,14,105.59,30,0.25
10543,22,38.34,1,0.25
10543,7,6.08,34,0.25
10543,48,28.3,9,0.2
10544,8,94.05,39,0.2
10544,77,72.37,20,0.05
10544,21,79.15,36,0.25
10544,33,6.44,19,0.05
10545,56,112.08,16,0.2
10545,75,9.19,7,0.15
10546,1,52.08,24,0.05
10546,18,48.96,29,0.25
10546,54,76.49,35,0.2
10547,55,6.73,30,0.2
10547,40,43.83,29,0.15
10547,18,48.96,36,0.05
10547,45,90.19,34,0.1
10548,65,67.59,12,0.15
10548,10,24.02,11,0.1
10548,28,104.38,37,0.2
10548,1,52.08,25,0.1
10548,14,105.59,5,0.05
10549,29,93.83,22,0.25
10549,6,22.0,23,0.0
10550,68,114.35,32,0.0
10550,49,16.19,7,0.25
10550,53,91.15,2,0.15
10550,64,47.33,24,0.2
10551,64,47.33,25,0.15
10552,20,117.05,11,0.15
10552,34,47.7,5,0.1
10552,3,105.47,36,0.0
10552,64,47.33,6,0.05
10553,21,79.15,10,0.15
10553,43,44.88,37,0.0
10554,76,77.31,34,0.05
10555,22,38.34,18,0.15
10556,52,104.83,34,0.15
10556,8,94.05,10,0.25
10556,67,106.26,8,0.15
10556,46,115.82,40,0.1
10556,34,47.7,21,0.25
10557,62,72.54,11,0.1
10557,69,78.48,36,0.25
10557,50,72.69,10,0.1
10557,23,46.01,9,0.1
10558,35,47.29,33,0.2
10558,67,106.26,13,0.25
10558,32,31.76,5,0.05
10559,35,47.29,16,0.1
10559,27,15.49,1,0.1
10560,72,83.44,15,0.15
10561,39,107.46,2,0.05
10562,17,102.38,4,0.15
10562,21,79.15,38,0.2
10563,19,75.57,28,0.0
10564,8,94.05,18,0.15
10564,71,101.11,26,0.15
10564,38,106.26,2,0.05
10565,64,47.33,40,0.1
10565,62,72.54,29,0.15
10565,33,6.44,17,0.15
10566,10,24.02,19,0.0
10566,47,32.85,39,0.25
10567,33,6.44,9,0.0
10567,70,50.15,9,0.2
10567,1,52.08,13,0.2
10567,38,106.26,25,0.15
10568,59,14.59,12,0.0
10568,5,16.93,21,0.2
10569,38,106.26,19,0.05
10569,30,33.41,4,0.05
10570,45,90.19,28,0.1
10571,2,88.95,10,0.25
10571,8,94.05,5,0.05
10571,56,112.08,21,0.0
10571,23,46.01,19,0.25
10571,69,78.48,36,0.0
10572,59,14.59,15,0.2
10572,23,46.01,23,0.2
10572,35,47.29,30,0.1
10572,66,117.42,37,0.05
10572,24,22.74,25,0.05
10573,37,79.75,2,0.1
10573,66,117.42,16,0.2
10573,50,72.69,5,0.25
10573,16,95.15,38,0.1
10573,35,47.29,36,0.0
10574,43,44.88,4,0.1
10574,33,6.44,23,0.1
10574,21,79.15,24,0.05
10575,59,14.59,37,0.1
10575,11,52.47,7,0.25
10575,16,95.15,7,0.2
10576,53,91.15,25,0.1
10576,9,39.18,11,0.25
10576,15,92.23,38,0.15
10577,44,4.04,25,0.2
10578,59,14.59,8,0.2
10578,26,110.61,5,0.15
10578,70,50.15,16,0.25
10578,23,46.01,20,0.15
10578,5,16.93,13,0.25
10579,20,117.05,21,0.1
10580,40,43.83,31,0.15
10580,3,105.47,23,0.1
10580,5,16.93,25,0.15
10580,59,14.59,13,0.1
10581,21,79.15,9,0.1
10581,39,107.46,32,0.2
10581,68,114.35,16,0.1
10581,46,115.82,24,0.0
10582,67,106.26,32,0.1
10582,55,6.73,16,0.05
10582,41,106.55,6,0.1
10582,14,105.59,21,0.25
10582,6,22.0,36,0.2
10583,72,83.44,30,0.0
10584,77,72.37,23,0.2
10585,63,85.64,10,0.25
10585,16,95.15,19,0.05
10586,67,106.26,37,0.05
10587,37,79.75,3,0.1
10587,7,6.08,10,0.25
10587,2,88.95,31,0.15
10587,75,9.19,14,0.0
10587,38,106.26,29,0.0
10588,44,4.04,2,0.25
10589,66,117.42,6,0.25
10589,56,112.08,9,0.15
10589,32,31.76,14,0.25
10590,26,110.61,1,0.25
10590,19,75.57,32,0.2
10591,47,32.85,18,0.0
10592,63,85.64,13,0.15
10592,57,54.9,32,0.0
10593,51,41.53,7,0.15
10593,40,43.83,32,0.0
10593,8,94.05,31,0.1
10593,70,50.15,26,0.25
10593,25,102.77,31,0.2
10594,13,52.5,7,0.0
10594,58,31.83,3,0.25
10595,27,15.49,14,0.1
10595,72,83.44,38,0.15
10595,32,31.76,29,0.2
10595,29,93.83,33,0.15
10595,63,85.64,34,0.1
10596,75,9.19,26,0.2
10597,73,84.89,14,0.0
10598,3,105.47,40,0.15
10598,46,115.82,25,0.2
10599,68,114.35,5,0.2
10600,22,38.34,6,0.15
10600,68,114.35,38,0.2
10600,7,6.08,35,0.15
10600,60,71.49,7,0.1
10601,13,52.5,25,0.2
10601,75,9.19,32,0.15
10601,37,79.75,5,0.1
10601,52,104.83,13,0.05
10602,34,47.7,27,0.1
10603,52,104.83,33,0.15
10603,19,75.57,13,0.2
10603,35,47.29,39,0.0
10604,40,43.83,26,0.05
10604,14,105.59,19,0.25
10605,63,85.64,31,0.15
10605,24,22.74,34,0.05
10606,27,15.49,23,0.0
10606,44,4.04,9,0.1
10606,36,105.7,2,0.2
10606,69,78.48,25,0.15
10606,25,102.77,31,0.05
10607,72,83.44,35,0.0
10607,27,15.49,18,0.15
10607,43,44.88,1,0.25
10608,9,39.18,30,0.2
10609,6,22.0,30,0.2
10610,70,50.15,39,0.0
10610,41,106.55,26,0.15
10610,1,52.08,32,0.05
10611,48,28.3,28,0.15
10612,18,48.96,37,0.15
10612,24,22.74,18,0.15
10612,36,105.7,38,0.15
10612,59,14.59,27,0.25
10613,56,112.08,24,0.15
10614,9,39.18,8,0.05
10614,47,32.85,14,0.2
10614,32,31.76,21,0.25
10614,55,6.73,17,0.25
10615,29,93.83,18,0.1
10615,25,102.77,21,0.25
10615,5,16.93,37,0.1
10616,34,47.7,35,0.2
10616,11,52.47,24,0.1
10616,74,32.54,17,0.05
10616,60,71.49,32,0.05
10617,38,106.26,1,0.1
10617,66,117.42,10,0.0
10617,44,4.04,6,0.15
10617,69,78.48,19,0.1
10618,44,4.04,10,0.05
10619,73,84.89,18,0.25
10619,33,6.44,16,0.25
10619,56,112.08,9,0.15
10619,74,32.54,34,0.15
10620,41,106.55,22,0.2
10621,40,43.83,12,0.1
10622,68,114.35,21,0.2
10623,46,115.82,25,0.0
10623,11,52.47,33,0.05
10623,42,49.93,40,0.0
10624,7,6.08,22,0.15
10624,40,43.83,18,0.25
10624,19,75.57,18,0.1
10625,64,47.33,5,0.15
10625,12,89.54,6,0.0
10626,14,105.59,38,0.05
10626,28,104.38,8,0.1
10627,53,91.15,30,0.2
10627,8,94.05,23,0.1
10628,53,91.15,28,0.0
10628,22,38.34,10,0.15
10628,19,75.57,9,0.15
10628,28,104.38,18,0.1
10628,20,117.05,35,0.15
10629,6,22.0,22,0.2
10629,29,93.83,31,0.1
10629,17,102.38,7,0.1
10629,11,52.47,26,0.25
10629,36,105.7,37,0.05
10630,10,24.02,26,0.15
10630,51,41.53,6,0.1
10630,3,105.47,1,0.1
10630,49,16.19,34,0.25
10630,77,72.37,14,0.1
10631,76,77.31,2,0.15
10631,73,84.89,25,0.1
10631,35,47.29,6,0.15
10631,68,114.35,37,0.1
10632,38,106.26,17,0.15
10632,36,105.7,30,0.05
10632,33,6.44,30,0.1
10632,40,43.83,5,0.1
10633,73,84.89,1,0.15
10633,14,105.59,19,0.2
10633,40,43.83,12,0.25
10633,72,83.44,37,0.25
10633,12,89.54,27,0.1
10634,65,67.59,3,0.05
10635,7,6.08,23,0.2
10635,1,52.08,13,0.15
10636,41,106.55,2,0.05
10636,39,107.46,2,0.1
10637,49,16.19,39,0.25
10637,44,4.04,39,0.15
10637,7,6.08,37,0.0
10637,37,79.75,4,0.2
10637,38,106.26,19,0.15
10638,1,52.08,30,0.25
10639,18,48.96,37,0.15
10639,6,22.0,17,0.2
10639,66,117.42,4,0.1
10639,24,22.74,3,0.1
10640,58,31.83,3,0.15
10641,31,38.95,13,0.25
10641,18,48.96,36,0.1
10641,52,104.83,8,0.2
10642,1,52.08,20,0.15
10642,21,79.15,32,0.1
10642,65,67.59,27,0.25
10642,38,106.26,37,0.05
10643,64,47.33,24,0.1
10643,39,107.46,21,0.0
10643,57,54.9,12,0.2
10643,63,85.64,10,0.25
10643,74,32.54,10,0.15
10644,56,112.08,34,0.15
10644,54,76.49,24,0.25
10645,19,75.57,12,0.25
10646,53,91.15,19,0.05
10646,20,117.05,34,0.15
10646,29,93.83,21,0.05
10646,14,105.59,40,0.1
10647,3,105.47,6,0.05
10647,30,33.41,33,0.05
10647,16,95.15,27,0.0
10647,75,9.19,21,0.0
10647,63,85.64,20,0.15
10648,68,114.35,38,0.2
10649,8,94.05,26,0.25
10649,40,43.83,31,0.2
10649,61,107.37,25,0.15
10649,34,47.7,11,0.1
10650,18,48.96,4,0.2
10650,47,32.85,8,0.2
10651,57,54.9,28,0.0
10651,20,117.05,24,0.05
10651,8,94.05,22,0.1
10651,45,90.19,12,0.25
10652,61,107.37,40,0.1
10652,18,48.96,29,0.25
10652,36,105.7,21,0.2
10652,27,15.49,21,0.2
10652,68,114.35,28,0.0
10653,24,22.74,27,0.1
10653,4,92.55,6,0.0
10653,62,72.54,9,0.1
10654,29,93.83,28,0.25
10655,43,44.88,11,0.05
10655,56,112.08,9,0.15
10655,34,47.7,22,0.0
10656,11,52.47,9,0.2
10657,33,6.44,19,0.1
10657,59,14.59,14,0.0
10657,58,31.83,36,0.2
10657,72,83.44,39,0.25
10658,67,106.26,39,0.0
10658,60,71.49,1,0.05
10658,44,4.04,25,0.1
10659,47,32.85,7,0.05
10659,70,50.15,30,0.05
10659,54,76.49,15,0.1
10659,1,52.08,37,0.2
10660,73,84.89,11,0.25
10660,1,52.08,27,0.05
10661,25,102.77,33,0.2
10662,76,77.31,22,0.2
10662,70,50.15,40,0.1
10663,19,75.57,19,0.0
10663,50,72.69,10,0.0
10664,4,92.55,9,0.25
10664,3,105.47,10,0.15
10664,39,107.46,16,0.0
10664,53,91.15,20,0.0
10664,2,88.95,15,0.0
10665,18,48.96,10,0.2
10665,32,31.76,26,0.1
10665,9,39.18,19,0.25
10665,63,85.64,21,0.2
10665,58,31.83,40,0.0
10666,12,89.54,23,0.1
10666,14,105.59,35,0.05
10666,18,48.96,9,0.2
10667,38,106.26,16,0.1
10667,51,41.53,15,0.2
10667,11,52.47,1,0.2
10667,70,50.15,28,0.25
10668,67,106.26,2,0.0
10668,33,6.44,9,0.25
10669,62,72.54,25,0.2
10669,76,77.31,37,0.25
10669,27,15.49,22,0.1
10669,13,52.5,19,0.05
10670,10,24.02,39,0.25
10670,71,101.11,37,0.1
10671,6,22.0,9,0.1
10672,14,105.59,15,0.05
10673,59,14.59,16,0.1
10673,2,88.95,20,0.1
10674,27,15.49,33,0.2
10674,6,22.0,22,0.0
10674,34,47.7,2,0.25
10674,39,107.46,10,0.1
10675,34,47.7,2,0.05
10676,75,9.19,33,0.0
10676,49,16.19,27,0.0
10676,50,72.69,10,0.0
10676,54,76.49,38,0.15
10677,55,6.73,19,0.1
10677,75,9.19,1,0.2
10677,13,52.5,26,0.2
10678,55,6.73,32,0.05
10679,21,79.15,19,0.25
10680,53,91.15,37,0.05
10680,28,104.38,22,0.0
10681,4,92.55,14,0.1
10681,71,101.11,14,0.05
10681,31,38.95,8,0.05
10681,58,31.83,24,0.2
10682,16,95.15,25,0.05
10682,60,71.49,25,0.2
10682,32,31.76,36,0.25
10683,30,33.41,25,0.05
10683,46,115.82,32,0.05
10683,49,16.19,15,0.1
10683,76,77.31,34,0.1
10683,59,14.59,19,0.15
10684,41,106.55,25,0.1
10684,28,104.38,24,0.2
10685,50,72.69,17,0.25
10685,19,75.57,16,0.25
10685,58,31.83,29,0.25
10686,34,47.7,23,0.0
10686,72,83.44,37,0.2
10686,74,32.54,5,0.15
10686,28,104.38,20,0.0
10687,65,67.59,40,0.25
10687,32,31.76,29,0.0
10687,5,16.93,33,0.25
10687,58,31.83,12,0.15
10688,65,67.59,14,0.0
10689,35,47.29,26,0.25
10689,31,38.95,39,0.2
10689,68,114.35,28,0.0
10689,75,9.19,25,0.05
10690,1,52.08,24,0.1
10691,9,39.18,31,0.05
10692,63,85.64,10,0.2
10692,77,72.37,7,0.2
10692,26,110.61,16,0.25
10692,29,93.83,1,0.15
10693,70,50.15,24,0.1
10693,54,76.49,2,0.25
10693,15,92.23,7,0.2
10693,34,47.7,3,0.15
10694,5,16.93,7,0.0
10695,26,110.61,33,0.0
10696,54,76.49,30,0.15
10696,39,107.46,16,0.15
10696,46,115.82,20,0.0
10696,69,78.48,32,0.05
10697,29,93.83,22,0.15
10697,21,79.15,20,0.0
10697,64,47.33,3,0.25
10697,11,52.47,4,0.05
10698,12,89.54,10,0.05
10698,5,16.93,10,0.15
10699,75,9.19,24,0.2
10699,31,38.95,29,0.2
10700,24,22.74,37,0.0
10700,55,6.73,29,0.15
10701,74,32.54,24,0.0
10701,2,88.95,21,0.05
10701,76,77.31,21,0.1
10701,64,47.33,28,0.0
10701,15,92.23,19,0.15
10702,15,92.23,15,0.15
10703,22,38.34,23,0.0
10704,62,72.54,40,0.1
10705,71,101.11,39,0.05
10705,53,91.15,34,0.05
10705,4,92.55,22,0.0
10706,10,24.02,28,0.05
10706,44,4.04,5,0.15
10706,14,105.59,4,0.15
10706,1,52.08,27,0.25
10707,55,6.73,16,0.1
10707,4,92.55,22,0.05
10707,29,93.83,7,0.2
10707,14,105.59,3,0.25
10708,42,49.93,5,0.25
10708,65,67.59,3,0.25
10709,59,14.59,35,0.15
10709,47,32.85,40,0.1
10710,32,31.76,6,0.25
10710,54,76.49,24,0.25
10711,15,92.23,12,0.2
10711,65,67.59,19,0.15
10711,10,24.02,25,0.1
10711,72,83.44,40,0.25
10711,38,106.26,39,0.0
10712,61,107.37,5,0.05
10712,45,90.19,10,0.25
10712,77,72.37,15,0.0
10713,65,67.59,32,0.2
10713,10,24.02,29,0.25
10714,32,31.76,8,0.0
10714,28,104.38,25,0.25
10714,31,38.95,3,0.05
10715,3,105.47,27,0.05
10715,20,117.05,34,0.25
10715,71,101.11,34,0.2
10715,44,4.04,26,0.15
10716,33,6.44,7,0.05
10717,77,72.37,18,0.1
10718,12,89.54,8,0.2
10718,6,22.0,15,0.25
10718,3,105.47,27,0.1
10718,1,52.08,25,0.15
10719,75,9.19,26,0.2
10720,41,106.55,26,0.15
10720,35,47.29,9,0.25
10720,56,112.08,9,0.25
10720,67,106.26,18,0.05
10720,21,79.15,34,0.2
10721,37,79.75,2,0.15
10721,70,50.15,17,0.05
10721,72,83.44,40,0.15
10721,42,49.93,1,0.1
10722,69,78.48,40,0.0
10722,54,76.49,25,0.0
10722,10,24.02,35,0.05
10722,48,28.3,30,0.0
10723,30,33.41,17,0.1
10723,70,50.15,35,0.0
10723,29,93.83,16,0.2
10724,17,102.38,6,0.05
10724,25,102.77,6,0.05
10724,4,92.55,25,0.1
10724,54,76.49,22,0.2
10724,36,105.7,12,0.15
10725,54,76.49,29,0.05
10725,46,115.82,2,0.05
10725,21,79.15,4,0.1
10725,72,83.44,26,0.25
10726,8,94.05,28,0.05
10726,11,52.47,3,0.2
10726,14,105.59,3,0.1
10726,40,43.83,11,0.2
10727,43,44.88,31,0.1
10727,14,105.59,29,0.2
10728,64,47.33,37,0.05
10728,74,32.54,15,0.05
10728,15,92.23,28,0.25
10728,35,47.29,13,0.1
10728,32,31.76,12,0.0
10729,19,75.57,21,0.0
10729,39,107.46,10,0.05
10730,9,39.18,12,0.2
10731,30,33.41,38,0.2
10731,52,104.83,14,0.15
10731,72,83.44,31,0.2
10731,46,115.82,11,0.05
10732,22,38.34,19,0.1
10732,28,104.38,26,0.05
10732,58,31.83,37,0.15
10732,48,28.3,10,0.2
10732,73,84.89,26,0.2
10733,35,47.29,7,0.15
10733,30,33.41,34,0.25
10733,14,105.59,2,0.05
10734,59,14.59,35,0.1
10734,15,92.23,23,0.1
10734,56,112.08,13,0.25
10734,54,76.49,16,0.25
10734,48,28.3,40,0.0
10735,28,104.38,6,0.2
10735,67,106.26,6,0.25
10736,69,78.48,28,0.15
10736,40,43.83,27,0.1
10736,21,79.15,16,0.05
10737,22,38.34,24,0.15
10737,68,114.35,38,0.05
10737,14,105.59,5,0.0
10738,12,89.54,33,0.05
10738,54,76.49,24,0.25
10738,45,90.19,14,0.2
10739,53,91.15,17,0.1
10739,73,84.89,32,0.15
10739,71,101.11,35,0.1
10739,38,106.26,39,0.05
10740,45,90.19,20,0.2
10740,64,47.33,15,0.2
10740,8,94.05,12,0.25
10741,30,33.41,34,0.1
10741,73,84.89,18,0.05
10741,44,4.04,22,0.2
10741,72,83.44,4,0.0
10742,58,31.83,31,0.05
10742,44,4.04,24,0.0
10742,27,15.49,13,0.15
10742,13,52.5,35,0.2
10743,49,16.19,19,0.05
10743,35,47.29,29,0.1
10743,72,83.44,15,0.0
10743,6,22.0,10,0.1
10744,60,71.49,34,0.15
10744,47,32.85,4,0.0
10745,56,112.08,2,0.2
10745,32,31.76,11,0.25
10745,35,47.29,37,0.15
10746,75,9.19,37,0.0
10747,13,52.5,23,0.0
10748,26,110.61,21,0.0
10748,48,28.3,15,0.05
10748,56,112.08,13,0.15
10749,64,47.33,27,0.0
10749,32,31.76,34,0.25
10749,74,32.54,37,0.2
10749,68,114.35,6,0.0
10749,66,117.42,13,0.15
10750,38,106.26,24,0.25
10750,42,49.93,5,0.1
10750,30,33.41,14,0.0
10750,13,52.5,3,0.15
10750,32,31.76,36,0.2
10751,25,102.77,13,0.15
10751,47,32.85,22,0.2
10751,48,28.3,37,0.05
10751,51,41.53,7,0.05
10751,10,24.02,4,0.05
10752,34,47.7,15,0.1
10753,19,75.57,11,0.25
10753,37,79.75,10,0.15
10753,76,77.31,18,0.2
10753,42,49.93,12,0.2
10753,9,39.18,22,0.05
10754,63,85.64,31,0.25
10754,7,6.08,23,0.0
10754,27,15.49,26,0.15
10754,53,91.15,3,0.2
10754,48,28.3,32,0.25
10755,28,104.38,2,0.1
10755,62,72.54,1,0.0
10755,1,52.08,4,0.15
10755,75,9.19,31,0.2
10756,55,6.73,15,0.25
10756,28,104.38,24,0.2
10756,32,31.76,31,0.05
10756,50,72.69,16,0.2
10757,62,72.54,24,0.25
10757,76,77.31,17,0.2
10757,56,112.08,33,0.25
10757,74,32.54,39,0.2
10758,13,52.5,28,0.0
10758,50,72.69,32,0.15
10758,71,101.11,1,0.25
10758,38,106.26,30,0.25
10759,73,84.89,25,0.15
10759,28,104.38,27,0.2
10759,32,31.76,10,0.0
10759,33,6.44,26,0.1
10759,25,102.77,9,0.1
10760,44,4.04,28,0.1
10760,17,102.38,1,0.2
10760,63,85.64,39,0.1
10761,60,71.49,18,0.2
10761,53,91.15,7,0.1
10761,10,24.02,19,0.25
10761,75,9.19,11,0.1
10762,45,90.19,1,0.05
10762,74,32.54,34,0.15
10762,13,52.5,18,0.2
10763,48,28.3,5,0.2
10763,38,106.26,25,0.1
10763,36,105.7,14,0.0
10764,34,47.7,15,0.0
10764,14,105.59,13,0.1
10764,44,4.04,15,0.2
10765,72,83.44,33,0.2
10765,59,14.59,13,0.15
10765,41,106.55,18,0.2
10765,61,107.37,32,0.25
10766,1,52.08,6,0.15
10766,19,75.57,12,0.2
10766,13,52.5,17,0.0
10766,3,105.47,2,0.05
10766,39,107.46,3,0.2
10767,7,6.08,9,0.15
10767,20,117.05,37,0.25
10767,2,88.95,5,0.1
10767,73,84.89,38,0.25
10767,37,79.75,31,0.15
10768,43,44.88,9,0.15
10768,22,38.34,17,0.1
10769,22,38.34,40,0.1
10770,27,15.49,39,0.0
10770,33,6.44,28,0.05
10770,21,79.15,36,0.1
10770,67,106.26,17,0.1
10770,30,33.41,31,0.1
10771,54,76.49,10,0.25
10771,59,14.59,17,0.2
10771,11,52.47,2,0.0
10771,18,48.96,17,0.05
10771,5,16.93,8,0.25
10772,22,38.34,32,0.05
10772,26,110.61,27,0.1
10772,37,79.75,1,0.0
10772,11,52.47,22,0.15
10772,65,67.59,18,0.0
10773,63,85.64,39,0.25
10773,32,31.76,34,0.0
10774,37,79.75,15,0.05
10774,61,107.37,35,0.2
10775,17,102.38,1,0.2
10775,55,6.73,22,0.15
10775,56,112.08,30,0.2
10775,67,106.26,31,0.05
10776,14,105.59,40,0.2
10776,34,47.7,18,0.1
10776,26,110.61,1,0.2
10776,69,78.48,28,0.25
10777,58,31.83,28,0.2
10777,70,50.15,14,0.2
10777,11,52.47,2,0.15
10777,1,52.08,40,0.2
10778,46,115.82,14,0.1
10778,66,117.42,28,0.0
10778,59,14.59,3,0.05
10779,53,91.15,24,0.05
10779,1,52.08,25,0.15
10779,36,105.7,2,0.05
10779,27,15.49,25,0.15
10780,51,41.53,24,0.0
10780,65,67.59,32,0.0
10781,2,88.95,12,0.1
10781,23,46.01,26,0.25
10781,50,72.69,22,0.25
10781,70,50.15,5,0.15
10781,8,94.05,25,0.0
10782,37,79.75,9,0.0
10782,32,31.76,12,0.15
10783,77,72.37,2,0.0
10784,58,31.83,20,0.05
10784,9,39.18,10,0.25
10784,66,117.42,20,0.0
10785,31,38.95,25,0.15
10785,47,32.85,27,0.15
10785,14,105.59,37,0.05
10785,54,76.49,27,0.15
10786,2,88.95,27,0.25
10786,36,105.7,2,0.1
10787,31,38.95,32,0.2
10787,48,28.3,4,0.05
10787,35,47.29,6,0.05
10787,61,107.37,23,0.0
10788,67,106.26,29,0.2
10788,50,72.69,33,0.25
10789,53,91.15,7,0.0
10789,9,39.18,34,0.15
10789,73,84.89,8,0.1
10789,61,107.37,18,0.2
10789,50,72.69,36,0.25
10790,30,33.41,25,0.1
10790,55,6.73,35,0.1
10790,63,85.64,1,0.05
10791,74,32.54,3,0.0
10791,20,117.05,29,0.15
10791,23,46.01,36,0.2
10791,58,31.83,17,0.05
10791,59,14.59,30,0.15
10792,43,44.88,36,0.15
10792,55,6.73,13,0.05
10793,56,112.08,40,0.05
10793,17,102.38,30,0.0
10794,63,85.64,38,0.0
10794,72,83.44,21,0.05
10794,34,47.7,36,0.05
10794,64,47.33,19,0.2
10794,11,52.47,20,0.15
10795,21,79.15,28,0.0
10795,49,16.19,12,0.0
10795,7,6.08,16,0.05
10795,14,105.59,35,0.2
10796,27,15.49,36,0.1
10796,46,115.82,28,0.15
10796,8,94.05,23,0.1
10796,73,84.89,10,0.0
10797,26,110.61,18,0.1
10797,71,101.11,22,0.25
10797,14,105.59,27,0.1
10798,26,110.61,39,0.15
10798,44,4.04,21,0.2
10798,61,107.37,24,0.2
10799,61,107.37,13,0.15
10799,58,31.83,27,0.15
10800,1,52.08,17,0.0
10800,49,16.19,1,0.15
10800,3,105.47,19,0.15
10800,26,110.61,9,0.25
10801,12,89.54,22,0.15
10801,20,117.05,27,0.05
10802,11,52.47,37,0.05
10802,55,6.73,23,0.1
10803,21,79.15,16,0.05
10803,4,92.55,27,0.15
10803,1,52.08,21,0.2
10803,34,47.7,34,0.2
10803,14,105.59,28,0.05
10804,43,44.88,23,0.0
10804,11,52.47,10,0.25
10804,14,105.59,29,0.15
10804,41,106.55,18,0.25
10805,24,22.74,22,0.0
10805,20,117.05,8,0.15
10805,34,47.7,9,0.25
10805,74,32.54,8,0.0
10805,43,44.88,25,0.2
10806,62,72.54,3,0.2
10807,43,44.88,10,0.05
10807,40,43.83,33,0.0
10807,6,22.0,40,0.0
10808,4,92.55,38,0.05
10808,20,117.05,18,0.1
10808,57,54.9,9,0.25
10809,27,15.49,40,0.1
10810,63,85.64,16,0.15
10810,8,94.05,25,0.25
10810,37,79.75,26,0.05
10810,12,89.54,36,0.1
10810,71,101.11,11,0.1
10811,20,117.05,4,0.15
10811,73,84.89,35,0.2
10811,27,15.49,14,0.05
10811,45,90.19,35,0.25
10812,5,16.93,12,0.05
10812,9,39.18,4,0.2
10812,51,41.53,20,0.1
10812,7,6.08,15,0.25
10813,68,114.35,33,0.0
10813,9,39.18,34,0.25
10813,51,41.53,38,0.25
10813,6,22.0,37,0.05
10813,31,38.95,37,0.0
10814,56,112.08,4,0.1
10814,24,22.74,15,0.25
10815,75,9.19,25,0.1
10815,63,85.64,15,0.05
10815,71,101.11,10,0.0
10815,73,84.89,15,0.05
10815,38,106.26,5,0.25
10816,71,101.11,1,0.05
10816,68,114.35,5,0.1
10816,4,92.55,6,0.2
10816,24,22.74,39,0.0
10816,50,72.69,23,0.2
10817,24,22.74,36,0.25
10817,48,28.3,27,0.1
10817,59,14.59,18,0.15
10817,41,106.55,14,0.1
10817,42,49.93,32,0.0
10818,65,67.59,23,0.2
10818,31,38.95,40,0.2
10818,76,77.31,2,0.15
10818,1,52.08,39,0.15
10819,74,32.54,40,0.15
10819,9,39.18,15,0.2
10819,75,9.19,7,0.25
10819,70,50.15,35,0.2
10819,49,16.19,18,0.2
10820,20,117.05,39,0.2
10820,14,105.59,33,0.25
10820,38,106.26,37,0.05
10820,46,115.82,36,0.2
10820,17,102.38,32,0.15
10821,46,115.82,23,0.25
10821,22,38.34,12,0.0
10822,35,47.29,22,0.1
10823,12,89.54,8,0.2
10823,52,104.83,24,0.1
10824,68,114.35,4,0.05
10824,44,4.04,29,0.15
10824,57,54.9,16,0.25
10825,33,6.44,15,0.15
10825,14,105.59,35,0.25
10825,8,94.05,39,0.0
10825,9,39.18,15,0.25
10826,37,79.75,32,0.25
10826,57,54.9,12,0.15
10826,69,78.48,17,0.15
10826,70,50.15,25,0.15
10827,57,54.9,23,0.1
10828,6,22.0,6,0.25
10828,21,79.15,15,0.15
10829,11,52.47,28,0.25
10830,46,115.82,7,0.0
10830,6,22.0,3,0.1
10830,67,106.26,13,0.05
10831,22,38.34,34,0.1
10831,17,102.38,3,0.2
10831,39,107.46,23,0.15
10831,63,85.64,8,0.2
10832,41,106.55,24,0.1
10832,77,72.37,24,0.0
10832,50,72.69,3,0.2
10832,8,94.05,37,0.25
10833,77,72.37,4,0.0
10833,61,107.37,18,0.15
10833,2,88.95,31,0.2
10834,47,32.85,4,0.15
10835,26,110.61,38,0.05
10835,55,6.73,26,0.05
10835,14,105.59,38,0.1
10835,29,93.83,1,0.05
10835,17,102.38,21,0.2
10836,39,107.46,31,0.25
10836,54,76.49,37,0.0
10836,46,115.82,12,0.1
10837,51,41.53,11,0.2
10838,77,72.37,26,0.05
10839,44,4.04,17,0.2
10839,25,102.77,25,0.0
10839,57,54.9,21,0.05
10839,71,101.11,36,0.05
10839,40,43.83,31,0.2
10840,11,52.47,26,0.2
10840,70,50.15,14,0.2
10841,22,38.34,10,0.25
10841,75,9.19,14,0.2
10841,37,79.75,33,0.25
10842,59,14.59,8,0.05
10842,12,89.54,36,0.05
10842,77,72.37,25,0.05
10842,62,72.54,5,0.1
10842,23,46.01,30,0.05
10843,40,43.83,8,0.05
10843,54,76.49,40,0.05
10844,44,4.04,29,0.05
10844,18,48.96,14,0.25
10844,32,31.76,5,0.2
10844,5,16.93,27,0.1
10845,22,38.34,12,0.2
10845,41,106.55,38,0.15
10845,31,38.95,28,0.2
10846,10,24.02,1,0.2
10846,25,102.77,20,0.2
10847,25,102.77,6,0.1
10847,36,105.7,22,0.05
10847,27,15.49,2,0.25
10847,62,72.54,29,0.2
10848,72,83.44,31,0.15
10849,8,94.05,2,0.05
10849,12,89.54,8,0.2
10849,18,48.96,28,0.05
10849,36,105.7,37,0.25
10849,45,90.19,36,0.2
10850,65,67.59,20,0.0
10850,23,46.01,17,0.15
10850,63,85.64,21,0.0
10850,57,54.9,2,0.05
10851,49,16.19,14,0.25
10851,62,72.54,33,0.2
10851,61,107.37,21,0.2
10851,21,79.15,9,0.25
10851,52,104.83,16,0.1
10852,34,47.7,4,0.2
10853,67,106.26,15,0.1
10853,69,78.48,28,0.1
10853,43,44.88,22,0.0
10853,76,77.31,37,0.25
10853,56,112.08,7,0.0
10854,21,79.15,11,0.1
10854,20,117.05,12,0.25
10854,18,48.96,37,0.0
10855,16,95.15,6,0.15
10855,13,52.5,36,0.25
10856,28,104.38,39,0.2
10857,29,93.83,30,0.1
10857,23,46.01,40,0.15
10857,41,106.55,5,0.1
10858,16,95.15,38,0.25
10859,10,24.02,26,0.1
10859,77,72.37,24,0.15
10859,8,94.05,11,0.2
10860,64,47.33,20,0.05
10861,73,84.89,31,0.1
10861,66,117.42,14,0.2
10861,47,32.85,13,0.2
10862,30,33.41,40,0.25
10862,31,38.95,4,0.25
10862,14,105.59,12,0.1
10862,49,16.19,18,0.2
10863,24,22.74,6,0.25
10863,33,6.44,4,0.15
10864,76,77.31,14,0.1
10864,4,92.55,31,0.05
10864,61,107.37,35,0.05
10865,40,43.83,26,0.05
10865,69,78.48,18,0.2
10865,22,38.34,19,0.0
10865,58,31.83,38,0.0
10865,28,104.38,35,0.15
10866,13,52.5,15,0.15
10866,5,16.93,28,0.25
10867,13,52.5,7,0.25
10867,29,93.83,39,0.2
10867,69,78.48,31,0.15
10867,58,31.83,11,0.25
10868,77,72.37,28,0.1
10868,1,52.08,31,0.2
10868,11,52.47,4,0.25
10869,51,41.53,16,0.15
10869,15,92.23,38,0.0
10869,72,83.44,17,0.0
10870,45,90.19,20,0.05
10871,48,28.3,2,0.25
10872,9,39.18,22,0.25
10872,31,38.95,13,0.2
10872,6,22.0,32,0.15
10872,15,92.23,17,0.25
10873,77,72.37,28,0.15
10873,43,44.88,34,0.25
10873,65,67.59,20,0.0
10873,75,9.19,33,0.05
10873,51,41.53,22,0.05
10874,18,48.96,36,0.15
10874,20,117.05,39,0.1
10874,57,54.9,35,0.15
10874,45,90.19,33,0.15
10875,74,32.54,16,0.25
10876,18,48.96,29,0.15
10876,66,117.42,20,0.15
10876,25,102.77,33,0.2
10876,69,78.48,1,0.05
10876,10,24.02,27,0.25
10877,30,33.41,26,0.2
10877,59,14.59,40,0.05
10877,34,47.7,22,0.05
10877,48,28.3,28,0.05
10878,15,92.23,26,0.15
10878,19,75.57,32,0.15
10878,65,67.59,38,0.05
10879,14,105.59,2,0.0
10879,17,102.38,31,0.0
10879,35,47.29,6,0.15
10880,56,112.08,26,0.25
10880,31,38.95,16,0.2
10880,58,31.83,29,0.0
10880,75,9.19,37,0.0
10881,45,90.19,33,0.0
10881,51,41.53,40,0.2
10881,73,84.89,27,0.2
10882,1,52.08,14,0.2
10882,12,89.54,2,0.05
10882,27,15.49,29,0.0
10882,18,48.96,3,0.0
10882,31,38.95,25,0.2
10883,23,46.01,28,0.15
10883,28,104.38,19,0.05
10883,33,6.44,3,0.15
10883,39,107.46,17,0.05
10884,39,107.46,29,0.15
10884,12,89.54,14,0.1
10884,19,75.57,4,0.15
10885,28,104.38,13,0.1
10885,17,102.38,2,0.15
10885,47,32.85,33,0.0
10885,27,15.49,14,0.1
10886,30,33.41,31,0.2
10886,41,106.55,24,0.1
10887,25,102.77,27,0.15
10887,69,78.48,8,0.15
10887,17,102.38,17,0.25
10887,51,41.53,1,0.05
10887,66,117.42,23,0.2
10888,42,49.93,30,0.1
10888,66,117.42,4,0.0
10889,39,107.46,34,0.25
10889,77,72.37,31,0.25
10890,43,44.88,14,0.25
10891,40,43.83,22,0.0
10891,57,54.9,11,0.25
10891,45,90.19,31,0.25
10891,38,106.26,12,0.05
10891,58,31.83,37,0.2
10892,71,101.11,10,0.25
10892,43,44.88,38,0.05
10892,64,47.33,21,0.05
10893,54,76.49,38,0.15
10893,45,90.19,18,0.05
10893,13,52.5,8,0.0
10893,61,107.37,24,0.15
10894,71,101.11,13,0.1
10894,66,117.42,38,0.2
10894,34,47.7,8,0.2
10894,73,84.89,7,0.05
10895,44,4.04,25,0.05
10895,1,52.08,30,0.2
10895,24,22.74,32,0.05
10896,67,106.26,27,0.05
10896,30,33.41,6,0.0
10896,34,47.7,13,0.05
10896,10,24.02,9,0.0
10896,18,48.96,19,0.05
10897,7,6.08,22,0.25
10897,62,72.54,21,0.1
10897,48,28.3,28,0.1
10897,34,47.7,22,0.0
10898,19,75.57,9,0.15
10898,64,47.33,26,0.2
10899,33,6.44,37,0.25
10899,29,93.83,30,0.25
10899,16,95.15,16,0.15
10900,63,85.64,22,0.0
10900,71,101.11,35,0.2
10900,39,107.46,40,0.1
10901,52,104.83,31,0.05
10901,70,50.15,19,0.0
10902,3,105.47,13,0.0
10902,51,41.53,11,0.05
10903,45,90.19,18,0.15
10903,72,83.44,11,0.05
10903,13,52.5,8,0.15
10903,21,79.15,31,0.25
10904,51,41.53,1,0.15
10904,66,117.42,37,0.25
10904,45,90.19,19,0.15
10904,27,15.49,19,0.0
10904,55,6.73,36,0.05
10905,56,112.08,39,0.25
10905,17,102.38,31,0.15
10905,5,16.93,13,0.25
10906,45,90.19,1,0.1
10906,70,50.15,1,0.2
10906,52,104.83,23,0.25
10906,5,16.93,4,0.2
10906,29,93.83,27,0.0
10907,71,101.11,9,0.05
10908,48,28.3,26,0.1
10909,69,78.48,21,0.2
10909,5,16.93,25,0.2
10910,76,77.31,25,0.1
10910,27,15.49,31,0.15
10910,73,84.89,6,0.25
10910,35,47.29,6,0.25
10910,74,32.54,31,0.15
10911,37,79.75,14,0.25
10912,28,104.38,8,0.05
10912,34,47.7,38,0.05
10912,26,110.61,35,0.05
10913,27,15.49,29,0.2
10914,13,52.5,9,0.25
10915,1,52.08,16,0.05
10915,12,89.54,10,0.0
10915,35,47.29,21,0.1
10915,31,38.95,14,0.15
10916,1,52.08,32,0.0
10917,33,6.44,10,0.1
10917,7,6.08,33,0.15
10917,16,95.15,40,0.25
10918,58,31.83,37,0.0
10919,55,6.73,9,0.15
10919,1,52.08,21,0.15
10920,66,117.42,24,0.0
10920,33,6.44,34,0.0
10920,4,92.55,25,0.2
10921,42,49.93,5,0.0
10921,15,92.23,29,0.25
10921,21,79.15,17,0.15
10922,9,39.18,17,0.0
10923,24,22.74,10,0.15
10923,64,47.33,11,0.15
10924,63,85.64,21,0.0
10925,52,104.83,33,0.05
10925,11,52.47,1,0.0
10925,53,91.15,19,0.1
10926,26,110.61,29,0.0
10926,5,16.93,20,0.15
10926,41,106.55,32,0.25
10926,36,105.7,18,0.0
10927,30,33.41,11,0.1
10928,71,101.11,9,0.25
10928,38,106.26,11,0.1
10928,66,117.42,23,0.05
10928,57,54.9,38,0.25
10928,2,88.95,26,0.15
10929,58,31.83,35,0.15
10929,31,38.95,3,0.05
10929,33,6.44,2,0.0
10930,20,117.05,31,0.05
10930,68,114.35,37,0.15
10930,7,6.08,39,0.25
10931,53,91.15,6,0.25
10931,54,76.49,22,0.15
10931,33,6.44,5,0.1
10931,5,16.93,9,0.2
10932,41,106.55,38,0.1
10932,73,84.89,39,0.1
10932,62,72.54,40,0.05
10932,54,76.49,12,0.1
10932,34,47.7,40,0.1
10933,15,92.23,6,0.15
10933,53,91.15,40,0.0
10933,12,89.54,11,0.25
10934,77,72.37,20,0.0
10934,26,110.61,2,0.25
10934,16,95.15,38,0.2
10934,64,47.33,21,0.15
10934,55,6.73,14,0.1
10935,6,22.0,39,0.2
10935,76,77.31,13,0.15
10936,70,50.15,26,0.1
10936,58,31.83,7,0.2
10936,14,105.59,25,0.15
10936,64,47.33,16,0.05
10936,29,93.83,12,0.05
10937,55,6.73,7,0.05
10937,58,31.83,26,0.25
10937,11,52.47,11,0.25
10938,26,110.61,22,0.2
10938,34,47.7,15,0.05
10938,24,22.74,34,0.25
10938,67,106.26,4,0.15
10938,5,16.93,21,0.2
10939,3,105.47,23,0.0
10939,49,16.19,23,0.0
10939,41,106.55,22,0.2
10939,69,78.48,36,0.2
10939,1,52.08,22,0.25
10940,11,52.47,24,0.15
10940,17,102.38,10,0.05
10940,60,71.49,29,0.25
10940,52,104.83,21,0.25
10941,38,106.26,17,0.15
10942,17,102.38,29,0.25
10942,9,39.18,6,0.2
10942,22,38.34,6,0.25
10942,28,104.38,34,0.2
10942,74,32.54,7,0.1
10943,18,48.96,24,0.25
10943,9,39.18,15,0.05
10943,32,31.76,39,0.2
10944,8,94.05,38,0.05
10944,19,75.57,18,0.15
10945,63,85.64,28,0.15
10946,16,95.15,9,0.2
10947,17,102.38,3,0.0
10948,28,104.38,9,0.0
10949,9,39.18,7,0.0
10949,54,76.49,27,0.2
10949,12,89.54,37,0.0
10950,24,22.74,26,0.25
10950,11,52.47,9,0.05
10950,61,107.37,22,0.2
10951,10,24.02,11,0.0
10951,9,39.18,27,0.25
10951,41,106.55,15,0.25
10951,42,49.93,29,0.25
10951,63,85.64,2,0.05
10952,50,72.69,12,0.0
10952,45,90.19,20,0.2
10952,47,32.85,14,0.0
10952,58,31.83,25,0.0
10952,27,15.49,12,0.1
10953,71,101.11,23,0.2
10953,36,105.7,9,0.2
10953,41,106.55,29,0.05
10954,49,16.19,38,0.25
10955,34,47.7,7,0.1
10956,37,79.75,34,0.15
10956,40,43.83,16,0.2
10956,2,88.95,4,0.05
10957,62,72.54,8,0.15
10957,9,39.18,3,0.05
10957,51,41.53,3,0.1
10958,24,22.74,24,0.25
10959,28,104.38,30,0.1
10959,66,117.42,5,0.25
10960,67,106.26,9,0.2
10960,23,46.01,14,0.05
10960,19,75.57,38,0.15
10961,7,6.08,37,0.2
10962,48,28.3,22,0.0
10962,42,49.93,30,0.2
10962,1,52.08,12,0.0
10962,27,15.49,15,0.05
10962,47,32.85,29,0.0
10963,51,41.53,4,0.15
10964,29,93.83,31,0.05
10965,72,83.44,5,0.05
10965,50,72.69,11,0.1
10965,59,14.59,7,0.15
10966,34,47.7,36,0.05
10966,51,41.53,4,0.25
10966,35,47.29,40,0.0
10966,20,117.05,13,0.25
10967,54,76.49,3,0.2
10967,71,101.11,40,0.1
10967,20,117.05,9,0.0
10968,66,117.42,13,0.15
10968,30,33.41,35,0.15
10968,18,48.96,17,0.15
10969,55,6.73,24,0.1
10969,36,105.7,9,0.1
10969,52,104.83,5,0.05
10969,35,47.29,17,0.15
10969,1,52.08,30,0.0
10970,47,32.85,24,0.25
10971,46,115.82,19,0.0
10971,53,91.15,22,0.05
10972,25,102.77,33,0.25
10972,45,90.19,35,0.2
10972,49,16.19,39,0.0
10972,21,79.15,23,0.05
10973,55,6.73,40,0.15
10973,1,52.08,16,0.0
10973,36,105.7,9,0.0
10973,39,107.46,16,0.1
10973,68,114.35,32,0.05
10974,54,76.49,11,0.1
10975,52,104.83,8,0.2
10975,60,71.49,27,0.0
10975,25,102.77,31,0.2
10975,20,117.05,8,0.1
10976,59,14.59,18,0.25
10976,63,85.64,28,0.2
10976,70,50.15,24,0.1
10977,63,85.64,12,0.2
10977,40,43.83,11,0.1
10977,26,110.61,20,0.2
10977,42,49.93,3,0.1
10977,76,77.31,23,0.1
10978,61,107.37,26,0.25
10978,48,28.3,34,0.05
10979,68,114.35,27,0.25
10979,59,14.59,14,0.05
10979,73,84.89,11,0.25
10979,20,117.05,12,0.05
10980,20,117.05,17,0.15
10980,37,79.75,37,0.2
10981,70,50.15,14,0.0
10981,13,52.5,36,0.25
10981,10,24.02,30,0.2
10981,73,84.89,14,0.2
10982,12,89.54,31,0.05
10983,1,52.08,28,0.25
10983,33,6.44,8,0.05
10983,54,76.49,33,0.15
10983,67,106.26,13,0.0
10984,47,32.85,10,0.2
10984,53,91.15,3,0.25
10985,74,32.54,35,0.15
10985,62,72.54,39,0.25
10985,28,104.38,22,0.25
10985,10,24.02,36,0.2
10986,63,85.64,35,0.1
10986,1,52.08,35,0.2
10986,73,84.89,8,0.1
10986,54,76.49,7,0.1
10987,75,9.19,4,0.15
10987,28,104.38,32,0.2
10987,31,38.95,21,0.1
10987,46,115.82,29,0.1
10988,29,93.83,11,0.2
10988,27,15.49,11,0.1
10989,11,52.47,29,0.25
10989,62,72.54,15,0.1
10990,68,114.35,26,0.2
10990,56,112.08,30,0.05
10991,76,77.31,6,0.15
10991,10,24.02,12,0.2
10991,50,72.69,9,0.05
10991,33,6.44,8,0.0
10992,33,6.44,18,0.2
10993,48,28.3,4,0.05
10993,1,52.08,32,0.1
10993,32,31.76,35,0.2
10993,38,106.26,36,0.25
10994,1,52.08,36,0.1
10995,68,114.35,25,0.2
10995,15,92.23,23,0.05
10996,11,52.47,30,0.25
10996,6,22.0,8,0.1
10996,74,32.54,38,0.2
10997,30,33.41,16,0.0
10997,71,101.11,34,0.0
10997,41,106.55,9,0.05
10997,19,75.57,40,0.1
10998,73,84.89,27,0.25
10998,75,9.19,34,0.15
10998,67,106.26,4,0.15
10999,36,105.7,34,0.1
10999,47,32.85,30,0.25
10999,7,6.08,17,0.2
10999,34,47.7,27,0.15
10999,67,106.26,34,0.1
11000,62,72.54,30,0.25
11001,40,43.83,38,0.25
11001,33,6.44,29,0.0
11001,26,110.61,2,0.15
11001,62,72.54,33,0.25
11001,50,72.69,3,0.0
11002,1,52.08,32,0.05
11002,54,76.49,11,0.25
11002,57,54.9,5,0.05
11002,75,9.19,15,0.2
11003,11,52.47,38,0.2
11004,49,16.19,32,0.0
11004,1,52.08,30,0.05
11004,56,112.08,26,0.1
11004,38,106.26,27,0.15
11004,33,6.44,4,0.2
11005,33,6.44,29,0.0
11005,56,112.08,29,0.25
11005,71,101.11,33,0.2
11005,38,106.26,29,0.1
11006,6,22.0,7,0.0
11006,13,52.5,23,0.15
11006,37,79.75,15,0.1
11006,12,89.54,31,0.15
11006,21,79.15,11,0.1
11007,33,6.44,35,0.2
11008,3,105.47,18,0.2
11008,47,32.85,30,0.05
11009,24,22.74,32,0.25
11009,6,22.0,25,0.2
11009,74,32.54,15,0.0
11009,37,79.75,15,0.25
11010,17,102.38,38,0.0
11010,41,106.55,4,0.1
11010,20,117.05,32,0.05
11011,30,33.41,38,0.15
11011,28,104.38,5,0.15
11011,77,72.37,6,0.05
11012,9,39.18,9,0.25
11012,67,106.26,40,0.05
11012,72,83.44,1,0.0
11013,26,110.61,25,0.25
11013,28,104.38,5,0.15
11013,74,32.54,39,0.1
11014,58,31.83,22,0.25
11015,56,112.08,20,0.0
11015,65,67.59,23,0.25
11015,31,38.95,24,0.15
11016,36,105.7,40,0.05
11017,37,79.75,15,0.05
11017,51,41.53,38,0.1
11018,50,72.69,33,0.0
11018,71,101.11,21,0.25
11018,53,91.15,25,0.25
11019,39,107.46,3,0.0
11019,61,107.37,10,0.2
11019,77,72.37,37,0.1
11019,66,117.42,12,0.05
11020,71,101.11,14,0.2
11021,57,54.9,18,0.15
11022,68,114.35,14,0.1
11022,36,105.7,24,0.1
11022,24,22.74,36,0.15
11022,52,104.83,20,0.1
11023,16,95.15,38,0.25
11024,54,76.49,27,0.0
11025,2,88.95,1,0.2
11025,42,49.93,40,0.1
11025,47,32.85,29,0.25
11025,4,92.55,12,0.25
11026,72,83.44,13,0.2
11026,51,41.53,15,0.0
11026,74,32.54,35,0.15
11027,48,28.3,4,0.05
11027,43,44.88,27,0.2
11027,59,14.59,8,0.05
11027,67,106.26,26,0.25
11027,45,90.19,24,0.05
11028,22,38.34,2,0.15
11028,11,52.47,6,0.1
11028,8,94.05,34,0.2
11028,45,90.19,2,0.0
11029,33,6.44,5,0.15
11029,28,104.38,22,0.2
11030,3,105.47,28,0.1
11031,76,77.31,38,0.25
11031,58,31.83,2,0.0
11031,50,72.69,12,0.1
11031,47,32.85,5,0.1
11031,3,105.47,12,0.0
11032,18,48.96,25,0.2
11032,69,78.48,1,0.2
11032,52,104.83,22,0.1
11033,11,52.47,31,0.1
11033,22,38.34,20,0.05
11034,43,44.88,33,0.05
11034,34,47.7,21,0.0
11034,47,32.85,29,0.2
11035,72,83.44,24,0.2
11035,70,50.15,20,0.25
11036,45,90.19,9,0.0
11036,2,88.95,28,0.0
11037,32,31.76,9,0.2
11037,19,75.57,39,0.1
11038,44,4.04,9,0.2
11039,65,67.59,40,0.05
11039,77,72.37,20,0.0
11040,1,52.08,22,0.15
11040,10,24.02,34,0.25
11040,46,115.82,22,0.25
11040,7,6.08,3,0.1
11041,7,6.08,2,0.05
11041,74,32.54,32,0.1
11041,22,38.34,34,0.15
11041,34,47.7,22,0.25
11041,72,83.44,37,0.15
11042,42,49.93,8,0.15
11042,68,114.35,20,0.25
11042,16,95.15,33,0.1
11043,38,106.26,10,0.0
11043,57,54.9,19,0.1
11043,69,78.48,3,0.0
11043,67,106.26,3,0.2
11044,66,117.42,25,0.1
11044,24,22.74,11,0.2
11044,7,6.08,34,0.05
11044,75,9.19,38,0.15
11045,49,16.19,13,0.15
11045,69,78.48,4,0.0
11045,46,115.82,22,0.15
11046,77,72.37,22,0.2
11046,61,107.37,23,0.1
11046,48,28.3,23,0.25
11046,56,112.08,30,0.0
11047,16,95.15,29,0.15
11048,67,106.26,35,0.0
11048,36,105.7,37,0.05
11048,50,72.69,26,0.1
11049,42,49.93,25,0.2
11050,25,102.77,38,0.05
11050,73,84.89,36,0.15
11050,27,15.49,20,0.1
11051,74,32.54,31,0.1
11051,42,49.93,19,0.15
11051,40,43.83,17,0.25
11052,68,114.35,16,0.25
11052,15,92.23,15,0.2
11052,35,47.29,24,0.25
11052,71,101.11,14,0.1
11053,1,52.08,21,0.0
11053,15,92.23,27,0.05
11053,44,4.04,6,0.1
11054,5,16.93,7,0.05
11054,66,117.42,1,0.0
11055,38,106.26,13,0.15
11056,75,9.19,28,0.0
11056,70,50.15,16,0.05
11056,54,76.49,10,0.1
11056,59,14.59,15,0.0
11056,58,31.83,15,0.15
11057,32,31.76,3,0.0
11058,54,76.49,26,0.15
11059,72,83.44,27,0.2
11059,35,47.29,17,0.0
11059,58,31.83,4,0.15
11059,4,92.55,38,0.2
11060,76,77.31,13,0.2
11060,36,105.7,26,0.0
11061,23,46.01,14,0.0
11061,10,24.02,15,0.05
11062,6,22.0,2,0.15
11062,59,14.59,28,0.0
11063,5,16.93,27,0.15
11063,9,39.18,22,0.25
11063,42,49.93,27,0.25
11063,69,78.48,39,0.0
11063,34,47.7,40,0.05
11064,76,77.31,4,0.0
11064,10,24.02,16,0.1
11064,16,95.15,38,0.2
11064,73,84.89,34,0.15
11065,34,47.7,3,0.2
11066,70,50.15,27,0.0
11066,60,71.49,34,0.2
11066,1,52.08,12,0.1
11066,41,106.55,27,0.15
11066,10,24.02,5,0.15
11067,67,106.26,29,0.0
11067,16,95.15,39,0.05
11067,64,47.33,11,0.15
11067,34,47.7,18,0.2
11067,19,75.57,26,0.0
11068,57,54.9,38,0.15
11068,26,110.61,33,0.05
11068,56,112.08,31,0.25
11069,3,105.47,24,0.2
11069,42,49.93,37,0.25
11069,51,41.53,39,0.1
11069,13,52.5,11,0.0
11070,3,105.47,26,0.0
11070,37,79.75,12,0.0
11070,7,6.08,30,0.05
11070,59,14.59,2,0.25
11071,43,44.88,3,0.0
11071,69,78.48,5,0.2
11071,23,46.01,8,0.0
11071,36,105.7,39,0.05
11071,59,14.59,36,0.05
11072,40,43.83,27,0.2
11072,54,76.49,16,0.05
11072,63,85.64,15,0.2
11072,51,41.53,1,0.25
11073,65,67.59,2,0.1
11074,29,93.83,17,0.15
11074,39,107.46,13,0.05
11075,69,78.48,21,0.05
11075,75,9.19,1,0.05
11076,62,72.54,31,0.05
11076,69,78.48,12,0.1
11076,41,106.55,38,0.0
11077,72,83.44,37,0.2
11077,65,67.59,18,0.25
11077,7,6.08,16,0.05
11078,30,33.41,33,0.1
11078,66,117.42,16,0.25
11079,48,28.3,24,0.2
11079,43,44.88,1,0.0
11079,25,102.77,33,0.05
11080,25,102.77,33,0.2
11080,2,88.95,4,0.05
11080,72,83.44,32,0.15
11080,57,54.9,5,0.0
11081,26,110.61,22,0.0
11082,27,15.49,21,0.15
11082,56,112.08,20,0.25
11082,1,52.08,39,0.2
11082,22,38.34,9,0.05
11082,45,90.19,5,0.2
11083,15,92.23,3,0.0
11083,51,41.53,20,0.15
11083,45,90.19,2,0.15
11084,49,16.19,11,0.15
11084,67,106.26,25,0.0
11084,32,31.76,23,0.1
11085,52,104.83,22,0.25
11085,63,85.64,29,0.0
11085,17,102.38,4,0.05
11085,65,67.59,10,0.05
11086,7,6.08,18,0.0
11086,68,114.35,25,0.1
11086,3,105.47,31,0.25
11086,18,48.96,40,0.15
11086,58,31.83,15,0.0
11087,66,117.42,3,0.25
11087,7,6.08,27,0.1
11087,2,88.95,12,0.05
11087,68,114.35,24,0.25
11088,46,115.82,3,0.15
11088,60,71.49,37,0.05
11088,9,39.18,27,0.25
11089,18,48.96,28,0.05
11089,17,102.38,23,0.1
11089,64,47.33,35,0.2
11089,61,107.37,40,0.25
11089,57,54.9,39,0.2
11090,26,110.61,32,0.1
11091,32,31.76,20,0.25
11091,45,90.19,34,0.05
11092,24,22.74,16,0.2
11093,67,106.26,20,0.25
11094,15,92.23,19,0.2
11094,70,50.15,34,0.2
11094,34,47.7,25,0.15
11094,33,6.44,9,0.15
11094,50,72.69,35,0.05
11095,32,31.76,10,0.1
11096,67,106.26,9,0.1
11096,50,72.69,22,0.25
11096,14,105.59,26,0.0
11096,57,54.9,11,0.0
11097,68,114.35,35,0.05
11098,29,93.83,36,0.05
11099,5,16.93,10,0.05
11100,16,95.15,23,0.0
11100,47,32.85,36,0.0
11100,23,46.01,27,0.05
11100,76,77.31,14,0.1
11100,25,102.77,38,0.2
11101,14,105.59,11,0.2
11101,62,72.54,25,0.25
11101,28,104.38,21,0.15
11101,43,44.88,10,0.0
11101,66,117.42,19,0.15
11102,6,22.0,21,0.0
11102,23,46.01,32,0.2
11102,33,6.44,33,0.0
11103,30,33.41,25,0.2
11104,25,102.77,31,0.1
11104,17,102.38,15,0.1
11105,53,91.15,8,0.2
11105,30,33.41,1,0.15
11105,26,110.61,5,0.15
11105,43,44.88,33,0.2
11105,4,92.55,9,0.0
11106,75,9.19,2,0.15
11106,65,67.59,11,0.25
11106,64,47.33,26,0.15
11106,23,46.01,18,0.05
11106,77,72.37,2,0.25
11107,44,4.04,39,0.25
11108,52,104.83,3,0.05
11108,54,76.49,11,0.2
11108,2,88.95,11,0.05
11108,64,47.33,23,0.2
11109,29,93.83,33,0.25
11110,11,52.47,24,0.2
11110,21,79.15,31,0.25
11110,58,31.83,10,0.1
11110,18,48.96,20,0.05
11110,65,67.59,10,0.05
11111,77,72.37,38,0.2
11112,33,6.44,37,0.05
11112,43,44.88,9,0.15
11112,69,78.48,34,0.25
11113,4,92.55,18,0.0
11113,56,112.08,29,0.25
11114,65,67.59,26,0.2
11114,44,4.04,22,0.2
11115,39,107.46,13,0.1
11116,36,105.7,7,0.15
11116,11,52.47,14,0.15
11117,24,22.74,6,0.0
11117,12,89.54,27,0.1
11117,43,44.88,37,0.1
11117,75,9.19,38,0.0
11118,19,75.57,30,0.1
11118,7,6.08,36,0.05
11118,35,47.29,23,0.05
11118,15,92.23,26,0.05
11119,38,106.26,13,0.0
11119,30,33.41,4,0.05
11119,63,85.64,13,0.0
11120,4,92.55,4,0.2
11120,39,107.46,30,0.0
11120,54,76.49,35,0.0
11120,60,71.49,24,0.0
11120,34,47.7,38,0.2
11121,25,102.77,2,0.1
11121,52,104.83,30,0.2
11121,18,48.96,22,0.25
11121,45,90.19,33,0.1
11122,66,117.42,8,0.25
11122,63,85.64,13,0.2
11123,27,15.49,18,0.25
11124,18,48.96,20,0.05
11124,1,52.08,35,0.15
11124,3,105.47,28,0.15
11125,63,85.64,36,0.1
11125,75,9.19,17,0.15
11126,48,28.3,38,0.05
11126,19,75.57,32,0.0
11126,24,22.74,39,0.05
11126,16,95.15,14,0.1
11127,25,102.77,36,0.2
11127,72,83.44,14,0.0
11128,43,44.88,4,0.1
11129,58,31.83,16,0.2
11129,2,88.95,30,0.15
11129,33,6.44,6,0.2
11129,10,24.02,17,0.05
11129,5,16.93,4,0.2
11130,16,95.15,22,0.1
11130,22,38.34,12,0.1
11131,46,115.82,6,0.2
11131,69,78.48,2,0.0
11131,74,32.54,22,0.15
11131,15,92.23,35,0.25
11131,35,47.29,21,0.2
11132,72,83.44,10,0.25
11132,76,77.31,39,0.15
11132,30,33.41,25,0.15
11132,40,43.83,24,0.2
11133,21,79.15,16,0.15
11133,51,41.53,26,0.1
11133,12,89.54,15,0.1
11134,35,47.29,15,0.15
11134,48,28.3,24,0.2
11134,61,107.37,14,0.05
11135,17,102.38,12,0.25
11135,38,106.26,25,0.25
11135,11,52.47,22,0.0
11135,45,90.19,15,0.15
11135,19,75.57,5,0.25
11136,17,102.38,15,0.2
11136,15,92.23,40,0.1
11136,11,52.47,21,0.2
11136,43,44.88,37,0.05
11137,48,28.3,31,0.0
11137,38,106.26,28,0.2
11137,11,52.47,36,0.2
11138,43,44.88,36,0.1
11138,7,6.08,34,0.0
11138,31,38.95,21,0.0
11139,69,78.48,32,0.1
11140,57,54.9,28,0.1
11140,55,6.73,35,0.05
11140,26,110.61,12,0.2
11141,65,67.59,17,0.1
11141,52,104.83,20,0.2
11142,28,104.38,20,0.15
11142,39,107.46,29,0.2
11142,75,9.19,37,0.2
11142,15,92.23,1,0.1
11143,26,110.61,38,0.2
11143,68,114.35,14,0.1
11144,33,6.44,35,0.1
11144,62,72.54,27,0.0
11144,12,89.54,32,0.2
11144,45,90.19,25,0.05
11145,5,16.93,39,0.15
11145,42,49.93,37,0.1
11146,34,47.7,4,0.2
11146,57,54.9,13,0.0
11146,4,92.55,10,0.25
11146,42,49.93,28,0.0
11146,35,47.29,25,0.25
11147,8,94.05,6,0.05
11148,7,6.08,38,0.2
11148,46,115.82,34,0.0
11148,24,22.74,3,0.1
11148,2,88.95,27,0.2
11149,69,78.48,37,0.1
11149,8,94.05,23,0.2
11149,39,107.46,30,0.1
11150,67,106.26,3,0.25
11151,58,31.83,25,0.05
11151,45,90.19,31,0.15
11151,64,47.33,35,0.25
11151,75,9.19,22,0.15
11151,20,117.05,8,0.1
11152,24,22.74,38,0.05
11152,14,105.59,32,0.1
11152,40,43.83,7,0.25
11152,55,6.73,36,0.2
11152,56,112.08,30,0.1
11153,23,46.01,11,0.0
11153,65,67.59,31,0.05
11154,6,22.0,34,0.1
11154,44,4.04,32,0.05
11155,41,106.55,31,0.0
11155,47,32.85,37,0.25
11155,37,79.75,26,0.25
11155,8,94.05,1,0.05
11156,4,92.55,14,0.1
11156,3,105.47,22,0.2
11157,50,72.69,8,0.05
11158,54,76.49,19,0.25
11159,64,47.33,20,0.0
11159,48,28.3,18,0.05
11159,29,93.83,25,0.0
11159,61,107.37,34,0.25
11160,60,71.49,28,0.25
11160,56,112.08,20,0.15
11160,27,15.49,1,0.15
11160,70,50.15,33,0.25
11160,51,41.53,29,0.2
11161,1,52.08,35,0.1
11161,16,95.15,21,0.1
11161,73,84.89,36,0.05
11161,33,6.44,3,0.05
11162,19,75.57,27,0.1
11163,70,50.15,36,0.1
11164,68,114.35,8,0.2
11164,21,79.15,22,0.0
11164,34,47.7,10,0.0
11165,54,76.49,17,0.2
11165,61,107.37,31,0.1
11165,26,110.61,6,0.0
11166,8,94.05,29,0.25
11166,71,101.11,20,0.1
11167,76,77.31,25,0.25
11167,75,9.19,23,0.15
11167,20,117.05,38,0.25
11167,69,78.48,35,0.05
11168,39,107.46,3,0.0
11169,42,49.93,11,0.25
11170,29,93.83,23,0.05
11170,12,89.54,37,0.2
11171,26,110.61,8,0.05
11171,77,72.37,22,0.05
11171,1,52.08,38,0.0
11171,5,16.93,32,0.0
11172,50,72.69,1,0.25
11173,70,50.15,19,0.2
11173,21,79.15,22,0.05
11173,33,6.44,31,0.2
11174,32,31.76,22,0.2
11174,22,38.34,15,0.15
11174,68,114.35,20,0.25
11175,3,105.47,19,0.15
11176,71,101.11,6,0.2
11176,36,105.7,37,0.15
11177,8,94.05,12,0.1
11177,47,32.85,34,0.2
11177,7,6.08,23,0.05
11178,46,115.82,14,0.25
11178,62,72.54,10,0.15
11178,22,38.34,11,0.15
11178,48,28.3,16,0.2
11179,14,105.59,24,0.15
11180,77,72.37,25,0.15
11181,34,47.7,12,0.1
11181,9,39.18,10,0.1
11182,3,105.47,34,0.1
11182,22,38.34,22,0.2
11182,76,77.31,23,0.1
11182,64,47.33,21,0.2
11182,58,31.83,14,0.1
11183,8,94.05,11,0.0
11183,23,46.01,14,0.1
11184,30,33.41,6,0.0
11184,1,52.08,9,0.15
11184,55,6.73,19,0.2
11184,21,79.15,7,0.05
11185,69,78.48,13,0.05
11185,3,105.47,12,0.05
11185,66,117.42,12,0.2
11185,16,95.15,31,0.15
11186,19,75.57,29,0.1
11186,20,117.05,29,0.15
11187,57,54.9,16,0.1
11188,37,79.75,22,0.15
11188,32,31.76,20,0.2
11188,72,83.44,30,0.2
11188,17,102.38,15,0.2
11189,53,91.15,12,0.0
11189,26,110.61,17,0.1
11189,66,117.42,32,0.15
11190,72,83.44,2,0.05
11190,26,110.61,39,0.05
11190,73,84.89,2,0.1
11191,44,4.04,24,0.25
11191,36,105.7,3,0.15
11191,47,32.85,16,0.0
11191,11,52.47,34,0.25
11192,72,83.44,39,0.05
11192,9,39.18,26,0.0
11192,35,47.29,19,0.2
11192,56,112.08,22,0.25
11192,42,49.93,14,0.2
11193,66,117.42,2,0.1
11193,62,72.54,33,0.1
11193,19,75.57,31,0.0
11194,17,102.38,19,0.15
11194,42,49.93,7,0.2
11195,77,72.37,8,0.0
11195,50,72.69,27,0.05
11195,43,44.88,23,0.15
11195,15,92.23,4,0.05
11195,22,38.34,7,0.15
11196,25,102.77,14,0.15
11196,69,78.48,14,0.1
11196,3,105.47,31,0.0
11196,75,9.19,14,0.25
11196,47,32.85,7,0.05
11197,63,85.64,22,0.25
11197,48,28.3,29,0.05
11197,7,6.08,1,0.1
11197,43,44.88,13,0.25
11198,4,92.55,20,0.0
11198,53,91.15,26,0.25
11198,40,43.83,35,0.1
11198,58,31.83,22,0.15
11199,64,47.33,25,0.1
11200,32,31.76,8,0.1
11200,31,38.95,19,0.15
11200,10,24.02,23,0.0
11200,24,22.74,21,0.25
11200,6,22.0,40,0.0
11201,11,52.47,5,0.2
11202,27,15.49,22,0.2
11202,1,52.08,2,0.0
11202,41,106.55,24,0.1
11203,22,38.34,21,0.0
11204,49,16.19,24,0.25
11204,73,84.89,12,0.25
11205,58,31.83,38,0.0
11205,9,39.18,40,0.2
11206,50,72.69,28,0.2
11206,43,44.88,20,0.1
11206,55,6.73,18,0.1
11207,71,101.11,10,0.0
11207,2,88.95,24,0.0
11207,12,89.54,25,0.2
11207,39,107.46,36,0.1
11208,67,106.26,21,0.2
11209,25,102.77,28,0.05
11209,44,4.04,31,0.05
11210,60,71.49,26,0.1
11210,1,52.08,14,0.0
11210,52,104.83,15,0.0
11210,67,106.26,5,0.25
11211,68,114.35,3,0.2
11211,15,92.23,31,0.25
11211,38,106.26,26,0.0
11212,21,79.15,20,0.1
11212,8,94.05,25,0.0
11212,31,38.95,29,0.2
11213,47,32.85,19,0.15
11213,55,6.73,32,0.0
11213,10,24.02,14,0.25
11213,57,54.9,14,0.25
11213,31,38.95,16,0.25
11214,27,15.49,28,0.2
11214,73,84.89,20,0.2
11214,14,105.59,13,0.2
11214,5,16.93,27,0.0
11215,40,43.83,31,0.15
11215,31,38.95,11,0.2
11215,60,71.49,9,0.15
11216,18,48.96,20,0.05
11217,16,95.15,14,0.25
11217,44,4.04,27,0.1
11218,53,91.15,8,0.15
11219,47,32.85,20,0.05
11220,67,106.26,2,0.15
11221,1,52.08,31,0.25
11221,46,115.82,4,0.1
11221,53,91.15,36,0.25
11222,14,105.59,23,0.05
11222,25,102.77,15,0.2
11222,63,85.64,23,0.1
11222,20,117.05,31,0.25
11223,9,39.18,2,0.1
11223,46,115.82,40,0.0
11223,69,78.48,37,0.25
11224,8,94.05,31,0.0
11224,49,16.19,30,0.2
11225,25,102.77,26,0.25
11225,23,46.01,35,0.1
11225,49,16.19,37,0.25
11226,33,6.44,32,0.25
11226,54,76.49,5,0.1
11226,26,110.61,2,0.25
11226,16,95.15,23,0.15
11226,49,16.19,3,0.2
11227,20,117.05,10,0.25
11227,12,89.54,3,0.0
11228,45,90.19,7,0.1
11228,76,77.31,28,0.0
11228,40,43.83,36,0.0
11228,27,15.49,5,0.2
11229,39,107.46,4,0.2
11229,47,32.85,37,0.15
11229,27,15.49,33,0.15
11229,49,16.19,22,0.2
11229,54,76.49,25,0.05
11230,58,31.83,9,0.1
11231,68,114.35,10,0.15
11231,34,47.7,31,0.05
11231,6,22.0,36,0.15
11231,52,104.83,20,0.15
11231,48,28.3,30,0.0
11232,49,16.19,17,0.0
11232,22,38.34,20,0.0
11232,48,28.3,38,0.0
11232,17,102.38,1,0.05
11233,3,105.47,22,0.0
11233,55,6.73,3,0.15
11233,20,117.05,38,0.1
11233,50,72.69,10,0.05
11234,26,110.61,26,0.1
11234,3,105.47,32,0.15
11234,74,32.54,31,0.25
11235,25,102.77,38,0.15
11235,37,79.75,25,0.0
11235,32,31.76,22,0.25
11235,57,54.9,26,0.0
11235,28,104.38,15,0.0
11236,58,31.83,5,0.2
11236,46,115.82,34,0.25
11236,21,79.15,36,0.15
11236,33,6.44,18,0.25
11236,60,71.49,28,0.1
11237,24,22.74,20,0.2
11237,49,16.19,35,0.05
11237,3,105.47,22,0.25
11237,23,46.01,20,0.25
11238,5,16.93,3,0.1
11239,69,78.48,16,0.15
11240,14,105.59,9,0.0
11240,55,6.73,20,0.05
11240,59,14.59,26,0.2
11241,14,105.59,20,0.1
11241,65,67.59,35,0.1
11241,6,22.0,29,0.15
11241,39,107.46,19,0.0
11242,43,44.88,34,0.0
11242,16,95.15,18,0.0
11242,31,38.95,12,0.2
11242,67,106.26,23,0.2
11243,3,105.47,1,0.1
11243,51,41.53,16,0.2
11243,70,50.15,28,0.1
11243,69,78.48,15,0.25
11244,47,32.85,14,0.1
11244,41,106.55,28,0.0
11244,4,92.55,28,0.15
11244,17,102.38,35,0.25
11245,27,15.49,33,0.1
11246,8,94.05,25,0.2
11246,62,72.54,36,0.2
11246,40,43.83,26,0.05
11246,18,48.96,15,0.0
11247,62,72.54,34,0.25
11247,48,28.3,24,0.05
11248,59,14.59,23,0.05
11248,33,6.44,29,0.25
11248,77,72.37,32,0.1
11249,44,4.04,16,0.25
11249,39,107.46,5,0.1
11249,4,92.55,35,0.2
11249,69,78.48,29,0.0
11250,30,33.41,16,0.05
11251,28,104.38,11,0.2
11251,43,44.88,7,0.1
11251,10,24.02,38,0.2
11252,53,91.15,9,0.25
11253,72,83.44,4,0.15
11253,60,71.49,25,0.05
11253,31,38.95,8,0.0
11253,43,44.88,4,0.15
11253,6,22.0,31,0.05
11254,18,48.96,19,0.15
11254,44,4.04,34,0.1
11254,63,85.64,30,0.1
11255,16,95.15,19,0.0
11255,47,32.85,40,0.0
11255,68,114.35,35,0.0
11255,45,90.19,8,0.1
11255,36,105.7,7,0.05
11256,7,6.08,40,0.2
11257,28,104.38,22,0.25
11257,60,71.49,40,0.0
11257,5,16.93,14,0.05
11257,23,46.01,15,0.05
11257,62,72.54,8,0.25
11258,48,28.3,16,0.05
11258,45,90.19,8,0.25
11259,9,39.18,23,0.15
11259,16,95.15,13,0.1
11260,10,24.02,16,0.25
11260,72,83.44,34,0.15
11261,50,72.69,31,0.15
11261,66,117.42,15,0.0
11262,50,72.69,25,0.15
11262,42,49.93,12,0.0
11262,20,117.05,20,0.2
11262,47,32.85,11,0.05
11262,33,6.44,25,0.15
11263,69,78.48,3,0.05
11263,64,47.33,19,0.05
11263,70,50.15,3,0.1
11264,16,95.15,18,0.25
11264,43,44.88,4,0.05
11264,11,52.47,7,0.25
11264,52,104.83,28,0.25
11264,62,72.54,30,0.25
11265,23,46.01,32,0.15
11265,38,106.26,14,0.25
11265,52,104.83,2,0.05
11265,21,79.15,20,0.1
11266,61,107.37,40,0.25
11267,10,24.02,22,0.0
11267,66,117.42,12,0.1
11267,44,4.04,25,0.25
11267,3,105.47,4,0.1
11268,38,106.26,21,0.15
11268,16,95.15,32,0.2
11268,52,104.83,36,0.15
11268,13,52.5,18,0.25
11268,12,89.54,18,0.1
11269,39,107.46,24,0.1
11269,56,112.08,15,0.0
11269,17,102.38,26,0.05
11269,2,88.95,14,0.25
11270,57,54.9,38,0.1
11271,31,38.95,14,0.1
11271,67,106.26,31,0.0
11271,18,48.96,40,0.2
11271,75,9.19,8,0.2
11272,27,15.49,19,0.05
11272,65,67.59,17,0.25
11272,37,79.75,28,0.15
11272,67,106.26,40,0.2
11273,6,22.0,34,0.2
11274,67,106.26,28,0.15
11274,76,77.31,29,0.0
11274,6,22.0,38,0.25
11274,23,46.01,22,0.1
11274,26,110.61,17,0.0
11275,9,39.18,13,0.25
11276,52,104.83,23,0.25
11276,53,91.15,24,0.05
11276,35,47.29,15,0.1
11277,77,72.37,32,0.1
11277,6,22.0,37,0.1
11277,57,54.9,15,0.0
11277,70,50.15,30,0.2
11277,45,90.19,39,0.25
11278,33,6.44,28,0.15
11279,58,31.83,23,0.25
11279,3,105.47,21,0.25
11279,22,38.34,31,0.0
11279,36,105.7,40,0.0
11279,33,6.44,10,0.05
11280,68,114.35,39,0.15
11280,10,24.02,23,0.0
11280,37,79.75,28,0.05
11280,72,83.44,1,0.1
11280,32,31.76,31,0.15
11281,46,115.82,26,0.05
11281,54,76.49,35,0.1
11281,72,83.44,15,0.1
11281,13,52.5,11,0.0
11281,39,107.46,9,0.1
11282,4,92.55,6,0.2
11282,26,110.61,10,0.2
11283,3,105.47,29,0.2
11284,10,24.02,21,0.2
11284,73,84.89,39,0.2
11285,41,106.55,9,0.0
11285,47,32.85,35,0.05
11285,32,31.76,6,0.25
11285,60,71.49,16,0.15
11285,54,76.49,16,0.0
11286,6,22.0,25,0.05
11287,23,46.01,31,0.2
11287,70,50.15,35,0.25
11287,44,4.04,19,0.2
11287,21,79.15,6,0.05
11288,13,52.5,29,0.05
11289,55,6.73,9,0.25
11289,39,107.46,23,0.25
11290,49,16.19,29,0.0
11291,23,46.01,40,0.25
11291,28,104.38,20,0.0
11291,8,94.05,13,0.15
11291,70,50.15,3,0.0
11292,19,75.57,2,0.05
11292,53,91.15,21,0.1
11292,40,43.83,29,0.25
11292,55,6.73,38,0.2
11292,9,39.18,29,0.0
11293,3,105.47,32,0.1
11293,9,39.18,34,0.15
11294,73,84.89,10,0.2
11295,26,110.61,11,0.1
11295,53,91.15,31,0.25
11295,13,52.5,22,0.0
11295,7,6.08,20,0.25
11296,51,41.53,27,0.05
11296,64,47.33,6,0.15
11296,70,50.15,39,0.1
11297,76,77.31,18,0.25
11297,65,67.59,28,0.05
11297,67,106.26,22,0.15
11297,69,78.48,5,0.15
11298,48,28.3,16,0.0
11298,24,22.74,9,0.1
11298,33,6.44,19,0.1
11298,66,117.42,35,0.15
11299,5,16.93,3,0.15
11299,42,49.93,11,0.05
11299,11,52.47,11,0.15
11300,11,52.47,12,0.1
11300,42,49.93,26,0.0
11300,54,76.49,26,0.05
11301,19,75.57,30,0.05
11301,30,33.41,33,0.2
11301,46,115.82,29,0.0
11301,52,104.83,16,0.1
11302,20,117.05,10,0.1
11302,50,72.69,30,0.05
11302,51,41.53,6,0.0
11302,43,44.88,30,0.25
11303,17,102.38,40,0.25
11303,8,94.05,32,0.0
11303,71,101.11,27,0.0
11303,47,32.85,30,0.15
11304,46,115.82,29,0.05
11305,2,88.95,26,0.0
11306,34,47.7,39,0.0
11306,41,106.55,29,0.0
11306,15,92.23,23,0.1
11306,47,32.85,34,0.1
11307,10,24.02,32,0.05
11308,69,78.48,36,0.05
11308,58,31.83,3,0.1
11308,61,107.37,1,0.15
11308,5,16.93,2,0.2
11308,26,110.61,21,0.1
11309,9,39.18,10,0.25
11309,10,24.02,31,0.25
11310,23,46.01,32,0.2
11310,21,79.15,13,0.0
11310,36,105.7,23,0.15
11310,60,71.49,16,0.05
11310,65,67.59,35,0.25
11311,15,92.23,27,0.15
11311,34,47.7,31,0.25
11312,21,79.15,35,0.05
11312,27,15.49,33,0.05
11312,50,72.69,8,0.15
11312,59,14.59,30,0.05
11313,12,89.54,19,0.0
11313,37,79.75,34,0.15
11313,55,6.73,30,0.1
11313,21,79.15,3,0.05
11313,32,31.76,38,0.2
11314,12,89.54,25,0.2
11314,60,71.49,34,0.2
11314,71,101.11,8,0.25
11314,53,91.15,23,0.1
11314,59,14.59,39,0.15
11315,36,105.7,29,0.1
11315,32,31.76,8,0.25
11315,2,88.95,8,0.1
11315,3,105.47,17,0.1
11316,62,72.54,36,0.05
11317,14,105.59,38,0.2
11317,31,38.95,8,0.0
11318,43,44.88,28,0.0
11318,63,85.64,35,0.2
11318,65,67.59,35,0.15
11318,58,31.83,30,0.2
11319,47,32.85,40,0.15
11320,43,44.88,27,0.0
11320,39,107.46,4,0.15
11320,27,15.49,13,0.25
11320,16,95.15,6,0.0
11321,5,16.93,35,0.15
11321,74,32.54,33,0.15
11322,55,6.73,35,0.05
11322,24,22.74,9,0.0
11322,25,102.77,23,0.1
11323,36,105.7,21,0.05
11323,34,47.7,15,0.2
11323,52,104.83,23,0.05
11324,21,79.15,13,0.0
11324,11,52.47,14,0.05
11324,75,9.19,14,0.05
11325,60,71.49,21,0.0
11325,29,93.83,4,0.15
11325,67,106.26,1,0.05
11325,75,9.19,13,0.15
11325,63,85.64,4,0.15
11326,66,117.42,20,0.15
11327,41,106.55,21,0.0
11327,48,28.3,10,0.1
11327,20,117.05,1,0.25
11328,56,112.08,2,0.25
11328,27,15.49,11,0.2
11328,17,102.38,34,0.2
11328,39,107.46,30,0.1
11329,41,106.55,8,0.2
11329,4,92.55,23,0.25
11330,58,31.83,37,0.25
11330,70,50.15,23,0.1
11330,37,79.75,17,0.0
11330,73,84.89,30,0.0
11330,2,88.95,35,0.15
11331,67,106.26,27,0.1
11331,10,24.02,39,0.15
11332,13,52.5,36,0.1
11332,25,102.77,18,0.0
11332,75,9.19,12,0.25
11332,16,95.15,1,0.0
11332,74,32.54,33,0.15
11333,31,38.95,33,0.15
11333,20,117.05,37,0.15
11334,69,78.48,9,0.2
11334,4,92.55,21,0.1
11334,39,107.46,40,0.25
11334,6,22.0,17,0.25
11334,17,102.38,27,0.1
11335,2,88.95,23,0.15
11335,65,67.59,13,0.0
11335,53,91.15,14,0.25
11336,10,24.02,27,0.05
11336,28,104.38,29,0.05
11337,41,106.55,33,0.25
11337,9,39.18,33,0.2
11337,72,83.44,2,0.15
11337,48,28.3,4,0.25
11338,66,117.42,20,0.15
11338,24,22.74,33,0.0
11338,34,47.7,13,0.25
11338,76,77.31,39,0.15
11339,28,104.38,12,0.25
11339,37,79.75,18,0.1
11340,36,105.7,24,0.15
11341,40,43.83,29,0.25
11342,63,85.64,31,0.05
11342,45,90.19,30,0.25
11342,60,71.49,5,0.1
11342,22,38.34,23,0.15
11342,14,105.59,39,0.05
11343,37,79.75,33,0.1
11344,12,89.54,10,0.05
11344,34,47.7,8,0.0
11344,61,107.37,10,0.0
11345,30,33.41,1,0.25
11345,28,104.38,34,0.0
11346,67,106.26,18,0.05
11347,38,106.26,19,0.2
11348,8,94.05,12,0.0
11348,28,104.38,3,0.15
11348,17,102.38,32,0.2
11349,9,39.18,31,0.1
11349,57,54.9,34,0.25
11349,55,6.73,14,0.15
11349,68,114.35,3,0.15
11349,40,43.83,12,0.0
11350,25,102.77,22,0.15
11350,77,72.37,26,0.25
11350,72,83.44,18,0.2
11351,16,95.15,27,0.1
11351,75,9.19,23,0.25
11351,1,52.08,6,0.25
11351,21,79.15,21,0.15
11351,53,91.15,17,0.0
11352,63,85.64,32,0.0
11352,50,72.69,14,0.15
11353,31,38.95,29,0.0
11353,12,89.54,38,0.05
11354,60,71.49,13,0.1
11354,45,90.19,27,0.1
11354,51,41.53,23,0.0
11355,64,47.33,20,0.2
11355,5,16.93,5,0.1
11355,19,75.57,28,0.25
11355,39,107.46,17,0.25
11355,15,92.23,35,0.25
11356,20,117.05,11,0.15
11357,39,107.46,37,0.2
11357,76,77.31,23,0.2
11357,70,50.15,19,0.0
11357,11,52.47,21,0.0
11357,34,47.7,17,0.0
11358,37,79.75,34,0.2
11358,76,77.31,6,0.05
11358,58,31.83,23,0.2
11359,30,33.41,21,0.25
11359,38,106.26,9,0.05
11360,67,106.26,4,0.15
11360,15,92.23,37,0.25
11360,56,112.08,27,0.05
11360,50,72.69,10,0.05
11360,48,28.3,33,0.05
11361,38,106.26,3,0.2
11361,28,104.38,19,0.15
11361,3,105.47,26,0.25
11361,43,44.88,15,0.05
11361,76,77.31,3,0.1
11362,30,33.41,2,0.05
11362,62,72.54,37,0.15
11362,11,52.47,5,0.15
11362,43,44.88,15,0.2
11362,2,88.95,19,0.15
11363,39,107.46,28,0.15
11364,56,112.08,29,0.2
11364,45,90.19,20,0.05
11365,61,107.37,27,0.2
11365,65,67.59,13,0.1
11365,59,14.59,19,0.2
11365,68,114.35,26,0.05
11365,67,106.26,32,0.15
11366,46,115.82,5,0.0
11366,21,79.15,32,0.05
11367,46,115.82,21,0.15
11367,30,33.41,39,0.05
11367,35,47.29,19,0.2
11367,17,102.38,16,0.25
11368,33,6.44,14,0.15
11368,31,38.95,22,0.0
11368,40,43.83,30,0.1
11368,30,33.41,30,0.0
11368,45,90.19,32,0.1
11369,1,52.08,27,0.15
11369,74,32.54,24,0.05
11369,3,105.47,11,0.1
11369,52,104.83,7,0.25
11370,50,72.69,11,0.25
11371,31,38.95,7,0.2
11371,61,107.37,14,0.0
11371,67,106.26,24,0.0
11371,72,83.44,1,0.25
11371,70,50.15,32,0.05
11372,52,104.83,8,0.05
11372,13,52.5,15,0.1
11372,33,6.44,34,0.05
11372,22,38.34,27,0.2
11373,13,52.5,2,0.2
11374,61,107.37,5,0.2
11374,10,24.02,5,0.25
11375,71,101.11,4,0.05
11375,39,107.46,3,0.0
11376,6,22.0,2,0.05
11376,8,94.05,18,0.05
11376,61,107.37,23,0.25
11376,51,41.53,36,0.25
11377,17,102.38,7,0.2
11377,21,79.15,19,0.1
11378,59,14.59,5,0.2
11378,24,22.74,1,0.05
11378,10,24.02,24,0.1
11378,57,54.9,19,0.2
11379,1,52.08,40,0.05
11379,34,47.7,17,0.2
11379,68,114.35,15,0.0
11380,51,41.53,27,0.0
11380,6,22.0,31,0.0
11380,54,76.49,18,0.05
11380,3,105.47,18,0.25
11380,67,106.26,12,0.0
11381,48,28.3,8,0.1
11381,49,16.19,6,0.25
11381,10,24.02,37,0.0
11381,50,72.69,23,0.25
11382,31,38.95,38,0.05
11382,33,6.44,14,0.0
11382,74,32.54,7,0.1
11382,61,107.37,14,0.2
11382,9,39.18,23,0.1
11383,33,6.44,4,0.2
11383,40,43.83,25,0.1
11384,18,48.96,36,0.15
11384,4,92.55,23,0.05
11385,51,41.53,35,0.2
11385,60,71.49,35,0.25
11385,55,6.73,20,0.1
11386,65,67.59,8,0.05
11386,30,33.41,19,0.2
11387,64,47.33,20,0.05
11387,53,91.15,26,0.15
11387,50,72.69,7,0.15
11387,71,101.11,24,0.2
11388,75,9.19,33,0.1
11388,38,106.26,25,0.05
11388,8,94.05,39,0.05
11389,63,85.64,11,0.15
11389,34,47.7,27,0.05
11389,30,33.41,36,0.2
11389,40,43.83,12,0.2
11389,65,67.59,25,0.05
11390,20,117.05,7,0.15
11390,1,52.08,14,0.1
11390,45,90.19,19,0.0
11391,19,75.57,27,0.0
11391,55,6.73,1,0.1
11391,61,107.37,11,0.0
11392,64,47.33,37,0.15
11392,6,22.0,16,0.2
11392,55,6.73,35,0.15
11392,26,110.61,1,0.25
11393,16,95.15,39,0.1
11393,22,38.34,21,0.25
11394,43,44.88,22,0.2
11394,75,9.19,11,0.1
11395,37,79.75,16,0.15
11395,36,105.7,37,0.2
11395,12,89.54,2,0.2
11396,40,43.83,8,0.25
11396,75,9.19,31,0.0
11396,77,72.37,29,0.0
11396,38,106.26,33,0.05
11397,13,52.5,23,0.15
11397,76,77.31,19,0.0
11397,77,72.37,20,0.25
11397,9,39.18,13,0.15
11397,33,6.44,19,0.25
11398,69,78.48,13,0.1
11399,46,115.82,22,0.05
11399,45,90.19,7,0.0
11399,64,47.33,10,0.25
11399,30,33.41,21,0.0
11400,11,52.47,24,0.1
11401,65,67.59,8,0.15
11401,73,84.89,4,0.2
11402,36,105.7,3,0.15
11402,30,33.41,13,0.25
11402,1,52.08,25,0.25
11403,52,104.83,37,0.15
11403,77,72.37,37,0.0
11404,43,44.88,28,0.0
11404,51,41.53,35,0.1
11404,10,24.02,40,0.1
11404,40,43.83,19,0.05
11404,45,90.19,30,0.1
11405,40,43.83,22,0.05
11405,5,16.93,8,0.05
11406,47,32.85,33,0.1
11406,43,44.88,13,0.1
11406,66,117.42,23,0.1
11406,50,72.69,10,0.0
11406,58,31.83,11,0.0
11407,24,22.74,34,0.05
11408,19,75.57,18,0.25
11408,25,102.77,21,0.25
11408,60,71.49,12,0.1
11408,71,101.11,22,0.2
11409,29,93.83,12,0.1
11409,15,92.23,28,0.0
11409,62,72.54,23,0.15
11409,31,38.95,11,0.25
11409,65,67.59,2,0.25
11410,22,38.34,16,0.05
11410,64,47.33,18,0.05
11411,49,16.19,30,0.2
11411,41,106.55,8,0.2
11412,73,84.89,14,0.2
11413,35,47.29,35,0.0
11413,44,4.04,22,0.05
11413,8,94.05,10,0.2
11413,72,83.44,12,0.25
11414,2,88.95,37,0.05
11414,58,31.83,32,0.1
11414,52,104.83,15,0.15
11415,6,22.0,11,0.2
11415,7,6.08,18,0.25
11415,76,77.31,9,0.25
11416,22,38.34,23,0.05
11416,34,47.7,35,0.2
11416,18,48.96,23,0.2
11416,28,104.38,22,0.2
11416,38,106.26,6,0.0
11417,8,94.05,36,0.0
11417,20,117.05,12,0.1
11417,16,95.15,10,0.1
11417,15,92.23,4,0.2
11417,23,46.01,1,0.05
11418,25,102.77,20,0.25
11418,74,32.54,28,0.15
11418,14,105.59,1,0.15
11418,6,22.0,19,0.05
11418,60,71.49,36,0.25
11419,18,48.96,5,0.25
11419,38,106.26,26,0.0
11420,71,101.11,20,0.2
11420,61,107.37,23,0.05
11420,68,114.35,36,0.2
11420,16,95.15,8,0.25
11421,6,22.0,5,0.1
11421,72,83.44,31,0.05
11421,49,16.19,3,0.2
11421,9,39.18,7,0.25
11421,28,104.38,26,0.1
11422,30,33.41,7,0.05
11422,16,95.15,18,0.1
11422,63,85.64,14,0.05
11423,40,43.83,13,0.25
11423,16,95.15,36,0.15
11423,26,110.61,11,0.0
11423,7,6.08,5,0.1
11423,54,76.49,5,0.1
11424,73,84.89,28,0.0
11424,41,106.55,39,0.15
11424,7,6.08,4,0.0
11425,72,83.44,25,0.1
11425,61,107.37,37,0.1
11425,19,75.57,14,0.2
11425,25,102.77,2,0.0
11426,58,31.83,10,0.2
11426,38,106.26,7,0.05
11426,27,15.49,3,0.1
11427,54,76.49,10,0.1
11427,74,32.54,40,0.2
11427,39,107.46,16,0.0
11427,31,38.95,12,0.25
11427,47,32.85,27,0.2
11428,35,47.29,16,0.05
11428,41,106.55,38,0.15
11428,23,46.01,16,0.2
11428,38,106.26,10,0.2
11428,25,102.77,30,0.1
11429,37,79.75,25,0.1
11429,42,49.93,17,0.25
11429,55,6.73,1,0.05
11429,1,52.08,39,0.05
11430,67,106.26,30,0.1
11430,42,49.93,33,0.15
11430,65,67.59,6,0.05
11430,60,71.49,17,0.2
11431,27,15.49,31,0.0
11431,10,24.02,38,0.0
11431,61,107.37,11,0.2
11431,22,38.34,34,0.05
11432,45,90.19,31,0.0
11433,64,47.33,23,0.1
11434,23,46.01,17,0.1
11434,67,106.26,17,0.1
11434,34,47.7,16,0.0
11434,24,22.74,11,0.15
11435,4,92.55,19,0.2
11436,52,104.83,38,0.05
11437,9,39.18,37,0.25
11437,16,95.15,29,0.05
11437,31,38.95,16,0.0
11438,34,47.7,9,0.05
11439,59,14.59,7,0.15
11439,48,28.3,8,0.15
11439,64,47.33,6,0.15
11439,77,72.37,31,0.1
11440,66,117.42,6,0.0
11440,17,102.38,35,0.05
11441,3,105.47,3,0.2
11442,4,92.55,33,0.15
11443,47,32.85,37,0.1
11443,21,79.15,39,0.1
11443,37,79.75,2,0.0
11443,18,48.96,12,0.25
11444,32,31.76,31,0.2
11444,19,75.57,18,0.2
11445,23,46.01,29,0.05
11445,47,32.85,38,0.05
11445,70,50.15,8,0.15
11446,31,38.95,21,0.25
11446,2,88.95,24,0.25
11446,7,6.08,5,0.1
11446,48,28.3,13,0.1
11447,17,102.38,11,0.05
11447,40,43.83,30,0.15
11447,43,44.88,35,0.05
11447,7,6.08,37,0.15
11447,75,9.19,13,0.15
11448,51,41.53,17,0.05
11448,3,105.47,16,0.25
11448,70,50.15,22,0.15
11448,38,106.26,8,0.05
11448,30,33.41,5,0.25
11449,8,94.05,18,0.25
11450,66,117.42,14,0.25
11450,45,90.19,33,0.15
11450,52,104.83,34,0.2
11450,6,22.0,29,0.1
11451,37,79.75,25,0.2
11451,62,72.54,3,0.1
11451,6,22.0,11,0.2
11451,24,22.74,19,0.25
11451,52,104.83,21,0.2
11452,40,43.83,20,0.0
11452,77,72.37,26,0.25
11453,15,92.23,40,0.2
11453,75,9.19,32,0.05
11453,52,104.83,9,0.15
11453,24,22.74,20,0.25
11453,50,72.69,16,0.25
11454,69,78.48,33,0.2
11454,13,52.5,21,0.0
11454,5,16.93,8,0.15
11454,10,24.02,10,0.1
11455,47,32.85,8,0.1
11455,1,52.08,25,0.15
11456,26,110.61,28,0.25
11456,71,101.11,13,0.2
11457,11,52.47,7,0.1
11457,23,46.01,4,0.1
11457,16,95.15,13,0.15
11457,48,28.3,28,0.0
11457,73,84.89,38,0.2
11458,56,112.08,19,0.05
11458,24,22.74,18,0.05
11458,2,88.95,24,0.0
11459,34,47.7,31,0.05
11459,29,93.83,17,0.2
11459,77,72.37,17,0.2
11459,70,50.15,6,0.0
11459,56,112.08,23,0.15
11460,10,24.02,33,0.25
11460,25,102.77,23,0.1
11460,35,47.29,25,0.25
11460,70,50.15,36,0.25
11460,23,46.01,1,0.2
11461,11,52.47,39,0.05
11461,70,50.15,30,0.1
11461,18,48.96,29,0.2
11461,77,72.37,7,0.1
11461,66,117.42,24,0.15
11462,13,52.5,36,0.2
11463,21,79.15,16,0.15
11463,75,9.19,39,0.05
11463,66,117.42,27,0.15
11463,71,101.11,6,0.15
11464,50,72.69,20,0.2
11465,6,22.0,11,0.0
11465,4,92.55,1,0.05
11465,43,44.88,28,0.0
11465,17,102.38,38,0.2
11466,5,16.93,20,0.25
11466,7,6.08,20,0.1
11466,75,9.19,15,0.15
11467,26,110.61,31,0.1
11467,66,117.42,17,0.15
11467,60,71.49,9,0.0
11467,53,91.15,7,0.1
11468,75,9.19,35,0.0
11469,36,105.7,33,0.25
11469,40,43.83,37,0.25
11469,14,105.59,40,0.0
11469,2,88.95,38,0.0
11469,53,91.15,38,0.05
11470,47,32.85,25,0.15
11470,4,92.55,6,0.1
11470,45,90.19,37,0.0
11471,29,93.83,7,0.2
11471,1,52.08,18,0.15
11471,8,94.05,7,0.15
11471,43,44.88,23,0.25
11472,44,4.04,8,0.0
11473,5,16.93,2,0.15
11473,40,43.83,36,0.05
11473,77,72.37,30,0.05
11474,36,105.7,13,0.0
11474,28,104.38,38,0.1
11474,76,77.31,1,0.1
11474,23,46.01,8,0.2
11474,54,76.49,26,0.0
11475,50,72.69,31,0.1
11475,66,117.42,22,0.0
11475,3,105.47,5,0.05
11475,36,105.7,36,0.25
11476,57,54.9,25,0.15
11477,56,112.08,3,0.25
11477,8,94.05,33,0.15
11477,32,31.76,32,0.25
11477,33,6.44,15,0.1
11478,17,102.38,40,0.1
11478,19,75.57,38,0.1
11479,45,90.19,38,0.0
11479,22,38.34,17,0.0
11480,21,79.15,9,0.25
11480,6,22.0,30,0.0
11480,34,47.7,37,0.15
11480,14,105.59,15,0.15
11481,42,49.93,14,0.0
11481,67,106.26,28,0.1
11482,59,14.59,11,0.1
11482,38,106.26,31,0.1
11482,29,93.83,9,0.1
11482,48,28.3,37,0.2
11482,52,104.83,8,0.15
11483,62,72.54,6,0.05
11483,72,83.44,29,0.2
11483,64,47.33,30,0.2
11483,63,85.64,14,0.05
11484,19,75.57,29,0.1
11484,66,117.42,35,0.05
11484,73,84.89,35,0.15
11484,27,15.49,22,0.2
11485,64,47.33,13,0.05
11485,54,76.49,5,0.1
11485,69,78.48,5,0.15
11486,48,28.3,1,0.05
11486,19,75.57,14,0.05
11486,29,93.83,32,0.1
11486,30,33.41,13,0.1
11487,45,90.19,36,0.1
11487,37,79.75,16,0.25
11487,44,4.04,31,0.0
11487,20,117.05,40,0.2
11488,20,117.05,32,0.15
11489,16,95.15,1,0.15
11489,5,16.93,23,0.15
11489,9,39.18,29,0.25
11489,45,90.19,33,0.15
11489,30,33.41,9,0.25
11490,63,85.64,4,0.0
11490,27,15.49,4,0.05
11490,32,31.76,13,0.0
11491,23,46.01,32,0.0
11491,31,38.95,28,0.1
11491,58,31.83,18,0.25
11491,55,6.73,16,0.0
11492,44,4.04,28,0.1
11492,72,83.44,21,0.2
11493,70,50.15,11,0.1
11493,13,52.5,15,0.0
11494,3,105.47,23,0.05
11494,54,76.49,2,0.05
11495,22,38.34,40,0.0
11495,57,54.9,11,0.05
11495,38,106.26,33,0.1
11495,45,90.19,35,0.1
11495,36,105.7,16,0.1
11496,68,114.35,24,0.2
11496,25,102.77,17,0.05
11497,14,105.59,23,0.25
11498,70,50.15,10,0.05
11498,57,54.9,34,0.15
11498,53,91.15,24,0.1
11499,19,75.57,2,0.15
11500,7,6.08,8,0.0
11500,31,38.95,31,0.15
11500,75,9.19,9,0.2
11500,29,93.83,10,0.1
11500,14,105.59,2,0.0
11501,14,105.59,17,0.05
11502,51,41.53,4,0.0
11502,67,106.26,31,0.1
11503,67,106.26,21,0.0
11503,54,76.49,26,0.15
11503,12,89.54,32,0.0
11503,77,72.37,21,0.25
11503,37,79.75,19,0.0
11504,73,84.89,28,0.15
11504,21,79.15,15,0.15
11505,2,88.95,25,0.2
11506,54,76.49,21,0.1
11506,9,39.18,15,0.25
11506,15,92.23,37,0.2
11506,36,105.7,19,0.05
11506,3,105.47,39,0.05
11507,56,112.08,1,0.05
11508,67,106.26,5,0.15
11508,23,46.01,4,0.15
11508,58,31.83,25,0.0
11508,47,32.85,6,0.0
11508,44,4.04,3,0.05
11509,65,67.59,3,0.2
11509,19,75.57,21,0.2
11510,74,32.54,39,0.05
11510,19,75.57,1,0.2
11511,33,6.44,8,0.0
11511,14,105.59,8,0.1
11511,60,71.49,32,0.0
11512,75,9.19,11,0.05
11512,18,48.96,21,0.05
11513,58,31.83,9,0.1
11513,64,47.33,27,0.25
11513,53,91.15,39,0.05
11513,10,24.02,25,0.25
11513,70,50.15,34,0.1
11514,50,72.69,3,0.2
11515,75,9.19,7,0.15
11515,40,43.83,36,0.15
11515,5,16.93,16,0.25
11516,72,83.44,36,0.0
11516,67,106.26,4,0.0
11516,11,52.47,28,0.1
11516,3,105.47,40,0.15
11517,47,32.85,3,0.2
11517,61,107.37,40,0.0
11517,24,22.74,18,0.25
11517,13,52.5,34,0.05
11517,65,67.59,2,0.25
11518,62,72.54,38,0.1
11518,11,52.47,5,0.05
11519,67,106.26,33,0.0
11519,13,52.5,18,0.15
11520,45,90.19,40,0.05
11520,27,15.49,25,0.1
11521,75,9.19,9,0.1
11521,35,47.29,12,0.05
11521,12,89.54,40,0.25
11522,32,31.76,23,0.0
11522,26,110.61,21,0.15
11522,33,6.44,1,0.2
11522,16,95.15,1,0.2
11522,30,33.41,37,0.25
11523,25,102.77,36,0.15
11523,62,72.54,3,0.15
11523,9,39.18,14,0.1
11523,19,75.57,27,0.1
11523,21,79.15,32,0.1
11524,39,107.46,13,0.25
11524,5,16.93,19,0.25
11525,17,102.38,34,0.05
11525,44,4.04,21,0.15
11526,59,14.59,8,0.0
11527,38,106.26,27,0.1
11527,45,90.19,32,0.05
11528,58,31.83,17,0.05
11529,25,102.77,22,0.1
11529,17,102.38,18,0.15
11529,77,72.37,9,0.2
11530,42,49.93,11,0.25
11531,6,22.0,12,0.05
11531,77,72.37,35,0.25
11532,68,114.35,27,0.1
11532,46,115.82,23,0.05
11532,45,90.19,35,0.05
11533,67,106.26,18,0.25
11533,26,110.61,9,0.0
11533,72,83.44,17,0.15
11534,23,46.01,21,0.0
11534,53,91.15,38,0.25
11534,15,92.23,39,0.0
11535,71,101.11,35,0.15
11535,67,106.26,31,0.1
11535,61,107.37,35,0.1
11536,68,114.35,21,0.0
11536,40,43.83,19,0.25
11536,55,6.73,9,0.05
11536,74,32.54,26,0.2
11536,50,72.69,25,0.05
11537,7,6.08,10,0.1
11537,34,47.7,16,0.05
11537,33,6.44,15,0.05
11538,33,6.44,27,0.1
11538,25,102.77,28,0.15
11538,7,6.08,1,0.15
11538,62,72.54,17,0.25
11538,50,72.69,29,0.05
11539,42,49.93,35,0.15
11540,2,88.95,31,0.0
11540,21,79.15,30,0.15
11541,34,47.7,4,0.1
11541,64,47.33,32,0.15
11542,8,94.05,18,0.15
11543,63,85.64,36,0.15
11543,73,84.89,19,0.15
11543,70,50.15,27,0.1
11543,41,106.55,26,0.1
11543,60,71.49,10,0.2
11544,13,52.5,37,0.1
11544,76,77.31,35,0.0
11544,3,105.47,38,0.0
11545,34,47.7,35,0.05
11545,54,76.49,36,0.15
11545,5,16.93,1,0.15
11545,3,105.47,40,0.2
11545,36,105.7,16,0.05
11546,18,48.96,9,0.0
11547,13,52.5,15,0.05
11548,59,14.59,14,0.05
11548,57,54.9,7,0.25
11548,48,28.3,40,0.15
11548,38,106.26,7,0.1
11549,39,107.46,14,0.2
11549,56,112.08,6,0.2
11550,54,76.49,10,0.0
11550,1,52.08,29,0.2
11550,41,106.55,26,0.2
11550,58,31.83,36,0.15
11550,60,71.49,9,0.0
11551,58,31.83,1,0.05
11552,45,90.19,16,0.1
11553,69,78.48,15,0.1
11553,51,41.53,39,0.0
11553,58,31.83,35,0.05
11553,72,83.44,15,0.2
11554,46,115.82,39,0.15
11554,4,92.55,14,0.15
11554,49,16.19,35,0.25
11555,46,115.82,15,0.25
11555,19,75.57,35,0.1
11556,59,14.59,31,0.1
11556,17,102.38,39,0.0
11556,13,52.5,17,0.05
11556,3,105.47,7,0.2
11557,31,38.95,16,0.15
11557,71,101.11,23,0.2
11557,51,41.53,30,0.1
11558,76,77.31,27,0.05
11559,30,33.41,31,0.05
11559,72,83.44,27,0.25
11559,65,67.59,31,0.25
11559,57,54.9,7,0.15
11560,4,92.55,38,0.15
11560,47,32.85,9,0.25
11560,67,106.26,12,0.05
11561,21,79.15,7,0.0
11561,68,114.35,26,0.05
11562,32,31.76,39,0.2
11563,14,105.59,23,0.05
11563,39,107.46,18,0.0
11563,16,95.15,25,0.2
11563,50,72.69,16,0.0
11564,4,92.55,5,0.25
11564,9,39.18,19,0.05
11564,48,28.3,36,0.15
11564,50,72.69,32,0.2
11564,58,31.83,39,0.15
11565,52,104.83,20,0.15
11565,50,72.69,13,0.25
11566,70,50.15,4,0.2
11567,49,16.19,20,0.0
11567,53,91.15,17,0.25
11567,29,93.83,25,0.15
11567,63,85.64,6,0.15
11568,68,114.35,13,0.1
11568,52,104.83,36,0.1
11568,29,93.83,28,0.0
11568,56,112.08,39,0.25
11569,49,16.19,32,0.1
11569,3,105.47,7,0.15
11569,7,6.08,5,0.05
11570,61,107.37,3,0.2
11571,42,49.93,26,0.15
11571,53,91.15,2,0.15
11572,9,39.18,29,0.0
11572,40,43.83,17,0.2
11572,44,4.04,30,0.05
11572,77,72.37,5,0.25
11573,22,38.34,4,0.0
11574,27,15.49,28,0.25
11574,29,93.83,14,0.15
11574,16,95.15,3,0.1
11574,54,76.49,40,0.2
11575,2,88.95,23,0.05
11575,57,54.9,16,0.0
11575,19,75.57,21,0.2
11575,14,105.59,17,0.25
11575,18,48.96,5,0.25
11576,66,117.42,36,0.1
11576,42,49.93,13,0.1
11576,5,16.93,26,0.1
11576,21,79.15,5,0.15
11577,52,104.83,27,0.25
11578,27,15.49,19,0.2
11578,20,117.05,34,0.2
11578,5,16.93,23,0.25
11579,54,76.49,24,0.0
11580,5,16.93,13,0.15
11580,77,72.37,36,0.0
11580,35,47.29,26,0.05
11580,53,91.15,23,0.05
11581,40,43.83,4,0.2
11581,9,39.18,14,0.1
11581,25,102.77,33,0.25
11581,28,104.38,17,0.15
11581,36,105.7,9,0.05
11582,35,47.29,22,0.05
11583,12,89.54,29,0.05
11583,14,105.59,39,0.1
11583,31,38.95,16,0.25
11583,60,71.49,23,0.1
11584,7,6.08,27,0.2
11584,46,115.82,26,0.15
11584,28,104.38,4,0.15
11584,60,71.49,25,0.05
11585,37,79.75,4,0.05
11586,52,104.83,5,0.1
11586,67,106.26,2,0.25
11586,17,102.38,16,0.15
11586,51,41.53,15,0.05
11587,22,38.34,39,0.2
11587,72,83.44,6,0.25
11587,14,105.59,36,0.0
11587,28,104.38,25,0.0
11588,20,117.05,14,0.15
11588,31,38.95,30,0.25
11588,76,77.31,14,0.15
11589,25,102.77,11,0.05
11589,22,38.34,35,0.0
11589,68,114.35,30,0.15
11589,16,95.15,1,0.05
11590,41,106.55,16,0.25
11590,30,33.41,26,0.15
11590,56,112.08,22,0.15
11590,18,48.96,18,0.2
11590,44,4.04,12,0.15
11591,32,31.76,26,0.2
11591,77,72.37,17,0.25
11592,8,94.05,14,0.05
11592,44,4.04,17,0.2
11593,69,78.48,35,0.15
11593,1,52.08,4,0.0
11593,33,6.44,30,0.0
11593,70,50.15,30,0.15
11594,12,89.54,34,0.15
11595,66,117.42,29,0.15
11595,14,105.59,4,0.2
11595,8,94.05,5,0.15
11595,46,115.82,38,0.25
11596,19,75.57,17,0.2
11596,25,102.77,9,0.15
11596,49,16.19,4,0.05
11596,18,48.96,39,0.05
11596,71,101.11,23,0.05
11597,32,31.76,5,0.25
11597,73,84.89,7,0.05
11598,1,52.08,9,0.0
11598,41,106.55,26,0.2
11598,35,47.29,28,0.1
11598,27,15.49,20,0.15
11599,14,105.59,15,0.25
11599,73,84.89,5,0.1
11600,35,47.29,7,0.25
11600,22,38.34,18,0.2
11600,69,78.48,6,0.0
11601,57,54.9,20,0.1
11601,25,102.77,23,0.25
11601,42,49.93,14,0.25
11601,28,104.38,39,0.2
11601,66,117.42,36,0.1
11602,69,78.48,36,0.2
11602,48,28.3,22,0.05
11602,47,32.85,36,0.15
11602,56,112.08,29,0.25
11603,7,6.08,39,0.2
11603,27,15.49,17,0.05
11603,53,91.15,19,0.0
11603,75,9.19,36,0.1
11603,57,54.9,37,0.1
11604,45,90.19,21,0.05
11605,27,15.49,40,0.05
11606,53,91.15,25,0.1
11607,44,4.04,5,0.25
11607,48,28.3,3,0.25
11608,26,110.61,34,0.15
11608,14,105.59,37,0.0
11608,19,75.57,1,0.1
11609,48,28.3,18,0.0
11609,3,105.47,13,0.15
11609,50,72.69,15,0.1
11610,33,6.44,5,0.25
11611,7,6.08,15,0.2
11611,73,84.89,31,0.0
11611,15,92.23,11,0.15
11611,66,117.42,35,0.0
11611,1,52.08,17,0.1
11612,30,33.41,1,0.05
11612,48,28.3,6,0.25
11613,26,110.61,37,0.0
11613,55,6.73,33,0.1
11613,73,84.89,27,0.2
11613,11,52.47,20,0.0
11613,70,50.15,5,0.0
11614,42,49.93,15,0.2
11614,10,24.02,30,0.15
11614,44,4.04,7,0.0
11615,33,6.44,22,0.0
11615,58,31.83,24,0.2
11616,32,31.76,1,0.1
11617,59,14.59,30,0.05
11617,71,101.11,40,0.1
11617,46,115.82,14,0.2
11617,37,79.75,39,0.2
11618,7,6.08,27,0.2
11618,26,110.61,1,0.05
11618,45,90.19,24,0.25
11618,21,79.15,16,0.05
11619,76,77.31,9,0.1
11619,14,105.59,35,0.1
11619,30,33.41,25,0.0
11619,58,31.83,12,0.25
11619,63,85.64,25,0.15
11620,15,92.23,26,0.25
11620,31,38.95,20,0.1
11620,70,50.15,2,0.05
11620,24,22.74,21,0.05
11621,34,47.7,27,0.15
11621,61,107.37,38,0.15
11622,3,105.47,34,0.15
11623,18,48.96,9,0.2
11623,62,72.54,22,0.2
11623,15,92.23,25,0.1
11623,48,28.3,19,0.0
11624,67,106.26,9,0.15
11624,68,114.35,40,0.0
11624,22,38.34,39,0.25
11625,22,38.34,17,0.0
11625,36,105.7,4,0.05
11625,17,102.38,26,0.0
11625,57,54.9,4,0.15
11626,7,6.08,25,0.2
11626,44,4.04,40,0.25
11627,40,43.83,18,0.05
11627,5,16.93,37,0.0
11627,28,104.38,19,0.05
11628,21,79.15,22,0.2
11629,8,94.05,35,0.15
11630,43,44.88,36,0.05
11630,67,106.26,17,0.15
11630,29,93.83,40,0.2
11630,18,48.96,29,0.0
11630,16,95.15,36,0.15
11631,6,22.0,22,0.05
11631,51,41.53,40,0.25
11631,55,6.73,29,0.1
11631,28,104.38,4,0.1
11632,76,77.31,6,0.2
11632,14,105.59,13,0.25
11633,26,110.61,19,0.1
11634,57,54.9,37,0.2
11634,31,38.95,7,0.15
11634,74,32.54,36,0.2
11635,71,101.11,24,0.0
11635,63,85.64,23,0.1
11635,49,16.19,3,0.25
11635,10,24.02,16,0.0
11635,75,9.19,19,0.2
11636,74,32.54,30,0.0
11637,1,52.08,30,0.15
11637,45,90.19,30,0.0
11637,52,104.83,8,0.15
11637,73,84.89,5,0.0
11637,64,47.33,20,0.15
11638,26,110.61,8,0.0
11638,9,39.18,36,0.25
11638,36,105.7,13,0.25
11638,68,114.35,7,0.15
11639,40,43.83,32,0.1
11639,56,112.08,39,0.05
11639,45,90.19,25,0.25
11640,8,94.05,26,0.15
11641,69,78.48,22,0.25
11641,56,112.08,6,0.25
11641,36,105.7,3,0.1
11642,72,83.44,27,0.25
11642,34,47.7,13,0.25
11642,19,75.57,36,0.1
11642,4,92.55,14,0.0
11643,51,41.53,19,0.05
11643,1,52.08,10,0.15
11643,60,71.49,22,0.2
11643,69,78.48,22,0.15
11644,38,106.26,33,0.15
11644,45,90.19,19,0.25
11645,57,54.9,21,0.2
11645,43,44.88,27,0.2
11645,18,48.96,38,0.25
11645,60,71.49,14,0.05
11645,15,92.23,6,0.1
11646,19,75.57,20,0.0
11646,60,71.49,37,0.2
11646,57,54.9,21,0.15
11647,44,4.04,40,0.05
11647,26,110.61,37,0.05
11647,61,107.37,26,0.1
11647,50,72.69,32,0.15
11647,7,6.08,10,0.0
11648,24,22.74,17,0.0
11648,69,78.48,34,0.2
11648,18,48.96,1,0.2
11648,65,67.59,6,0.2
11649,15,92.23,19,0.15
11649,30,33.41,38,0.15
11649,49,16.19,14,0.2
11650,73,84.89,1,0.05
11651,2,88.95,8,0.05
11651,16,95.15,22,0.15
11651,43,44.88,5,0.15
11651,42,49.93,31,0.0
11652,6,22.0,24,0.0
11652,11,52.47,38,0.25
11652,30,33.41,5,0.15
11652,13,52.5,23,0.15
11652,59,14.59,5,0.0
11653,46,115.82,29,0.1
11653,67,106.26,15,0.0
11653,62,72.54,14,0.05
11653,7,6.08,28,0.0
11653,55,6.73,35,0.15
11654,77,72.37,4,0.2
11654,33,6.44,13,0.05
11654,61,107.37,10,0.2
11655,14,105.59,22,0.05
11655,23,46.01,33,0.15
11655,67,106.26,26,0.05
11655,31,38.95,40,0.25
11656,39,107.46,33,0.2
11656,38,106.26,20,0.15
11657,29,93.83,39,0.2
11657,62,72.54,21,0.15
11657,5,16.93,2,0.0
11658,26,110.61,11,0.1
11659,48,28.3,5,0.0
11659,12,89.54,3,0.0
11660,22,38.34,28,0.25
11660,24,22.74,28,0.2
11660,48,28.3,35,0.0
11660,49,16.19,3,0.1
11660,17,102.38,8,0.1
11661,6,22.0,30,0.25
11661,37,79.75,26,0.15
11661,25,102.77,30,0.25
11661,38,106.26,38,0.2
11661,20,117.05,4,0.05
11662,56,112.08,1,0.1
11662,75,9.19,6,0.2
11662,64,47.33,15,0.05
11662,42,49.93,32,0.2
11663,32,31.76,18,0.2
11664,4,92.55,17,0.1
11664,33,6.44,36,0.05
11665,20,117.05,38,0.0
11665,40,43.83,21,0.05
11665,10,24.02,34,0.0
11665,6,22.0,8,0.0
11666,38,106.26,20,0.1
11667,54,76.49,6,0.05
11667,62,72.54,18,0.2
11667,28,104.38,37,0.0
11667,42,49.93,3,0.2
11667,77,72.37,14,0.05
11668,37,79.75,34,0.05
11668,14,105.59,22,0.05
11668,39,107.46,23,0.25
11668,76,77.31,12,0.0
11668,49,16.19,28,0.25
11669,25,102.77,29,0.05
11670,58,31.83,32,0.0
11670,63,85.64,32,0.05
11670,26,110.61,31,0.1
11671,57,54.9,6,0.05
11671,34,47.7,4,0.1
11671,66,117.42,22,0.05
11672,57,54.9,30,0.0
11673,71,101.11,4,0.0
11673,26,110.61,12,0.15
11674,25,102.77,16,0.2
11675,12,89.54,21,0.2
11675,7,6.08,3,0.15
11676,31,38.95,10,0.2
11676,6,22.0,38,0.25
11676,68,114.35,31,0.15
11676,63,85.64,30,0.2
11677,6,22.0,5,0.05
11677,68,114.35,30,0.2
11677,16,95.15,32,0.25
11677,77,72.37,11,0.05
11677,41,106.55,37,0.1
11678,23,46.01,20,0.25
11678,21,79.15,21,0.05
11678,74,32.54,11,0.15
11678,49,16.19,33,0.1
11678,64,47.33,27,0.0
11679,70,50.15,34,0.15
11679,28,104.38,33,0.05
11680,46,115.82,39,0.0
11680,20,117.05,36,0.15
11681,20,117.05,26,0.2
11681,2,88.95,33,0.0
11681,42,49.93,28,0.25
11681,33,6.44,1,0.2
11682,69,78.48,24,0.0
11682,64,47.33,12,0.15
11682,56,112.08,18,0.2
11682,47,32.85,13,0.25
11682,75,9.19,25,0.0
11683,22,38.34,33,0.05
11683,26,110.61,19,0.0
11683,12,89.54,11,0.0
11683,64,47.33,33,0.05
11683,49,16.19,12,0.05
11684,3,105.47,29,0.05
11685,45,90.19,6,0.05
11685,62,72.54,33,0.15
11685,48,28.3,40,0.15
11686,68,114.35,28,0.2
11686,60,71.49,24,0.2
11687,48,28.3,3,0.2
11688,8,94.05,8,0.1
11688,10,24.02,3,0.2
11688,33,6.44,34,0.0
11688,53,91.15,5,0.0
11689,55,6.73,18,0.25
11689,14,105.59,21,0.05
11689,66,117.42,34,0.2
11689,25,102.77,36,0.25
11689,45,90.19,29,0.1
11690,39,107.46,19,0.1
11691,33,6.44,27,0.2
11691,37,79.75,15,0.15
11691,10,24.02,3,0.2
11691,62,72.54,34,0.2
11692,68,114.35,27,0.2
11692,72,83.44,7,0.05
11692,63,85.64,10,0.25
11692,51,41.53,26,0.1
11693,63,85.64,39,0.25
11693,2,88.95,1,0.25
11693,5,16.93,34,0.15
11693,16,95.15,37,0.1
11693,49,16.19,23,0.1
11694,32,31.76,34,0.25
11694,33,6.44,15,0.15
11694,31,38.95,32,0.0
11695,29,93.83,1,0.05
11695,5,16.93,3,0.25
11695,53,91.15,15,0.0
11695,17,102.38,31,0.15
11696,5,16.93,25,0.15
11696,36,105.7,7,0.05
11696,23,46.01,26,0.05
11697,24,22.74,17,0.05
11697,72,83.44,4,0.0
11697,55,6.73,8,0.2
11698,17,102.38,29,0.2
11698,14,105.59,35,0.05
11699,67,106.26,14,0.1
11699,3,105.47,2,0.15
11700,57,54.9,32,0.1
11700,56,112.08,15,0.15
11701,6,22.0,10,0.25
11701,27,15.49,13,0.05
11701,44,4.04,29,0.05
11701,15,92.23,40,0.2
11702,25,102.77,28,0.1
11702,73,84.89,9,0.05
11702,36,105.7,33,0.2
11702,51,41.53,14,0.15
11702,52,104.83,37,0.1
11703,53,91.15,12,0.0
11703,16,95.15,18,0.05
11704,8,94.05,22,0.2
11704,45,90.19,5,0.0
11704,51,41.53,20,0.2
11704,14,105.59,15,0.2
11705,36,105.7,20,0.25
11705,28,104.38,37,0.1
11706,6,22.0,4,0.1
11707,65,67.59,3,0.2
11707,47,32.85,38,0.05
11708,11,52.47,37,0.25
11709,19,75.57,6,0.15
11709,9,39.18,23,0.2
11709,48,28.3,13,0.0
11710,33,6.44,29,0.0
11710,67,106.26,18,0.1
11710,76,77.31,38,0.1
11710,4,92.55,40,0.0
11710,64,47.33,30,0.2
11711,51,41.53,2,0.2
11712,19,75.57,15,0.2
11712,42,49.93,15,0.15
11712,58,31.83,28,0.05
11712,20,117.05,39,0.0
11713,30,33.41,20,0.1
11713,41,106.55,29,0.2
11713,7,6.08,18,0.0
11713,25,102.77,22,0.15
11714,7,6.08,12,0.0
11714,6,22.0,13,0.1
11714,29,93.83,7,0.2
11715,33,6.44,23,0.05
11715,69,78.48,9,0.0
11716,48,28.3,26,0.2
11717,53,91.15,9,0.05
11717,58,31.83,20,0.0
11718,10,24.02,9,0.1
11718,24,22.74,14,0.1
11719,20,117.05,16,0.25
11719,56,112.08,6,0.2
11719,9,39.18,19,0.1
11720,41,106.55,37,0.15
11721,18,48.96,32,0.05
11721,38,106.26,16,0.2
11722,51,41.53,30,0.05
11722,31,38.95,37,0.1
11722,66,117.42,20,0.1
11722,58,31.83,24,0.15
11723,57,54.9,38,0.2
11723,6,22.0,11,0.2
11724,14,105.59,30,0.0
11724,21,79.15,17,0.1
11724,8,94.05,1,0.15
11725,73,84.89,19,0.2
11725,28,104.38,26,0.2
11726,58,31.83,39,0.1
11726,30,33.41,9,0.25
11726,60,71.49,31,0.1
11726,34,47.7,35,0.1
11726,13,52.5,21,0.0
11727,8,94.05,37,0.0
11727,49,16.19,5,0.05
11728,64,47.33,16,0.25
11728,54,76.49,35,0.1
11728,7,6.08,17,0.15
11728,58,31.83,2,0.15
11728,29,93.83,20,0.0
11729,20,117.05,17,0.15
11729,64,47.33,10,0.0
11729,50,72.69,1,0.15
11730,10,24.02,39,0.1
11730,9,39.18,17,0.0
11731,15,92.23,35,0.0
11731,33,6.44,5,0.0
11731,44,4.04,1,0.25
11731,23,46.01,39,0.2
11731,40,43.83,21,0.1
11732,60,71.49,23,0.15
11732,2,88.95,30,0.0
11732,50,72.69,1,0.1
11732,28,104.38,12,0.15
11732,55,6.73,40,0.2
11733,57,54.9,40,0.05
11733,19,75.57,35,0.25
11733,49,16.19,12,0.2
11733,34,47.7,26,0.0
11733,32,31.76,7,0.05
11734,53,91.15,5,0.2
11734,49,16.19,7,0.1
11735,33,6.44,17,0.25
11735,62,72.54,10,0.0
11735,34,47.7,19,0.1
11735,41,106.55,23,0.2
11736,2,88.95,31,0.2
11736,43,44.88,22,0.25
11736,76,77.31,39,0.0
11736,63,85.64,30,0.2
11737,53,91.15,35,0.05
11737,26,110.61,25,0.25
11737,46,115.82,28,0.15
11737,47,32.85,9,0.25
11737,65,67.59,24,0.05
11738,44,4.04,33,0.0
11739,7,6.08,21,0.25
11739,39,107.46,7,0.15
11739,17,102.38,26,0.0
11739,56,112.08,32,0.25
11739,55,6.73,1,0.25
11740,40,43.83,11,0.05
11740,61,107.37,9,0.15
11740,26,110.61,29,0.0
11741,30,33.41,8,0.0
11742,25,102.77,37,0.05
11742,6,22.0,1,0.1
11742,73,84.89,33,0.25
11743,10,24.02,14,0.15
11743,67,106.26,8,0.0
11744,22,38.34,39,0.15
11744,66,117.42,23,0.2
11745,27,15.49,14,0.05
11745,77,72.37,25,0.0
11745,41,106.55,2,0.1
11745,72,83.44,32,0.05
11745,65,67.59,34,0.1
11746,23,46.01,10,0.05
11747,69,78.48,20,0.05
11747,1,52.08,10,0.05
11747,38,106.26,20,0.05
11748,76,77.31,32,0.15
11749,75,9.19,32,0.2
11749,34,47.7,31,0.2
11750,48,28.3,20,0.25
11751,31,38.95,9,0.0
11751,14,105.59,29,0.2
11751,75,9.19,33,0.2
11751,76,77.31,8,0.15
11752,62,72.54,30,0.05
11752,18,48.96,28,0.0
11752,58,31.83,23,0.0
11752,57,54.9,19,0.15
11752,67,106.26,34,0.05
11753,44,4.04,18,0.15
11753,47,32.85,36,0.25
11753,66,117.42,22,0.15
11753,1,52.08,2,0.25
11753,23,46.01,39,0.05
11754,9,39.18,11,0.15
11754,50,72.69,15,0.05
11754,75,9.19,36,0.25
11754,23,46.01,40,0.1
11754,6,22.0,40,0.0
11755,6,22.0,40,0.05
11755,18,48.96,23,0.25
11755,32,31.76,14,0.15
11756,56,112.08,28,0.25
11756,65,67.59,20,0.25
11756,15,92.23,35,0.15
11756,49,16.19,38,0.1
11756,55,6.73,6,0.15
11757,8,94.05,9,0.05
11757,17,102.38,13,0.15
11757,40,43.83,38,0.2
11757,72,83.44,23,0.15
11757,28,104.38,2,0.05
11758,76,77.31,19,0.05
11758,50,72.69,35,0.2
11758,55,6.73,17,0.2
11758,24,22.74,26,0.05
11759,41,106.55,13,0.25
11759,6,22.0,37,0.05
11759,58,31.83,20,0.25
11759,24,22.74,3,0.05
11759,39,107.46,31,0.2
11760,18,48.96,14,0.2
11760,76,77.31,19,0.15
11760,72,83.44,11,0.2
11761,13,52.5,26,0.0
11762,31,38.95,28,0.25
11762,35,47.29,22,0.25
11762,29,93.83,24,0.15
11762,26,110.61,29,0.2
11763,59,14.59,11,0.05
11763,37,79.75,8,0.15
11763,57,54.9,31,0.25
11764,39,107.46,29,0.2
11764,70,50.15,20,0.05
11764,77,72.37,34,0.05
11765,4,92.55,9,0.2
11766,73,84.89,4,0.2
11766,48,28.3,40,0.05
11766,25,102.77,7,0.15
11766,24,22.74,14,0.0
11767,28,104.38,13,0.1
11767,47,32.85,33,0.15
11767,24,22.74,31,0.0
11767,59,14.59,35,0.05
11767,61,107.37,24,0.1
11768,48,28.3,33,0.0
11768,58,31.83,27,0.05
11769,75,9.19,10,0.1
11769,62,72.54,37,0.0
11770,41,106.55,38,0.2
11770,5,16.93,17,0.15
11770,45,90.19,28,0.1
11770,54,76.49,24,0.2
11771,54,76.49,25,0.1
11771,36,105.7,29,0.25
11772,16,95.15,3,0.05
11772,38,106.26,14,0.15
11772,47,32.85,33,0.25
11773,50,72.69,36,0.25
11773,71,101.11,2,0.2
11774,17,102.38,33,0.1
11774,57,54.9,14,0.1
11774,62,72.54,35,0.15
11774,58,31.83,38,0.15
11774,2,88.95,16,0.15
11775,32,31.76,5,0.0
11775,65,67.59,29,0.2
11775,71,101.11,35,0.0
11775,39,107.46,19,0.1
11775,67,106.26,6,0.0
11776,38,106.26,36,0.1
11777,25,102.77,9,0.15
11778,56,112.08,33,0.0
11778,47,32.85,18,0.0
11778,14,105.59,15,0.15
11779,1,52.08,32,0.05
11780,61,107.37,2,0.1
11781,57,54.9,14,0.05
11781,14,105.59,38,0.05
11781,28,104.38,6,0.05
11781,70,50.15,5,0.0
11781,26,110.61,21,0.0
11782,54,76.49,34,0.25
11782,15,92.23,14,0.0
11782,58,31.83,30,0.1
11783,73,84.89,1,0.05
11783,65,67.59,35,0.0
11783,27,15.49,12,0.25
11784,53,91.15,19,0.1
11784,48,28.3,30,0.15
11784,14,105.59,35,0.2
11785,56,112.08,2,0.25
11785,32,31.76,38,0.2
11785,22,38.34,4,0.15
11786,16,95.15,9,0.05
11787,23,46.01,7,0.1
11788,48,28.3,16,0.25
11788,55,6.73,9,0.0
11788,21,79.15,25,0.1
11788,16,95.15,10,0.1
11789,49,16.19,12,0.1
11790,77,72.37,9,0.1
11790,24,22.74,4,0.2
11791,30,33.41,24,0.05
11791,37,79.75,31,0.0
11791,64,47.33,13,0.15
11791,6,22.0,11,0.0
11792,58,31.83,4,0.25
11792,29,93.83,11,0.05
11792,21,79.15,16,0.1
11792,77,72.37,7,0.2
11792,47,32.85,18,0.1
11793,34,47.7,40,0.2
11793,54,76.49,20,0.05
11794,65,67.59,23,0.2
11794,24,22.74,36,0.15
11795,30,33.41,33,0.2
11795,13,52.5,4,0.0
11795,33,6.44,2,0.15
11795,75,9.19,28,0.05
11796,11,52.47,16,0.0
11796,48,28.3,14,0.1
11796,22,38.34,21,0.25
11796,43,44.88,22,0.25
11796,73,84.89,37,0.05
11797,15,92.23,23,0.15
11797,24,22.74,14,0.25
11798,52,104.83,10,0.0
11799,15,92.23,36,0.15
11799,69,78.48,24,0.0
11799,36,105.7,31,0.0
11799,68,114.35,28,0.15
11799,26,110.61,19,0.1
11800,64,47.33,27,0.05
11800,59,14.59,18,0.05
11800,8,94.05,35,0.05
11800,13,52.5,24,0.05
11801,70,50.15,39,0.1
11801,28,104.38,38,0.2
11801,73,84.89,37,0.05
11801,74,32.54,16,0.1
11801,24,22.74,40,0.0
11802,65,67.59,26,0.1
11803,15,92.23,16,0.25
11803,61,107.37,17,0.2
11803,31,38.95,32,0.0
11803,25,102.77,28,0.2
11804,77,72.37,27,0.25
11804,75,9.19,2,0.15
11804,14,105.59,29,0.15
11804,28,104.38,10,0.25
11804,11,52.47,9,0.2
11805,1,52.08,17,0.15
11805,74,32.54,20,0.05
11806,31,38.95,6,0.25
11806,36,105.7,17,0.2
11806,59,14.59,27,0.05
11806,71,101.11,8,0.2
11806,61,107.37,34,0.05
11807,23,46.01,33,0.05
11807,71,101.11,11,0.15
11807,15,92.23,35,0.05
11808,18,48.96,32,0.15
11808,74,32.54,33,0.25
11809,54,76.49,37,0.05
11809,65,67.59,16,0.05
11809,10,24.02,17,0.1
11809,51,41.53,25,0.15
11809,32,31.76,16,0.0
11810,60,71.49,16,0.1
11811,59,14.59,35,0.15
11811,53,91.15,16,0.2
11812,6,22.0,35,0.1
11812,60,71.49,12,0.1
11812,23,46.01,11,0.05
11813,30,33.41,2,0.0
11813,1,52.08,11,0.05
11813,9,39.18,38,0.0
11814,74,32.54,15,0.1
11814,32,31.76,19,0.2
11814,47,32.85,21,0.1
11814,51,41.53,11,0.1
11814,25,102.77,18,0.0
11815,33,6.44,23,0.15
11815,47,32.85,39,0.0
11815,59,14.59,25,0.1
11816,42,49.93,16,0.0
11816,33,6.44,11,0.0
11816,72,83.44,26,0.0
11816,14,105.59,32,0.25
11816,67,106.26,7,0.15
11817,70,50.15,25,0.05
11817,69,78.48,32,0.05
11817,27,15.49,10,0.05
11817,51,41.53,28,0.05
11818,21,79.15,8,0.0
11818,31,38.95,1,0.25
11818,53,91.15,40,0.2
11818,56,112.08,24,0.0
11819,66,117.42,32,0.05
11819,65,67.59,26,0.0
11819,55,6.73,35,0.15
11820,72,83.44,9,0.1
11820,63,85.64,26,0.05
11821,46,115.82,26,0.05
11821,60,71.49,16,0.15
11821,73,84.89,39,0.15
11821,63,85.64,8,0.1
11821,31,38.95,12,0.2
11822,40,43.83,5,0.05
11822,63,85.64,35,0.05
11823,38,106.26,33,0.15
11823,33,6.44,17,0.05
11823,36,105.7,40,0.2
11824,58,31.83,8,0.1
11824,4,92.55,40,0.25
11824,6,22.0,32,0.1
11824,75,9.19,19,0.0
11825,14,105.59,3,0.2
11825,32,31.76,21,0.05
11826,36,105.7,5,0.15
11826,59,14.59,24,0.0
11826,8,94.05,10,0.05
11827,74,32.54,8,0.05
11827,8,94.05,6,0.05
11828,64,47.33,38,0.0
11828,38,106.26,34,0.2
11828,56,112.08,2,0.05
11828,26,110.61,38,0.0
11829,42,49.93,5,0.15
11829,15,92.23,39,0.05
11830,20,117.05,12,0.2
11830,42,49.93,25,0.2
11831,15,92.23,9,0.0
11831,22,38.34,8,0.15
11832,13,52.5,2,0.2
11832,18,48.96,17,0.1
11832,76,77.31,28,0.05
11833,4,92.55,22,0.0
11833,30,33.41,32,0.2
11833,36,105.7,20,0.2
11833,54,76.49,18,0.15
11834,32,31.76,6,0.0
11834,6,22.0,18,0.15
11835,60,71.49,40,0.25
11835,62,72.54,1,0.0
11835,66,117.42,29,0.25
11835,50,72.69,20,0.15
11836,9,39.18,40,0.1
11837,61,107.37,17,0.25
11837,69,78.48,21,0.1
11838,5,16.93,6,0.25
11838,69,78.48,23,0.15
11838,76,77.31,13,0.2
11838,62,72.54,3,0.2
11839,74,32.54,31,0.15
11839,52,104.83,25,0.15
11840,11,52.47,13,0.2
11840,35,47.29,39,0.2
11840,23,46.01,35,0.05
11841,13,52.5,24,0.25
11842,14,105.59,15,0.2
11842,5,16.93,29,0.0
11843,29,93.83,28,0.15
11843,31,38.95,31,0.25
11844,19,75.57,17,0.0
11844,1,52.08,1,0.15
11844,29,93.83,10,0.05
11844,63,85.64,16,0.1
11845,75,9.19,29,0.15
11845,60,71.49,12,0.05
11845,72,83.44,29,0.0
11846,17,102.38,32,0.15
11846,71,101.11,30,0.0
11846,6,22.0,4,0.0
11847,76,77.31,27,0.2
11847,32,31.76,14,0.25
11848,41,106.55,8,0.1
11848,8,94.05,23,0.1
11848,34,47.7,21,0.05
11848,63,85.64,24,0.05
11849,66,117.42,16,0.1
11849,48,28.3,22,0.1
11849,55,6.73,5,0.0
11849,31,38.95,12,0.05
11849,47,32.85,10,0.2
11850,46,115.82,31,0.2
11850,38,106.26,9,0.25
11850,26,110.61,12,0.05
11850,56,112.08,12,0.0
11850,32,31.76,22,0.2
11851,66,117.42,5,0.15
11851,18,48.96,24,0.1
11852,67,106.26,35,0.15
11852,2,88.95,6,0.1
11853,46,115.82,9,0.25
11853,18,48.96,20,0.0
11853,58,31.83,29,0.05
11854,8,94.05,26,0.15
11854,57,54.9,40,0.1
11855,35,47.29,20,0.15
11856,57,54.9,11,0.2
11856,6,22.0,12,0.2
11857,68,114.35,40,0.25
11858,76,77.31,24,0.2
11859,51,41.53,12,0.0
11859,15,92.23,28,0.15
11859,32,31.76,40,0.0
11859,56,112.08,36,0.2
11860,24,22.74,33,0.25
11860,5,16.93,12,0.15
11860,17,102.38,27,0.0
11860,42,49.93,6,0.2
11860,58,31.83,9,0.0
11861,3,105.47,3,0.0
11861,54,76.49,16,0.1
11862,11,52.47,18,0.1
11862,25,102.77,5,0.15
11862,60,71.49,30,0.05
11862,73,84.89,36,0.05
11862,61,107.37,3,0.25
11863,49,16.19,5,0.25
11863,53,91.15,40,0.1
11863,23,46.01,33,0.1
11864,66,117.42,12,0.2
11864,70,50.15,23,0.05
11864,26,110.61,29,0.0
11864,65,67.59,37,0.05
11865,76,77.31,19,0.0
11866,26,110.61,4,0.1
11866,55,6.73,17,0.2
11867,9,39.18,39,0.1
11867,18,48.96,20,0.2
11868,11,52.47,13,0.0
11868,2,88.95,11,0.1
11868,9,39.18,30,0.0
11868,66,117.42,30,0.0
11869,34,47.7,30,0.0
11869,24,22.74,17,0.25
11869,32,31.76,9,0.1
11869,72,83.44,13,0.2
11869,18,48.96,3,0.0
11870,43,44.88,39,0.05
11870,58,31.83,1,0.2
11870,53,91.15,36,0.2
11870,49,16.19,2,0.25
11870,57,54.9,30,0.1
11871,17,102.38,36,0.05
11871,35,47.29,39,0.05
11871,59,14.59,8,0.0
11871,15,92.23,19,0.2
11871,63,85.64,14,0.15
11872,66,117.42,24,0.05
11872,26,110.61,8,0.25
11872,22,38.34,14,0.05
11872,57,54.9,20,0.1
11873,75,9.19,3,0.0
11874,51,41.53,24,0.0
11874,63,85.64,10,0.1
11874,9,39.18,10,0.25
11875,47,32.85,23,0.25
11875,54,76.49,24,0.0
11875,5,16.93,20,0.15
11875,7,6.08,9,0.25
11876,30,33.41,24,0.1
11876,7,6.08,21,0.05
11876,77,72.37,37,0.2
11877,19,75.57,33,0.05
11877,36,105.7,8,0.2
11877,66,117.42,8,0.2
11878,76,77.31,40,0.15
11879,14,105.59,25,0.15
11879,62,72.54,6,0.05
11880,53,91.15,5,0.05
11880,68,114.35,12,0.2
11880,58,31.83,15,0.2
11881,2,88.95,40,0.1
11881,38,106.26,39,0.2
11882,26,110.61,1,0.15
11883,52,104.83,12,0.1
11884,4,92.55,2,0.1
11884,75,9.19,22,0.2
11884,7,6.08,30,0.1
11884,38,106.26,12,0.05
11884,59,14.59,33,0.05
11885,20,117.05,29,0.2
11885,66,117.42,10,0.1
11885,26,110.61,36,0.15
11885,39,107.46,26,0.0
11885,10,24.02,38,0.2
11886,7,6.08,39,0.1
11886,6,22.0,34,0.2
11886,55,6.73,28,0.1
11887,45,90.19,24,0.25
11888,7,6.08,5,0.05
11888,22,38.34,39,0.05
11888,15,92.23,9,0.15
11888,60,71.49,30,0.0
11888,54,76.49,28,0.15
11889,56,112.08,28,0.25
11889,41,106.55,4,0.0
11889,7,6.08,29,0.1
11889,20,117.05,33,0.25
11889,21,79.15,13,0.15
11890,48,28.3,23,0.2
11890,17,102.38,21,0.1
11890,74,32.54,1,0.1
11890,47,32.85,18,0.2
11890,58,31.83,15,0.05
11891,74,32.54,5,0.1
11892,77,72.37,34,0.05
11892,25,102.77,35,0.15
11893,20,117.05,9,0.1
11893,53,91.15,37,0.25
11894,27,15.49,6,0.0
11895,71,101.11,28,0.05
11895,59,14.59,38,0.0
11895,1,52.08,8,0.0
11896,41,106.55,32,0.25
11896,48,28.3,40,0.2
11896,39,107.46,23,0.2
11896,70,50.15,7,0.15
11897,6,22.0,12,0.15
11897,7,6.08,25,0.15
11897,65,67.59,14,0.1
11897,3,105.47,34,0.05
11897,63,85.64,12,0.2
11898,15,92.23,17,0.15
11898,70,50.15,32,0.2
11898,26,110.61,15,0.2
11899,69,78.48,15,0.25
11899,25,102.77,18,0.2
11899,45,90.19,37,0.15
11900,11,52.47,18,0.25
11900,33,6.44,16,0.25
11900,68,114.35,4,0.0
11900,58,31.83,21,0.15
11900,3,105.47,5,0.1
11901,26,110.61,23,0.15
11901,24,22.74,12,0.05
11901,19,75.57,30,0.25
11901,22,38.34,22,0.2
11901,62,72.54,23,0.0
11902,57,54.9,12,0.1
11902,74,32.54,28,0.05
11902,45,90.19,8,0.2
11902,11,52.47,36,0.15
11902,43,44.88,1,0.0
11903,54,76.49,4,0.2
11903,21,79.15,5,0.05
11903,74,32.54,5,0.0
11903,5,16.93,25,0.1
11903,16,95.15,30,0.05
11904,35,47.29,37,0.25
11904,5,16.93,33,0.25
11904,10,24.02,21,0.1
11905,65,67.59,2,0.15
11905,8,94.05,7,0.2
11906,68,114.35,18,0.25
11906,52,104.83,27,0.0
11906,72,83.44,13,0.2
11906,22,38.34,18,0.05
11906,53,91.15,8,0.0
11907,10,24.02,14,0.25
11907,39,107.46,3,0.2
11907,19,75.57,12,0.2
11907,26,110.61,28,0.25
11907,77,72.37,35,0.1
11908,32,31.76,10,0.1
11908,35,47.29,27,0.15
11908,6,22.0,10,0.05
11909,31,38.95,33,0.2
11909,63,85.64,13,0.0
11909,47,32.85,6,0.2
11909,21,79.15,18,0.25
11909,57,54.9,15,0.1
11910,46,115.82,28,0.1
11910,32,31.76,29,0.25
11910,4,92.55,8,0.2
11911,31,38.95,13,0.15
11912,39,107.46,36,0.0
11912,30,33.41,4,0.15
11913,50,72.69,17,0.2
11913,58,31.83,19,0.25
11913,33,6.44,6,0.25
11913,41,106.55,30,0.1
11914,11,52.47,26,0.2
11914,1,52.08,21,0.25
11914,14,105.59,7,0.15
11914,23,46.01,10,0.0
11915,9,39.18,37,0.2
11915,11,52.47,38,0.05
11915,49,16.19,28,0.2
11916,8,94.05,10,0.15
11917,4,92.55,1,0.25
11917,67,106.26,1,0.1
11917,54,76.49,21,0.15
11917,40,43.83,31,0.0
11918,42,49.93,26,0.0
11919,56,112.08,30,0.25
11919,4,92.55,31,0.1
11920,20,117.05,22,0.05
11920,32,31.76,30,0.0
11921,60,71.49,2,0.25
11921,69,78.48,29,0.15
11921,1,52.08,9,0.2
11921,64,47.33,37,0.05
11921,65,67.59,34,0.05
11922,16,95.15,27,0.1
11922,27,15.49,37,0.2
11922,31,38.95,3,0.25
11922,23,46.01,1,0.0
11922,73,84.89,17,0.1
11923,38,106.26,29,0.05
11923,20,117.05,14,0.15
11924,64,47.33,34,0.05
11924,52,104.83,32,0.05
11925,53,91.15,15,0.15
11925,73,84.89,2,0.05
11925,64,47.33,15,0.15
11926,50,72.69,21,0.1
11926,5,16.93,16,0.1
11926,31,38.95,37,0.15
11927,9,39.18,6,0.0
11928,63,85.64,17,0.25
11928,14,105.59,21,0.0
11929,46,115.82,18,0.0
11929,72,83.44,35,0.25
11929,45,90.19,30,0.0
11929,42,49.93,4,0.15
11930,54,76.49,11,0.05
11930,37,79.75,27,0.25
11930,33,6.44,14,0.15
11930,64,47.33,34,0.05
11930,34,47.7,18,0.2
11931,7,6.08,23,0.1
11931,77,72.37,5,0.1
11931,9,39.18,31,0.2
11931,34,47.7,33,0.15
11932,11,52.47,1,0.15
11932,29,93.83,34,0.0
11933,20,117.05,12,0.0
11933,56,112.08,18,0.25
11934,46,115.82,30,0.1
11934,61,107.37,35,0.15
11934,55,6.73,39,0.1
11935,67,106.26,16,0.2
11935,5,16.93,35,0.15
11936,41,106.55,23,0.25
11936,5,16.93,40,0.1
11936,44,4.04,37,0.2
11936,59,14.59,13,0.0
11937,29,93.83,29,0.15
11938,36,105.7,10,0.2
11939,43,44.88,7,0.0
11939,26,110.61,31,0.15
11939,58,31.83,2,0.05
11939,13,52.5,35,0.2
11940,58,31.83,25,0.1
11941,21,79.15,31,0.15
11941,19,75.57,22,0.2
11941,35,47.29,6,0.0
11941,4,92.55,39,0.2
11941,40,43.83,31,0.15
11942,9,39.18,37,0.1
11942,13,52.5,17,0.15
11942,49,16.19,10,0.0
11942,72,83.44,16,0.05
11942,71,101.11,16,0.05
11943,11,52.47,29,0.05
11943,30,33.41,13,0.0
11944,63,85.64,12,0.2
11944,51,41.53,2,0.2
11945,38,106.26,34,0.25
11945,17,102.38,20,0.25
11945,59,14.59,7,0.2
11945,22,38.34,3,0.1
11945,18,48.96,26,0.05
11946,34,47.7,15,0.05
11946,4,92.55,16,0.2
11946,16,95.15,31,0.1
11947,45,90.19,33,0.15
11947,17,102.38,28,0.15
11947,63,85.64,39,0.2
11947,71,101.11,19,0.0
11947,53,91.15,1,0.1
11948,11,52.47,16,0.25
11948,15,92.23,32,0.15
11948,10,24.02,27,0.05
11948,49,16.19,17,0.2
11948,72,83.44,18,0.25
11949,34,47.7,24,0.1
11950,62,72.54,2,0.15
11950,19,75.57,39,0.1
11950,40,43.83,40,0.05
11950,56,112.08,28,0.05
11950,52,104.83,37,0.2
11951,14,105.59,22,0.1
11951,62,72.54,27,0.2
11952,34,47.7,3,0.15
11953,14,105.59,8,0.1
11954,34,47.7,40,0.05
11955,12,89.54,40,0.2
11956,69,78.48,15,0.15
11956,59,14.59,3,0.1
11956,37,79.75,37,0.2
11957,59,14.59,2,0.15
11958,34,47.7,40,0.0
11958,36,105.7,2,0.0
11959,53,91.15,36,0.2
11959,14,105.59,30,0.05
11959,6,22.0,40,0.2
11959,32,31.76,39,0.25
11960,75,9.19,31,0.05
11960,22,38.34,5,0.0
11960,42,49.93,16,0.25
11960,19,75.57,13,0.25
11961,16,95.15,13,0.05
11961,51,41.53,33,0.05
11961,46,115.82,2,0.2
11962,16,95.15,39,0.2
11963,51,41.53,35,0.1
11963,75,9.19,8,0.25
11963,76,77.31,35,0.1
11964,20,117.05,18,0.2
11964,6,22.0,3,0.15
11964,51,41.53,5,0.0
11964,18,48.96,33,0.25
11964,73,84.89,2,0.15
11965,55,6.73,1,0.1
11965,58,31.83,31,0.05
11966,12,89.54,18,0.05
11966,29,93.83,7,0.2
11966,45,90.19,13,0.05
11967,63,85.64,25,0.1
11967,46,115.82,27,0.2
11967,22,38.34,28,0.15
11968,51,41.53,10,0.05
11968,6,22.0,27,0.0
11968,55,6.73,1,0.1
11968,12,89.54,23,0.15
11968,10,24.02,7,0.15
11969,54,76.49,27,0.15
11969,10,24.02,21,0.25
11969,20,117.05,30,0.0
11969,38,106.26,38,0.1
11969,55,6.73,7,0.15
11970,11,52.47,16,0.25
11970,77,72.37,10,0.15
11970,72,83.44,18,0.25
11970,36,105.7,1,0.05
11971,14,105.59,35,0.2
11972,23,46.01,14,0.0
11973,1,52.08,40,0.0
11973,9,39.18,21,0.1
11973,25,102.77,30,0.2
11973,30,33.41,13,0.15
11974,25,102.77,33,0.15
11974,18,48.96,24,0.25
11975,62,72.54,32,0.15
11975,54,76.49,24,0.0
11975,3,105.47,21,0.05
11975,13,52.5,25,0.05
11976,24,22.74,22,0.0
11977,37,79.75,16,0.1
11977,54,76.49,17,0.25
11977,19,75.57,16,0.0
11978,75,9.19,32,0.05
11978,38,106.26,24,0.25
11978,71,101.11,34,0.25
11979,48,28.3,19,0.1
11979,17,102.38,7,0.05
11980,71,101.11,9,0.05
11980,48,28.3,34,0.25
11981,72,83.44,17,0.25
11982,21,79.15,39,0.15
11982,56,112.08,40,0.2
11982,58,31.83,37,0.1
11982,70,50.15,2,0.15
11982,19,75.57,20,0.25
11983,32,31.76,3,0.0
11983,10,24.02,9,0.05
11984,67,106.26,2,0.15
11984,71,101.11,16,0.25
11984,30,33.41,5,0.2
11984,14,105.59,25,0.25
11984,51,41.53,15,0.05
11985,40,43.83,32,0.0
11985,59,14.59,21,0.0
11986,35,47.29,23,0.2
11986,36,105.7,26,0.1
11986,30,33.41,13,0.25
11987,47,32.85,38,0.2
11988,28,104.38,31,0.0
11989,77,72.37,9,0.05
11989,3,105.47,19,0.2
11989,48,28.3,32,0.25
11989,29,93.83,34,0.25
11990,40,43.83,2,0.0
11990,22,38.34,24,0.1
11990,35,47.29,15,0.2
11990,48,28.3,39,0.0
11990,4,92.55,1,0.25
11991,40,43.83,21,0.25
11991,37,79.75,5,0.0
11991,76,77.31,19,0.1
11991,19,75.57,8,0.0
11991,21,79.15,23,0.0
11992,6,22.0,16,0.0
11992,58,31.83,9,0.05
11992,36,105.7,18,0.2
11992,12,89.54,19,0.1
11993,70,50.15,27,0.0
11993,35,47.29,18,0.05
11993,54,76.49,4,0.25
11993,24,22.74,9,0.15
11994,58,31.83,30,0.2
11995,74,32.54,24,0.2
11995,53,91.15,21,0.1
11995,47,32.85,19,0.25
11995,65,67.59,38,0.1
11995,57,54.9,20,0.1
11996,19,75.57,30,0.05
11997,9,39.18,16,0.1
11997,59,14.59,36,0.05
11997,71,101.11,32,0.2
11997,6,22.0,14,0.1
11998,12,89.54,35,0.25
11998,41,106.55,4,0.0
11999,26,110.61,38,0.15
12000,6,22.0,8,0.15
12000,63,85.64,9,0.2
12000,1,52.08,15,0.05
12000,5,16.93,35,0.15
12000,67,106.26,9,0.05
12001,29,93.83,9,0.15
12001,25,102.77,19,0.25
12001,1,52.08,21,0.15
12002,60,71.49,40,0.05
12002,50,72.69,15,0.25
12002,18,48.96,8,0.2
12002,61,107.37,16,0.0
12003,66,117.42,28,0.05
12003,77,72.37,21,0.0
12003,8,94.05,19,0.2
12004,34,47.7,4,0.05
12004,41,106.55,29,0.25
12004,42,49.93,24,0.15
12004,7,6.08,5,0.15
12004,8,94.05,26,0.0
12005,43,44.88,11,0.05
12005,42,49.93,39,0.0
12005,14,105.59,35,0.15
12006,77,72.37,28,0.05
12006,22,38.34,34,0.25
12006,6,22.0,17,0.05
12006,28,104.38,7,0.2
12007,15,92.23,23,0.1
12008,26,110.61,13,0.1
12008,8,94.05,39,0.1
12008,62,72.54,2,0.1
12008,14,105.59,23,0.0
12008,43,44.88,10,0.2
12009,61,107.37,9,0.25
12009,16,95.15,4,0.05
12009,40,43.83,2,0.0
12010,56,112.08,4,0.05
12011,18,48.96,7,0.25
12011,45,90.19,29,0.25
12012,64,47.33,24,0.05
12012,27,15.49,16,0.1
12012,40,43.83,14,0.0
12012,15,92.23,16,0.25
12012,4,92.55,12,0.1
12013,27,15.49,16,0.1
12014,56,112.08,31,0.25
12014,33,6.44,26,0.1
12014,65,67.59,8,0.15
12014,74,32.54,10,0.0
12014,11,52.47,33,0.15
12015,26,110.61,10,0.05
12015,77,72.37,18,0.05
12015,59,14.59,6,0.2
12016,64,47.33,3,0.1
12016,37,79.75,5,0.25
12016,39,107.46,10,0.0
12017,41,106.55,24,0.1
12017,14,105.59,13,0.15
12017,31,38.95,13,0.0
12018,29,93.83,6,0.0
12018,30,33.41,38,0.2
12018,45,90.19,26,0.25
12018,71,101.11,14,0.15
12019,51,41.53,36,0.15
12019,72,83.44,8,0.25
12019,55,6.73,24,0.25
12020,5,16.93,15,0.15
12020,25,102.77,37,0.15
12021,24,22.74,22,0.1
12021,5,16.93,6,0.1
12021,38,106.26,35,0.1
12021,62,72.54,12,0.25
12021,27,15.49,7,0.25
12022,75,9.19,39,0.1
12022,53,91.15,23,0.0
12022,62,72.54,9,0.2
12022,41,106.55,4,0.2
12022,32,31.76,24,0.25
12023,12,89.54,34,0.25
12023,25,102.77,21,0.2
12024,55,6.73,4,0.1
12024,41,106.55,30,0.0
12024,42,49.93,22,0.15
12025,22,38.34,40,0.25
12025,27,15.49,37,0.05
12025,77,72.37,5,0.15
12025,66,117.42,25,0.25
12026,27,15.49,38,0.15
12026,18,48.96,5,0.1
12026,31,38.95,8,0.25
12027,45,90.19,26,0.1
12028,32,31.76,30,0.1
12029,68,114.35,35,0.25
12029,67,106.26,3,0.05
12029,71,101.11,39,0.1
12030,3,105.47,17,0.0
12031,7,6.08,1,0.25
12031,75,9.19,18,0.2
12031,44,4.04,33,0.1
12031,9,39.18,28,0.0
12031,19,75.57,29,0.05
12032,66,117.42,9,0.05
12032,56,112.08,15,0.1
12032,9,39.18,8,0.15
12032,68,114.35,9,0.1
12032,62,72.54,31,0.2
12033,47,32.85,25,0.1
12033,64,47.33,22,0.0
12034,77,72.37,12,0.25
12035,47,32.85,23,0.15
12035,14,105.59,26,0.0
12035,40,43.83,33,0.2
12036,25,102.77,8,0.15
12036,50,72.69,27,0.1
12036,6,22.0,38,0.1
12036,39,107.46,4,0.25
12036,65,67.59,9,0.1
12037,38,106.26,16,0.0
12037,18,48.96,19,0.0
12038,5,16.93,39,0.15
12038,14,105.59,2,0.25
12038,27,15.49,22,0.1
12038,62,72.54,25,0.0
12039,33,6.44,24,0.2
12040,76,77.31,24,0.0
12040,55,6.73,13,0.2
12040,28,104.38,35,0.25
12041,57,54.9,17,0.15
12041,15,92.23,32,0.2
12041,40,43.83,26,0.0
12041,72,83.44,27,0.1
12042,48,28.3,12,0.25
12043,43,44.88,40,0.2
12043,64,47.33,32,0.25
12043,5,16.93,2,0.0
12043,73,84.89,16,0.2
12043,34,47.7,21,0.1
12044,3,105.47,39,0.1
12044,25,102.77,4,0.0
12044,20,117.05,37,0.15
12044,46,115.82,14,0.05
12045,52,104.83,10,0.05
12045,57,54.9,14,0.25
12045,25,102.77,22,0.0
12045,74,32.54,9,0.2
12045,62,72.54,11,0.25
12046,32,31.76,22,0.05
12046,34,47.7,28,0.05
12046,27,15.49,3,0.1
12047,8,94.05,23,0.2
12047,54,76.49,7,0.05
12047,27,15.49,28,0.15
12047,71,101.11,16,0.25
12048,11,52.47,19,0.1
12048,57,54.9,12,0.0
12049,34,47.7,14,0.05
12049,43,44.88,22,0.2
12049,36,105.7,1,0.0
12049,46,115.82,2,0.15
12050,35,47.29,29,0.15
12051,8,94.05,34,0.05
12051,76,77.31,17,0.05
12051,33,6.44,7,0.1
12051,47,32.85,32,0.25
12051,68,114.35,30,0.15
12052,40,43.83,8,0.2
12052,30,33.41,1,0.15
12053,42,49.93,4,0.25
12053,67,106.26,11,0.0
12053,48,28.3,31,0.05
12053,10,24.02,7,0.0
12053,7,6.08,22,0.1
12054,14,105.59,27,0.25
12054,44,4.04,23,0.15
12054,9,39.18,2,0.1
12054,56,112.08,13,0.0
12055,24,22.74,38,0.0
12055,26,110.61,11,0.2
12055,61,107.37,18,0.15
12056,59,14.59,2,0.1
12056,50,72.69,22,0.2
12056,56,112.08,1,0.2
12056,12,89.54,15,0.0
12056,19,75.57,27,0.1
12057,48,28.3,18,0.0
12057,59,14.59,8,0.05
12058,32,31.76,34,0.1
12058,24,22.74,11,0.15
12058,20,117.05,33,0.2
12058,38,106.26,2,0.15
12059,70,50.15,26,0.0
12059,18,48.96,35,0.05
12059,47,32.85,39,0.2
12059,41,106.55,30,0.0
12059,14,105.59,22,0.0
12060,69,78.48,17,0.1
12060,14,105.59,19,0.05
12060,42,49.93,3,0.25
12060,35,47.29,16,0.25
12060,18,48.96,5,0.05
12061,58,31.83,21,0.0
12061,3,105.47,4,0.15
12061,25,102.77,31,0.0
12061,47,32.85,9,0.05
12061,76,77.31,17,0.1
12062,24,22.74,38,0.0
12063,29,93.83,24,0.25
12063,4,92.55,4,0.2
12063,23,46.01,12,0.25
12063,50,72.69,17,0.1
12063,75,9.19,15,0.25
12064,58,31.83,22,0.0
12064,38,106.26,23,0.1
12064,46,115.82,13,0.05
12064,66,117.42,37,0.25
12064,6,22.0,38,0.2
12065,41,106.55,6,0.0
12065,62,72.54,34,0.2
12065,39,107.46,6,0.05
12066,17,102.38,20,0.05
12066,15,92.23,28,0.2
12066,63,85.64,11,0.2
12067,47,32.85,15,0.2
12067,71,101.11,15,0.2
12067,16,95.15,40,0.25
12067,68,114.35,14,0.2
12067,63,85.64,38,0.05
12068,27,15.49,36,0.1
12068,70,50.15,5,0.1
12068,6,22.0,4,0.0
12069,44,4.04,17,0.15
12069,24,22.74,17,0.15
12069,13,52.5,38,0.15
12070,57,54.9,34,0.15
12070,4,92.55,38,0.15
12070,17,102.38,21,0.15
12070,64,47.33,35,0.1
12070,37,79.75,33,0.0
12071,61,107.37,15,0.05
12071,38,106.26,21,0.15
12072,61,107.37,7,0.1
12073,70,50.15,29,0.0
12073,46,115.82,9,0.1
12073,68,114.35,34,0.2
12073,18,48.96,17,0.15
12074,12,89.54,18,0.05
12074,61,107.37,4,0.2
12074,19,75.57,33,0.05
12074,26,110.61,34,0.15
12075,25,102.77,25,0.05
12076,21,79.15,21,0.15
12077,67,106.26,21,0.2
12077,31,38.95,26,0.2
12077,28,104.38,6,0.0
12078,57,54.9,38,0.15
12078,10,24.02,24,0.1
12078,26,110.61,24,0.15
12079,47,32.85,15,0.2
12079,34,47.7,32,0.0
12079,42,49.93,7,0.0
12079,67,106.26,40,0.15
12080,5,16.93,29,0.15
12081,6,22.0,40,0.15
12081,40,43.83,26,0.15
12082,38,106.26,36,0.2
12082,54,76.49,6,0.25
12082,8,94.05,35,0.25
12082,34,47.7,27,0.1
12082,13,52.5,32,0.1
12083,60,71.49,28,0.05
12083,23,46.01,27,0.1
12083,71,101.11,12,0.1
12084,34,47.7,38,0.25
12084,76,77.31,40,0.1
12084,25,102.77,23,0.25
12084,47,32.85,10,0.1
12084,15,92.23,22,0.2
12085,13,52.5,18,0.05
12085,60,71.49,38,0.1
12085,48,28.3,40,0.15
12085,12,89.54,5,0.25
12086,14,105.59,10,0.1
12086,2,88.95,22,0.25
12086,45,90.19,11,0.05
12086,70,50.15,26,0.0
12086,8,94.05,21,0.1
12087,38,106.26,8,0.0
12087,66,117.42,1,0.15
12088,21,79.15,1,0.15
12088,11,52.47,32,0.0
12088,20,117.05,1,0.1
12088,42,49.93,15,0.2
12089,19,75.57,14,0.0
12089,18,48.96,26,0.2
12090,8,94.05,32,0.0
12090,17,102.38,3,0.2
12090,24,22.74,34,0.1
12091,77,72.37,36,0.15
12092,8,94.05,13,0.25
12092,53,91.15,39,0.0
12092,5,16.93,14,0.05
12092,26,110.61,7,0.15
12093,35,47.29,25,0.05
12093,14,105.59,38,0.15
12094,37,79.75,10,0.05
12095,56,112.08,38,0.2
12095,39,107.46,2,0.25
12096,62,72.54,22,0.25
12096,2,88.95,18,0.0
12096,13,52.5,38,0.15
12097,76,77.31,28,0.25
12097,35,47.29,7,0.25
12098,21,79.15,32,0.1
12098,71,101.11,17,0.2
12099,43,44.88,6,0.2
12099,59,14.59,30,0.05
12100,27,15.49,39,0.2
12100,26,110.61,4,0.1
12100,53,91.15,34,0.15
12101,43,44.88,34,0.05
12101,34,47.7,2,0.1
12102,72,83.44,33,0.25
12102,17,102.38,35,0.15
12103,60,71.49,20,0.15
12103,35,47.29,37,0.25
12103,58,31.83,25,0.15
12103,54,76.49,27,0.25
12104,1,52.08,23,0.1
12104,44,4.04,27,0.25
12105,56,112.08,31,0.0
12105,23,46.01,24,0.25
12106,53,91.15,5,0.0
12107,8,94.05,39,0.0
12107,35,47.29,7,0.25
12107,29,93.83,29,0.15
12108,21,79.15,5,0.15
12108,31,38.95,12,0.1
12108,2,88.95,32,0.0
12108,26,110.61,33,0.25
12108,48,28.3,13,0.05
12109,36,105.7,15,0.25
12109,53,91.15,28,0.1
12109,75,9.19,39,0.15
12110,4,92.55,25,0.05
12110,50,72.69,3,0.15
12110,30,33.41,26,0.2
12110,28,104.38,16,0.0
12110,49,16.19,13,0.25
12111,11,52.47,30,0.25
12111,75,9.19,37,0.25
12111,12,89.54,15,0.0
12111,61,107.37,17,0.15
12112,42,49.93,30,0.0
12112,34,47.7,1,0.1
12112,47,32.85,40,0.2
12112,24,22.74,25,0.2
12113,66,117.42,18,0.2
12113,44,4.04,11,0.1
12113,64,47.33,17,0.15
12113,56,112.08,32,0.25
12113,69,78.48,7,0.25
12114,2,88.95,30,0.1
12114,41,106.55,2,0.15
12114,17,102.38,24,0.0
12115,22,38.34,13,0.05
12116,64,47.33,21,0.25
12116,77,72.37,30,0.2
12116,58,31.83,22,0.0
12116,46,115.82,22,0.2
12116,76,77.31,6,0.2
12117,48,28.3,20,0.0
12117,22,38.34,8,0.2
12117,18,48.96,14,0.1
12118,60,71.49,23,0.1
12118,49,16.19,9,0.15
12118,75,9.19,13,0.2
12119,2,88.95,6,0.2
12119,7,6.08,29,0.25
12119,29,93.83,23,0.05
12119,51,41.53,6,0.05
12119,38,106.26,16,0.2
12120,8,94.05,8,0.05
12120,15,92.23,23,0.2
12121,77,72.37,24,0.15
12121,70,50.15,39,0.2
12121,9,39.18,13,0.15
12122,21,79.15,16,0.25
12122,5,16.93,19,0.2
12123,60,71.49,27,0.15
12123,44,4.04,29,0.15
12123,4,92.55,20,0.2
12123,13,52.5,24,0.05
12124,45,90.19,1,0.25
12124,7,6.08,3,0.15
12124,12,89.54,22,0.25
12124,11,52.47,25,0.0
12125,58,31.83,36,0.1
12125,44,4.04,14,0.15
12125,48,28.3,34,0.15
12125,29,93.83,40,0.05
12126,30,33.41,4,0.2
12127,76,77.31,9,0.25
12128,60,71.49,32,0.2
12128,1,52.08,12,0.15
12128,77,72.37,21,0.25
12128,14,105.59,7,0.15
12128,65,67.59,15,0.2
12129,65,67.59,25,0.1
12129,31,38.95,27,0.15
12130,20,117.05,29,0.2
12131,60,71.49,36,0.2
12131,45,90.19,7,0.15
12131,20,117.05,29,0.25
12132,46,115.82,25,0.2
12132,66,117.42,22,0.05
12132,8,94.05,6,0.1
12133,13,52.5,3,0.05
12134,54,76.49,17,0.2
12135,25,102.77,19,0.0
12135,69,78.48,12,0.25
12135,8,94.05,21,0.2
12135,63,85.64,10,0.1
12136,42,49.93,35,0.05
12136,33,6.44,24,0.1
12136,21,79.15,9,0.1
12137,19,75.57,27,0.2
12137,36,105.7,14,0.15
12138,15,92.23,3,0.15
12138,37,79.75,5,0.0
12138,20,117.05,18,0.1
12138,71,101.11,37,0.05
12139,67,106.26,17,0.05
12139,48,28.3,20,0.15
12139,35,47.29,24,0.25
12139,3,105.47,28,0.0
12140,15,92.23,39,0.25
12140,23,46.01,22,0.1
12140,4,92.55,25,0.2
12141,75,9.19,9,0.25
12141,76,77.31,21,0.25
12142,1,52.08,38,0.1
12142,19,75.57,11,0.2
12143,21,79.15,17,0.0
12144,33,6.44,10,0.2
12145,27,15.49,34,0.1
12145,12,89.54,21,0.2
12145,63,85.64,23,0.1
12146,38,106.26,37,0.25
12146,43,44.88,23,0.0
12146,33,6.44,19,0.15
12147,1,52.08,29,0.15
12147,4,92.55,8,0.05
12147,7,6.08,28,0.15
12147,77,72.37,2,0.0
12147,50,72.69,38,0.15
12148,72,83.44,27,0.2
12149,25,102.77,8,0.05
12149,27,15.49,27,0.0
12149,67,106.26,20,0.05
12149,66,117.42,19,0.05
12150,73,84.89,26,0.1
12150,63,85.64,5,0.2
12150,66,117.42,36,0.05
12150,50,72.69,25,0.1
12151,66,117.42,11,0.05
12151,29,93.83,6,0.25
12152,59,14.59,6,0.1
12152,57,54.9,2,0.2
12152,68,114.35,18,0.25
12152,43,44.88,5,0.0
12153,48,28.3,30,0.15
12153,70,50.15,27,0.2
12153,42,49.93,29,0.2
12154,51,41.53,30,0.15
12154,57,54.9,40,0.25
12154,13,52.5,7,0.1
12154,14,105.59,31,0.1
12154,41,106.55,7,0.05
12155,61,107.37,32,0.25
12155,65,67.59,39,0.0
12155,3,105.47,29,0.15
12155,15,92.23,8,0.1
12156,16,95.15,32,0.0
12156,68,114.35,14,0.1
12156,49,16.19,28,0.0
12157,51,41.53,28,0.15
12157,8,94.05,29,0.1
12157,42,49.93,4,0.05
12157,68,114.35,15,0.0
12158,57,54.9,8,0.05
12158,38,106.26,24,0.0
12159,25,102.77,6,0.25
12159,50,72.69,38,0.15
12159,42,49.93,26,0.05
12159,13,52.5,12,0.2
12159,17,102.38,33,0.25
12160,39,107.46,18,0.0
12161,44,4.04,7,0.25
12161,42,49.93,9,0.0
12161,52,104.83,15,0.15
12161,2,88.95,4,0.15
12162,14,105.59,25,0.0
12162,50,72.69,28,0.05
12163,16,95.15,18,0.1
12163,15,92.23,22,0.1
12163,44,4.04,37,0.15
12164,20,117.05,21,0.15
12165,53,91.15,7,0.1
12165,72,83.44,26,0.05
12165,56,112.08,28,0.0
12165,8,94.05,7,0.15
12166,48,28.3,28,0.05
12166,4,92.55,19,0.05
12166,33,6.44,5,0.15
12166,35,47.29,39,0.1
12166,30,33.41,17,0.15
12167,21,79.15,22,0.1
12167,25,102.77,8,0.25
12168,13,52.5,17,0.1
12169,33,6.44,40,0.1
12169,72,83.44,13,0.05
12169,74,32.54,31,0.0
12169,51,41.53,28,0.0
12170,7,6.08,27,0.1
12170,46,115.82,28,0.25
12171,41,106.55,4,0.0
12171,3,105.47,24,0.2
12171,37,79.75,23,0.15
12172,33,6.44,10,0.15
12172,48,28.3,7,0.2
12172,32,31.76,7,0.05
12172,38,106.26,30,0.25
12173,55,6.73,1,0.05
12173,42,49.93,12,0.25
12173,61,107.37,25,0.05
12174,11,52.47,8,0.25
12174,19,75.57,31,0.1
12174,30,33.41,8,0.15
12174,22,38.34,39,0.25
12175,62,72.54,28,0.2
12175,77,72.37,5,0.2
12176,1,52.08,17,0.05
12176,57,54.9,14,0.2
12176,72,83.44,33,0.25
12177,58,31.83,22,0.25
12177,71,101.11,3,0.0
12177,16,95.15,40,0.1
12177,34,47.7,1,0.1
12178,23,46.01,14,0.25
12178,15,92.23,36,0.2
12179,3,105.47,34,0.15
12179,22,38.34,19,0.05
12179,10,24.02,7,0.1
12179,45,90.19,33,0.05
12180,44,4.04,19,0.2
12180,24,22.74,10,0.0
12180,34,47.7,5,0.05
12181,12,89.54,29,0.0
12182,26,110.61,4,0.0
12182,63,85.64,27,0.1
12183,44,4.04,21,0.1
12183,4,92.55,27,0.1
12183,28,104.38,14,0.15
12184,9,39.18,37,0.05
12184,10,24.02,18,0.1
12185,32,31.76,11,0.0
12186,64,47.33,5,0.15
12186,67,106.26,4,0.1
12187,37,79.75,2,0.1
12187,25,102.77,2,0.2
12187,52,104.83,16,0.15
12187,1,52.08,29,0.25
12187,23,46.01,1,0.25
12188,75,9.19,2,0.1
12189,63,85.64,22,0.2
12189,19,75.57,21,0.1
12190,20,117.05,28,0.0
12190,57,54.9,28,0.1
12190,66,117.42,15,0.1
12191,56,112.08,20,0.1
12192,65,67.59,12,0.25
12192,60,71.49,6,0.05
12192,57,54.9,29,0.25
12193,16,95.15,6,0.05
12193,15,92.23,4,0.25
12194,32,31.76,21,0.25
12194,47,32.85,36,0.2
12195,13,52.5,17,0.0
12196,77,72.37,31,0.05
12196,65,67.59,12,0.05
12196,32,31.76,23,0.05
12196,54,76.49,16,0.1
12197,23,46.01,17,0.0
12197,66,117.42,1,0.15
12198,77,72.37,22,0.0
12198,11,52.47,19,0.15
12198,13,52.5,16,0.15
12199,21,79.15,15,0.25
12199,70,50.15,22,0.1
12199,22,38.34,21,0.1
12199,41,106.55,6,0.25
12200,45,90.19,30,0.2
12200,41,106.55,27,0.0
12200,31,38.95,29,0.05
12201,22,38.34,18,0.05
12201,16,95.15,10,0.25
12201,27,15.49,11,0.05
12201,29,93.83,2,0.25
12202,50,72.69,20,0.2
12202,58,31.83,30,0.15
12202,6,22.0,18,0.25
12202,18,48.96,35,0.2
12202,48,28.3,20,0.0
12203,68,114.35,24,0.25
12204,58,31.83,40,0.25
12204,70,50.15,7,0.0
12204,21,79.15,11,0.15
12204,11,52.47,14,0.05
12204,64,47.33,13,0.25
12205,68,114.35,21,0.1
12205,36,105.7,11,0.25
12205,34,47.7,19,0.1
12205,39,107.46,39,0.15
12206,68,114.35,40,0.0
12206,4,92.55,24,0.15
12206,59,14.59,30,0.1
12206,41,106.55,20,0.25
12207,31,38.95,3,0.0
12207,71,101.11,33,0.25
12207,37,79.75,28,0.15
12208,12,89.54,38,0.0
12208,24,22.74,16,0.2
12209,70,50.15,28,0.25
12209,29,93.83,26,0.2
12209,77,72.37,3,0.2
12209,42,49.93,23,0.05
12210,45,90.19,31,0.0
12210,14,105.59,40,0.05
12210,49,16.19,2,0.2
12210,59,14.59,22,0.25
12211,37,79.75,19,0.1
12212,59,14.59,8,0.15
12212,51,41.53,36,0.05
12212,48,28.3,27,0.2
12212,44,4.04,15,0.2
12212,64,47.33,15,0.0
12213,21,79.15,17,0.05
12213,28,104.38,13,0.0
12214,10,24.02,12,0.15
12214,56,112.08,29,0.15
12215,29,93.83,14,0.2
12215,17,102.38,21,0.0
12215,14,105.59,25,0.1
12215,15,92.23,38,0.0
12215,37,79.75,18,0.2
12216,20,117.05,2,0.2
12216,10,24.02,8,0.1
12216,8,94.05,30,0.25
12217,74,32.54,14,0.05
12217,72,83.44,6,0.1
12217,16,95.15,26,0.25
12217,56,112.08,1,0.1
12218,10,24.02,35,0.1
12219,23,46.01,5,0.2
12219,55,6.73,31,0.1
12219,57,54.9,37,0.0
12219,72,83.44,25,0.25
12220,74,32.54,37,0.2
12220,77,72.37,23,0.1
12221,51,41.53,10,0.0
12221,32,31.76,18,0.2
12222,6,22.0,1,0.0
12222,18,48.96,4,0.1
12222,59,14.59,35,0.15
12222,77,72.37,22,0.1
12222,63,85.64,34,0.1
12223,71,101.11,37,0.25
12223,68,114.35,21,0.15
12223,15,92.23,35,0.0
12224,14,105.59,33,0.1
12224,4,92.55,16,0.15
12224,71,101.11,40,0.2
12224,1,52.08,32,0.2
12225,9,39.18,1,0.15
12226,73,84.89,35,0.1
12226,51,41.53,6,0.05
12227,61,107.37,14,0.0
12228,25,102.77,8,0.15
12228,39,107.46,21,0.2
12229,39,107.46,32,0.1
12229,22,38.34,6,0.0
12229,25,102.77,4,0.2
12229,23,46.01,9,0.25
12230,35,47.29,11,0.05
12230,20,117.05,3,0.0
12231,27,15.49,1,0.05
12231,23,46.01,10,0.25
12231,8,94.05,26,0.1
12232,42,49.93,16,0.1
12232,52,104.83,27,0.25
12232,25,102.77,27,0.15
12233,25,102.77,10,0.2
12233,5,16.93,15,0.0
12233,53,91.15,30,0.1
12233,41,106.55,18,0.1
12234,19,75.57,40,0.2
12234,38,106.26,20,0.2
12234,17,102.38,13,0.25
12234,56,112.08,5,0.2
12235,75,9.19,37,0.15
12235,73,84.89,25,0.0
12235,24,22.74,8,0.2
12235,12,89.54,30,0.0
12236,40,43.83,25,0.2
12236,12,89.54,24,0.0
12236,76,77.31,15,0.1
12236,9,39.18,27,0.15
12237,76,77.31,31,0.15
12237,62,72.54,6,0.05
12237,44,4.04,18,0.15
12238,56,112.08,2,0.15
12238,3,105.47,25,0.15
12239,9,39.18,3,0.0
12239,63,85.64,14,0.15
12239,4,92.55,4,0.0
12239,6,22.0,35,0.2
12239,71,101.11,1,0.2
12240,13,52.5,15,0.05
12240,56,112.08,6,0.05
12241,2,88.95,19,0.25
12241,47,32.85,29,0.15
12242,15,92.23,34,0.0
12242,67,106.26,16,0.25
12242,21,79.15,29,0.25
12242,64,47.33,4,0.1
12242,71,101.11,33,0.25
12243,3,105.47,19,0.15
12244,58,31.83,1,0.2
12244,15,92.23,34,0.25
12244,9,39.18,19,0.15
12244,24,22.74,30,0.15
12244,55,6.73,31,0.1
12245,61,107.37,39,0.25
12245,3,105.47,9,0.25
12246,8,94.05,25,0.1
12246,33,6.44,6,0.15
12247,57,54.9,40,0.05
12247,39,107.46,8,0.25
12248,2,88.95,6,0.2
12248,66,117.42,22,0.15
12248,15,92.23,21,0.0
12248,20,117.05,34,0.05
12248,37,79.75,4,0.15
12249,4,92.55,26,0.25
12250,41,106.55,13,0.15
12250,72,83.44,7,0.0
12250,31,38.95,13,0.2
12251,13,52.5,29,0.2
12252,2,88.95,25,0.2
12253,55,6.73,9,0.25
12253,5,16.93,14,0.2
12253,48,28.3,19,0.15
12253,19,75.57,3,0.0
12254,49,16.19,33,0.0
12254,24,22.74,9,0.2
12254,28,104.38,27,0.25
12254,68,114.35,35,0.1
12254,23,46.01,14,0.1
12255,43,44.88,24,0.05
12255,3,105.47,6,0.0
12255,50,72.69,31,0.2
12255,40,43.83,1,0.2
12255,42,49.93,11,0.0
12256,27,15.49,8,0.05
12256,49,16.19,20,0.1
12256,56,112.08,16,0.1
12256,29,93.83,3,0.05
12256,26,110.61,16,0.15
12257,73,84.89,4,0.15
12257,51,41.53,12,0.25
12257,43,44.88,39,0.0
12257,11,52.47,16,0.25
12258,11,52.47,30,0.2
12258,25,102.77,5,0.15
12258,5,16.93,20,0.25
12259,53,91.15,11,0.2
12259,11,52.47,25,0.0
12260,46,115.82,29,0.2
12260,19,75.57,1,0.15
12260,5,16.93,13,0.1
12260,27,15.49,31,0.25
12260,50,72.69,29,0.1
12261,11,52.47,26,0.25
12261,36,105.7,36,0.2
12262,44,4.04,14,0.1
12263,47,32.85,8,0.15
12264,34,47.7,32,0.15
12265,56,112.08,2,0.05
12265,69,78.48,39,0.2
12265,60,71.49,18,0.15
12265,29,93.83,12,0.15
12265,31,38.95,22,0.15
12266,69,78.48,16,0.05
12267,60,71.49,17,0.0
12267,17,102.38,35,0.05
12267,62,72.54,25,0.25
12267,35,47.29,30,0.25
12267,48,28.3,7,0.25
12268,1,52.08,13,0.1
12268,17,102.38,4,0.15
12269,9,39.18,29,0.15
12270,67,106.26,29,0.15
12270,11,52.47,14,0.0
12271,25,102.77,10,0.2
12271,43,44.88,27,0.25
12271,63,85.64,17,0.0
12271,28,104.38,13,0.15
12271,3,105.47,26,0.15
12272,8,94.05,24,0.0
12272,18,48.96,25,0.15
12273,38,106.26,17,0.2
12273,18,48.96,30,0.0
12274,52,104.83,37,0.25
12274,23,46.01,11,0.15
12274,37,79.75,7,0.15
12274,6,22.0,26,0.25
12275,28,104.38,36,0.1
12275,38,106.26,23,0.2
12276,37,79.75,9,0.25
12276,48,28.3,13,0.2
12276,23,46.01,4,0.1
12277,14,105.59,16,0.05
12277,27,15.49,24,0.15
12277,23,46.01,39,0.05
12278,76,77.31,24,0.15
12278,29,93.83,15,0.1
12278,64,47.33,15,0.05
12279,40,43.83,33,0.25
12279,71,101.11,6,0.15
12280,19,75.57,3,0.15
12280,21,79.15,8,0.1
12280,52,104.83,19,0.25
12281,6,22.0,4,0.2
12281,46,115.82,20,0.2
12281,33,6.44,3,0.1
12281,66,117.42,37,0.15
12281,75,9.19,23,0.2
12282,63,85.64,20,0.2
12282,3,105.47,36,0.1
12282,4,92.55,38,0.1
12282,15,92.23,12,0.1
12283,4,92.55,19,0.0
12283,71,101.11,37,0.05
12283,16,95.15,2,0.05
12283,32,31.76,40,0.15
12284,62,72.54,7,0.2
12285,62,72.54,2,0.05
12285,33,6.44,19,0.1
12286,43,44.88,17,0.05
12286,12,89.54,10,0.2
12287,21,79.15,18,0.0
12287,65,67.59,35,0.0
12287,14,105.59,30,0.0
12288,43,44.88,6,0.1
12288,6,22.0,35,0.0
12288,61,107.37,26,0.15
12288,70,50.15,27,0.0
12289,54,76.49,33,0.05
12289,55,6.73,21,0.15
12290,67,106.26,38,0.15
12291,42,49.93,15,0.1
12291,37,79.75,13,0.1
12291,17,102.38,26,0.05
12291,4,92.55,28,0.25
12291,38,106.26,3,0.05
12292,56,112.08,25,0.05
12292,54,76.49,33,0.2
12292,57,54.9,38,0.05
12292,17,102.38,4,0.05
12293,12,89.54,33,0.0
12293,13,52.5,31,0.05
12293,61,107.37,30,0.0
12294,4,92.55,18,0.05
12295,52,104.83,7,0.15
12295,35,47.29,36,0.25
12295,58,31.83,8,0.25
12295,60,71.49,24,0.15
12295,56,112.08,34,0.2
12296,69,78.48,21,0.25
12296,6,22.0,24,0.25
12296,50,72.69,31,0.0
12296,15,92.23,13,0.15
12296,1,52.08,27,0.15
12297,17,102.38,27,0.1
12297,36,105.7,13,0.0
12297,55,6.73,35,0.2
12298,52,104.83,34,0.2
12298,48,28.3,15,0.2
12299,16,95.15,40,0.15
12299,56,112.08,24,0.05
12299,71,101.11,15,0.15
12299,21,79.15,25,0.0
12300,37,79.75,14,0.2
12300,18,48.96,6,0.15
12300,61,107.37,32,0.0
12301,19,75.57,31,0.2
12301,59,14.59,2,0.0
12301,41,106.55,22,0.2
12301,21,79.15,17,0.1
12302,34,47.7,29,0.1
12302,66,117.42,34,0.15
12303,54,76.49,14,0.1
12303,27,15.49,22,0.15
12303,4,92.55,39,0.0
12304,17,102.38,17,0.05
12304,19,75.57,9,0.0
12305,26,110.61,10,0.1
12305,71,101.11,30,0.1
12306,70,50.15,22,0.0
12306,62,72.54,30,0.0
12307,17,102.38,14,0.05
12307,24,22.74,5,0.05
12307,48,28.3,33,0.05
12307,60,71.49,34,0.05
12307,25,102.77,37,0.2
12308,47,32.85,2,0.05
12309,61,107.37,34,0.15
12309,52,104.83,38,0.0
12309,60,71.49,2,0.05
12309,4,92.55,12,0.0
12309,42,49.93,1,0.15
12310,37,79.75,38,0.1
12310,31,38.95,13,0.2
12310,7,6.08,17,0.25
12310,22,38.34,9,0.0
12311,41,106.55,27,0.15
12312,30,33.41,11,0.15
12313,55,6.73,6,0.25
12313,3,105.47,15,0.2
12313,16,95.15,6,0.0
12313,11,52.47,17,0.15
12314,10,24.02,16,0.0
12315,15,92.23,15,0.2
12315,58,31.83,40,0.25
12315,55,6.73,3,0.1
12315,14,105.59,9,0.25
12315,12,89.54,11,0.25
12316,50,72.69,35,0.0
12316,58,31.83,38,0.15
12317,40,43.83,26,0.05
12317,69,78.48,15,0.25
12317,2,88.95,26,0.1
12317,58,31.83,1,0.2
12317,53,91.15,19,0.05
12318,7,6.08,28,0.1
12319,67,106.26,8,0.05
12319,27,15.49,28,0.25
12319,17,102.38,5,0.05
12319,6,22.0,28,0.15
12320,3,105.47,3,0.05
12320,55,6.73,9,0.2
12320,49,16.19,36,0.2
12321,35,47.29,27,0.1
12321,53,91.15,31,0.2
12321,41,106.55,25,0.0
12322,72,83.44,5,0.15
12322,6,22.0,11,0.1
12323,40,43.83,28,0.15
12323,25,102.77,38,0.0
12324,40,43.83,5,0.05
12324,18,48.96,9,0.25
12325,68,114.35,33,0.2
12325,49,16.19,12,0.0
12326,50,72.69,24,0.25
12327,64,47.33,4,0.1
12327,18,48.96,12,0.1
12327,51,41.53,30,0.0
12328,12,89.54,11,0.2
12329,3,105.47,38,0.0
12330,71,101.11,21,0.1
12331,46,115.82,20,0.15
12331,60,71.49,22,0.2
12331,64,47.33,3,0.05
12332,28,104.38,12,0.0
12332,53,91.15,22,0.2
12332,51,41.53,2,0.1
12332,48,28.3,10,0.1
12332,9,39.18,3,0.15
12333,76,77.31,1,0.2
12333,73,84.89,39,0.2
12334,34,47.7,31,0.2
12334,70,50.15,7,0.1
12334,27,15.49,7,0.0
12335,74,32.54,19,0.0
12335,48,28.3,15,0.0
12335,32,31.76,18,0.0
12335,34,47.7,21,0.05
12336,3,105.47,9,0.1
12336,17,102.38,23,0.15
12336,73,84.89,38,0.2
12336,55,6.73,19,0.0
12336,44,4.04,21,0.25
12337,40,43.83,5,0.15
12337,24,22.74,25,0.1
12337,77,72.37,28,0.2
12337,12,89.54,31,0.25
12338,61,107.37,5,0.2
12338,38,106.26,20,0.2
12338,20,117.05,29,0.2
12339,40,43.83,30,0.05
12339,29,93.83,2,0.0
12340,76,77.31,29,0.2
12340,43,44.88,13,0.25
12340,3,105.47,32,0.1
12341,71,101.11,5,0.1
12341,77,72.37,26,0.0
12341,62,72.54,26,0.2
12341,55,6.73,13,0.1
12341,67,106.26,10,0.05
12342,16,95.15,28,0.2
12342,32,31.76,8,0.05
12342,75,9.19,27,0.2
12342,25,102.77,23,0.2
12342,76,77.31,31,0.25
12343,42,49.93,13,0.1
12343,39,107.46,29,0.1
12343,5,16.93,24,0.15
12343,53,91.15,13,0.1
12344,10,24.02,2,0.0
12344,53,91.15,19,0.25
12345,53,91.15,25,0.05
12345,19,75.57,24,0.25
12346,10,24.02,24,0.2
12346,13,52.5,28,0.25
12346,60,71.49,37,0.05
12346,66,117.42,24,0.1
12347,77,72.37,38,0.05
12347,8,94.05,37,0.2
12347,56,112.08,29,0.1
12348,14,105.59,10,0.15
12348,51,41.53,1,0.15
12348,42,49.93,37,0.2
12349,38,106.26,15,0.0
12349,28,104.38,17,0.15
12349,61,107.37,30,0.1
12349,56,112.08,2,0.15
12349,40,43.83,3,0.05
12350,50,72.69,11,0.1
12351,60,71.49,36,0.25
12352,42,49.93,25,0.15
12353,68,114.35,14,0.05
12353,53,91.15,26,0.05
12354,34,47.7,1,0.05
12354,71,101.11,33,0.0
12355,66,117.42,21,0.2
12355,1,52.08,28,0.05
12356,19,75.57,5,0.1
12356,23,46.01,39,0.25
12356,29,93.83,32,0.25
12357,62,72.54,27,0.15
12357,73,84.89,7,0.15
12358,43,44.88,1,0.0
12358,62,72.54,3,0.0
12358,38,106.26,1,0.25
12358,14,105.59,19,0.05
12358,30,33.41,16,0.0
12359,77,72.37,16,0.05
12359,10,24.02,1,0.15
12359,32,31.76,13,0.05
12359,7,6.08,5,0.15
12360,20,117.05,13,0.05
12360,61,107.37,19,0.0
12360,68,114.35,29,0.2
12360,22,38.34,16,0.25
12360,65,67.59,23,0.2
12361,25,102.77,25,0.2
12362,37,79.75,24,0.05
12362,57,54.9,9,0.2
12362,74,32.54,33,0.2
12362,71,101.11,25,0.05
12362,11,52.47,38,0.25
12363,18,48.96,26,0.05
12363,5,16.93,22,0.25
12364,59,14.59,20,0.2
12364,26,110.61,25,0.2
12365,5,16.93,40,0.1
12365,37,79.75,23,0.15
12365,47,32.85,17,0.25
12365,21,79.15,34,0.05
12366,16,95.15,34,0.15
12366,10,24.02,24,0.1
12366,45,90.19,22,0.25
12366,77,72.37,8,0.1
12366,1,52.08,2,0.0
12367,6,22.0,22,0.05
12367,39,107.46,37,0.15
12367,65,67.59,29,0.25
12367,31,38.95,21,0.15
12367,57,54.9,21,0.2
12368,10,24.02,13,0.2
12368,1,52.08,1,0.25
12368,37,79.75,39,0.05
12368,63,85.64,13,0.1
12369,20,117.05,32,0.2
12369,19,75.57,38,0.1
12369,3,105.47,8,0.25
12369,41,106.55,32,0.15
12369,56,112.08,22,0.0
12370,65,67.59,29,0.05
12370,70,50.15,38,0.0
12370,15,92.23,4,0.25
12370,41,106.55,38,0.15
12371,31,38.95,12,0.2
12371,52,104.83,31,0.1
12372,65,67.59,40,0.1
12372,61,107.37,20,0.1
12372,17,102.38,17,0.1
12372,25,102.77,22,0.15
12372,34,47.7,3,0.2
12373,65,67.59,38,0.2
12374,49,16.19,27,0.1
12374,10,24.02,38,0.0
12375,73,84.89,28,0.15
12376,3,105.47,35,0.25
12377,74,32.54,15,0.1
12377,8,94.05,24,0.05
12377,21,79.15,17,0.2
12377,26,110.61,31,0.05
12377,43,44.88,36,0.0
12378,37,79.75,7,0.15
12378,51,41.53,14,0.2
12378,54,76.49,11,0.1
12379,24,22.74,11,0.0
12380,62,72.54,7,0.05
12381,24,22.74,7,0.1
12381,52,104.83,8,0.0
12382,60,71.49,31,0.05
12383,30,33.41,14,0.25
12383,77,72.37,1,0.1
12383,41,106.55,28,0.05
12383,58,31.83,4,0.25
12383,2,88.95,2,0.25
12384,21,79.15,16,0.1
12385,37,79.75,7,0.25
12385,3,105.47,9,0.2
12386,36,105.7,23,0.2
12386,73,84.89,38,0.15
12386,52,104.83,35,0.25
12386,19,75.57,5,0.2
12386,20,117.05,35,0.2
12387,15,92.23,24,0.25
12387,40,43.83,31,0.1
12388,45,90.19,6,0.15
12388,31,38.95,9,0.0
12389,70,50.15,26,0.2
12390,39,107.46,20,0.1
12390,69,78.48,20,0.05
12391,42,49.93,32,0.0
12391,69,78.48,27,0.2
12391,48,28.3,22,0.25
12392,19,75.57,26,0.15
12392,72,83.44,11,0.05
12393,39,107.46,14,0.15
12393,7,6.08,3,0.2
12394,37,79.75,7,0.15
12394,55,6.73,25,0.2
12394,34,47.7,35,0.2
12394,11,52.47,19,0.0
12395,38,106.26,2,0.15
12395,1,52.08,32,0.15
12396,44,4.04,30,0.0
12396,74,32.54,30,0.25
12396,21,79.15,14,0.2
12396,42,49.93,33,0.1
12396,30,33.41,17,0.25
12397,1,52.08,12,0.1
12397,69,78.48,24,0.0
12397,18,48.96,33,0.2
12397,40,43.83,13,0.0
12397,63,85.64,35,0.25
12398,21,79.15,12,0.2
12398,53,91.15,40,0.05
12398,25,102.77,25,0.25
12399,71,101.11,22,0.25
12399,31,38.95,29,0.15
12400,40,43.83,2,0.15
12401,23,46.01,37,0.0
12401,16,95.15,14,0.25
12402,68,114.35,18,0.15
12402,42,49.93,2,0.15
12402,44,4.04,7,0.05
12402,19,75.57,39,0.0
12403,75,9.19,25,0.1
12404,28,104.38,5,0.15
12404,50,72.69,12,0.2
12404,63,85.64,12,0.1
12405,49,16.19,10,0.0
12405,32,31.76,24,0.2
12406,58,31.83,32,0.05
12406,56,112.08,16,0.25
12406,26,110.61,26,0.2
12406,23,46.01,2,0.0
12406,27,15.49,1,0.1
12407,31,38.95,27,0.1
12407,10,24.02,1,0.1
12407,70,50.15,7,0.2
12408,68,114.35,32,0.15
12409,56,112.08,33,0.15
12409,64,47.33,33,0.15
12409,59,14.59,32,0.0
12409,34,47.7,28,0.25
12410,31,38.95,5,0.1
12410,63,85.64,34,0.05
12410,28,104.38,33,0.1
12410,43,44.88,32,0.0
12411,27,15.49,1,0.25
12411,56,112.08,36,0.0
12411,64,47.33,31,0.2
12412,31,38.95,15,0.15
12412,32,31.76,35,0.25
12412,4,92.55,35,0.1
12412,48,28.3,23,0.0
12412,46,115.82,33,0.1
12413,52,104.83,25,0.1
12414,23,46.01,30,0.15
12414,15,92.23,12,0.15
12414,62,72.54,33,0.0
12414,6,22.0,19,0.2
12415,56,112.08,34,0.05
12416,64,47.33,6,0.0
12416,51,41.53,25,0.1
12416,46,115.82,18,0.15
12417,54,76.49,4,0.25
12417,33,6.44,24,0.25
12417,11,52.47,35,0.1
12417,6,22.0,39,0.25
12417,39,107.46,29,0.1
12418,10,24.02,14,0.15
12418,69,78.48,31,0.1
12418,67,106.26,27,0.15
12418,68,114.35,34,0.05
12419,9,39.18,29,0.2
12419,73,84.89,22,0.25
12420,72,83.44,23,0.15
12420,9,39.18,6,0.15
12420,3,105.47,11,0.0
12420,30,33.41,39,0.2
12421,7,6.08,40,0.25
12421,50,72.69,35,0.15
12422,53,91.15,24,0.2
12422,44,4.04,11,0.2
12422,62,72.54,15,0.0
12422,16,95.15,24,0.0
12422,17,102.38,3,0.2
12423,43,44.88,11,0.15
12423,71,101.11,14,0.15
12423,41,106.55,5,0.0
12423,9,39.18,18,0.2
12424,54,76.49,33,0.05
12425,18,48.96,31,0.0
12426,47,32.85,25,0.0
12426,18,48.96,32,0.1
12426,36,105.7,15,0.2
12427,63,85.64,1,0.0
12427,50,72.69,26,0.15
12428,50,72.69,13,0.25
12428,16,95.15,38,0.1
12428,49,16.19,24,0.15
12429,48,28.3,32,0.2
12429,38,106.26,18,0.2
12429,61,107.37,4,0.2
12430,7,6.08,7,0.15
12430,12,89.54,7,0.05
12431,51,41.53,26,0.25
12431,17,102.38,8,0.2
12431,8,94.05,1,0.0
12432,23,46.01,40,0.25
12432,21,79.15,21,0.1
12432,69,78.48,35,0.0
12432,66,117.42,3,0.0
12432,31,38.95,39,0.25
12433,17,102.38,20,0.2
12433,6,22.0,7,0.2
12433,41,106.55,26,0.05
12433,5,16.93,37,0.05
12434,23,46.01,12,0.25
12434,59,14.59,5,0.15
12434,75,9.19,28,0.15
12435,64,47.33,6,0.25
12435,75,9.19,21,0.25
12435,11,52.47,29,0.0
12436,37,79.75,9,0.15
12436,32,31.76,20,0.1
12436,15,92.23,21,0.1
12437,20,117.05,7,0.05
12438,76,77.31,32,0.05
12439,34,47.7,18,0.0
12439,13,52.5,37,0.15
12440,42,49.93,32,0.15
12440,41,106.55,30,0.2
12440,68,114.35,14,0.1
12441,73,84.89,24,0.1
12441,7,6.08,34,0.05
12441,60,71.49,15,0.05
12442,13,52.5,37,0.2
12442,27,15.49,2,0.2
12442,65,67.59,23,0.15
12442,11,52.47,1,0.25
12442,41,106.55,1,0.25
12443,27,15.49,38,0.25
12444,32,31.76,15,0.2
12444,74,32.54,10,0.0
12445,67,106.26,37,0.0
12445,65,67.59,30,0.15
12445,15,92.23,29,0.05
12446,45,90.19,2,0.0
12446,24,22.74,5,0.2
12447,25,102.77,32,0.2
12447,63,85.64,40,0.2
12447,61,107.37,21,0.1
12448,26,110.61,8,0.0
12449,6,22.0,21,0.2
12449,73,84.89,25,0.2
12449,38,106.26,40,0.2
12449,25,102.77,30,0.05
12450,28,104.38,27,0.05
12451,6,22.0,21,0.25
12451,55,6.73,30,0.1
12451,10,24.02,26,0.05
12452,17,102.38,26,0.2
12452,43,44.88,13,0.0
12452,54,76.49,14,0.1
12453,32,31.76,32,0.05
12453,39,107.46,20,0.25
12453,61,107.37,26,0.2
12453,53,91.15,20,0.25
12453,26,110.61,4,0.15
12454,36,105.7,1,0.15
12454,21,79.15,21,0.1
12455,35,47.29,34,0.1
12455,69,78.48,34,0.0
12456,32,31.76,16,0.1
12456,57,54.9,3,0.2
12456,46,115.82,32,0.0
12456,12,89.54,16,0.1
12457,9,39.18,5,0.2
12457,64,47.33,25,0.05
12457,38,106.26,16,0.0
12457,1,52.08,37,0.1
12457,57,54.9,26,0.05
12458,65,67.59,38,0.25
12458,71,101.11,16,0.15
12458,29,93.83,40,0.15
12458,37,79.75,13,0.25
12459,65,67.59,17,0.25
12459,53,91.15,11,0.1
12459,59,14.59,40,0.15
12459,23,46.01,19,0.0
12460,68,114.35,24,0.15
12460,63,85.64,35,0.25
12460,59,14.59,37,0.0
12461,75,9.19,22,0.2
12461,19,75.57,27,0.05
12461,46,115.82,19,0.1
12461,2,88.95,8,0.0
12461,38,106.26,22,0.1
12462,68,114.35,37,0.1
12463,73,84.89,35,0.25
12463,29,93.83,21,0.05
12463,53,91.15,37,0.0
12463,24,22.74,39,0.15
12464,36,105.7,24,0.25
12464,2,88.95,10,0.25
12464,26,110.61,28,0.15
12464,64,47.33,17,0.25
12464,53,91.15,23,0.05
12465,76,77.31,10,0.2
12466,25,102.77,31,0.05
12466,63,85.64,16,0.0
12467,11,52.47,35,0.05
12468,36,105.7,27,0.05
12468,9,39.18,23,0.2
12468,74,32.54,34,0.15
12468,60,71.49,11,0.2
12469,14,105.59,22,0.1
12470,12,89.54,29,0.05
12470,8,94.05,19,0.15
12470,72,83.44,11,0.25
12471,66,117.42,33,0.1
12471,13,52.5,30,0.05
12471,64,47.33,27,0.0
12472,30,33.41,39,0.2
12472,5,16.93,18,0.0
12472,7,6.08,1,0.15
12472,57,54.9,3,0.15
12473,44,4.04,29,0.1
12473,4,92.55,16,0.1
12473,43,44.88,16,0.1
12474,9,39.18,26,0.25
12474,51,41.53,31,0.15
12474,69,78.48,30,0.25
12474,21,79.15,39,0.25
12474,64,47.33,38,0.1
12475,7,6.08,30,0.2
12475,1,52.08,22,0.0
12475,38,106.26,23,0.2
12476,13,52.5,26,0.0
12476,29,93.83,10,0.05
12476,19,75.57,37,0.2
12476,55,6.73,22,0.25
12477,37,79.75,37,0.2
12477,54,76.49,35,0.0
12477,63,85.64,4,0.15
12477,6,22.0,38,0.0
12477,52,104.83,28,0.25
12478,54,76.49,22,0.0
12478,44,4.04,37,0.2
12479,40,43.83,31,0.1
12479,29,93.83,23,0.15
12479,1,52.08,21,0.05
12479,35,47.29,19,0.0
12480,14,105.59,15,0.0
12480,58,31.83,16,0.05
12480,64,47.33,31,0.2
12480,22,38.34,6,0.15
12480,15,92.23,9,0.0
12481,42,49.93,5,0.1
12482,42,49.93,21,0.15
12482,27,15.49,21,0.05
12482,8,94.05,37,0.25
12483,70,50.15,4,0.1
12483,21,79.15,38,0.0
12483,35,47.29,3,0.1
12483,29,93.83,39,0.1
12484,22,38.34,31,0.25
12484,45,90.19,28,0.0
12484,11,52.47,7,0.0
12485,48,28.3,3,0.25
12485,45,90.19,36,0.15
12485,15,92.23,35,0.1
12485,19,75.57,21,0.0
12485,9,39.18,38,0.1
12486,34,47.7,2,0.15
12486,13,52.5,39,0.15
12486,63,85.64,39,0.15
12486,39,107.46,7,0.15
12487,27,15.49,10,0.15
12487,6,22.0,40,0.05
12487,16,95.15,22,0.2
12488,41,106.55,28,0.2
12489,2,88.95,21,0.1
12490,50,72.69,1,0.15
12491,40,43.83,15,0.05
12492,36,105.7,8,0.2
12492,52,104.83,29,0.2
12492,13,52.5,39,0.25
12493,60,71.49,15,0.05
12493,16,95.15,28,0.1
12494,60,71.49,23,0.15
12494,67,106.26,20,0.25
12494,22,38.34,28,0.2
12494,41,106.55,29,0.0
12494,26,110.61,37,0.05
12495,12,89.54,2,0.0
12495,74,32.54,38,0.15
12496,36,105.7,21,0.25
12496,66,117.42,32,0.1
12496,37,79.75,22,0.0
12497,12,89.54,12,0.05
12497,77,72.37,29,0.05
12497,47,32.85,18,0.25
12497,25,102.77,40,0.05
12497,53,91.15,26,0.05
12498,73,84.89,9,0.15
12499,13,52.5,8,0.25
12500,68,114.35,18,0.05
12500,64,47.33,17,0.2
12500,18,48.96,3,0.2
12501,39,107.46,1,0.05
12502,1,52.08,9,0.2
12502,61,107.37,32,0.15
12503,33,6.44,39,0.0
12503,46,115.82,11,0.15
12503,72,83.44,18,0.25
12503,6,22.0,35,0.0
12503,49,16.19,4,0.1
12504,41,106.55,13,0.25
12504,30,33.41,39,0.2
12504,27,15.49,20,0.05
12504,53,91.15,13,0.2
12505,34,47.7,14,0.15
12505,33,6.44,21,0.25
12505,65,67.59,30,0.2
12505,67,106.26,5,0.05
12505,70,50.15,7,0.1
12506,54,76.49,3,0.05
12506,32,31.76,8,0.05
12506,76,77.31,35,0.1
12506,58,31.83,11,0.2
12507,37,79.75,19,0.25
12508,69,78.48,37,0.15
12508,63,85.64,19,0.2
12508,49,16.19,12,0.05
12508,25,102.77,17,0.2
12509,5,16.93,9,0.2
12510,26,110.61,1,0.2
12510,5,16.93,28,0.05
12510,30,33.41,3,0.05
12510,45,90.19,8,0.1
12510,51,41.53,26,0.1
12511,3,105.47,7,0.1
12511,8,94.05,15,0.0
12511,11,52.47,15,0.1
12511,54,76.49,12,0.15
12512,14,105.59,28,0.1
12512,31,38.95,4,0.2
12512,41,106.55,8,0.25
12512,6,22.0,2,0.25
12513,59,14.59,9,0.05
12513,30,33.41,5,0.1
12513,69,78.48,1,0.25
12513,75,9.19,24,0.25
12513,50,72.69,2,0.1
12514,47,32.85,30,0.15
12514,69,78.48,18,0.1
12514,13,52.5,7,0.15
12515,46,115.82,37,0.2
12515,28,104.38,20,0.0
12516,9,39.18,5,0.25
12516,77,72.37,10,0.15
12516,69,78.48,17,0.15
12517,25,102.77,40,0.05
12517,2,88.95,21,0.2
12518,30,33.41,5,0.1
12518,48,28.3,11,0.15
12518,17,102.38,27,0.25
12518,3,105.47,6,0.15
12518,69,78.48,20,0.15
12519,67,106.26,4,0.05
12520,59,14.59,32,0.15
12520,29,93.83,17,0.25
12520,63,85.64,37,0.15
12520,2,88.95,39,0.15
12520,61,107.37,8,0.15
12521,20,117.05,7,0.25
12521,29,93.83,15,0.2
12521,8,94.05,37,0.25
12522,51,41.53,26,0.0
12522,43,44.88,27,0.1
12522,19,75.57,11,0.15
12522,71,101.11,36,0.2
12522,66,117.42,2,0.05
12523,5,16.93,8,0.1
12523,55,6.73,40,0.2
12523,2,88.95,1,0.2
12524,11,52.47,6,0.05
12524,15,92.23,35,0.15
12524,43,44.88,32,0.05
12524,42,49.93,13,0.2
12525,67,106.26,13,0.1
12525,35,47.29,4,0.05
12525,62,72.54,1,0.15
12526,44,4.04,8,0.15
12526,57,54.9,6,0.15
12526,60,71.49,37,0.15
12526,3,105.47,9,0.15
12527,38,106.26,30,0.05
12528,52,104.83,23,0.2
12529,39,107.46,23,0.15
12530,51,41.53,33,0.25
12530,62,72.54,34,0.05
12530,59,14.59,1,0.15
12530,4,92.55,33,0.25
12530,2,88.95,1,0.25
12531,48,28.3,36,0.25
12531,55,6.73,11,0.25
12531,58,31.83,23,0.05
12532,54,76.49,17,0.0
12532,65,67.59,21,0.25
12532,36,105.7,26,0.2
12533,28,104.38,10,0.05
12533,54,76.49,19,0.1
12533,26,110.61,16,0.2
12533,29,93.83,16,0.15
12533,2,88.95,36,0.15
12534,36,105.7,9,0.05
12534,51,41.53,33,0.2
12535,65,67.59,4,0.1
12535,5,16.93,7,0.1
12535,60,71.49,33,0.05
12535,74,32.54,31,0.15
12536,56,112.08,19,0.15
12537,12,89.54,38,0.15
12537,61,107.37,20,0.1
12537,50,72.69,30,0.15
12537,25,102.77,5,0.25
12538,10,24.02,5,0.0
12538,51,41.53,5,0.05
12538,43,44.88,11,0.15
12538,31,38.95,38,0.25
12538,46,115.82,21,0.0
12539,65,67.59,13,0.05
12539,59,14.59,6,0.25
12540,64,47.33,9,0.2
12540,35,47.29,17,0.0
12540,68,114.35,1,0.0
12540,5,16.93,23,0.05
12541,45,90.19,22,0.1
12541,53,91.15,35,0.2
12541,3,105.47,8,0.05
12541,23,46.01,20,0.1
12541,67,106.26,11,0.25
12542,22,38.34,21,0.2
12543,42,49.93,10,0.15
12543,27,15.49,26,0.15
12543,66,117.42,19,0.1
12544,70,50.15,24,0.0
12545,31,38.95,33,0.1
12545,8,94.05,8,0.05
12545,35,47.29,1,0.0
12546,74,32.54,28,0.05
12546,19,75.57,13,0.15
12546,48,28.3,40,0.15
12546,31,38.95,36,0.25
12547,4,92.55,27,0.2
12547,42,49.93,33,0.1
12547,54,76.49,29,0.2
12548,39,107.46,4,0.2
12548,17,102.38,1,0.25
12548,61,107.37,22,0.25
12549,38,106.26,29,0.25
12549,37,79.75,20,0.15
12549,30,33.41,25,0.1
12550,30,33.41,35,0.25
12551,29,93.83,36,0.15
12551,71,101.11,40,0.05
12551,66,117.42,2,0.15
12551,14,105.59,25,0.1
12551,23,46.01,38,0.15
12552,6,22.0,23,0.25
12552,31,38.95,38,0.1
12552,47,32.85,35,0.25
12552,76,77.31,6,0.2
12552,64,47.33,4,0.15
12553,65,67.59,21,0.1
12553,22,38.34,27,0.25
12554,7,6.08,29,0.0
12554,71,101.11,15,0.25
12555,75,9.19,28,0.25
12555,1,52.08,2,0.15
12556,43,44.88,8,0.2
12556,60,71.49,4,0.2
12556,32,31.76,26,0.0
12556,62,72.54,13,0.0
12557,46,115.82,28,0.2
12557,29,93.83,30,0.0
12557,60,71.49,37,0.05
12557,44,4.04,13,0.05
12557,14,105.59,26,0.2
12558,41,106.55,17,0.25
12558,22,38.34,13,0.1
12558,16,95.15,36,0.0
12558,56,112.08,13,0.05
12559,66,117.42,8,0.05
12559,56,112.08,17,0.15
12559,23,46.01,29,0.05
12559,26,110.61,23,0.2
12559,15,92.23,10,0.25
12560,56,112.08,38,0.2
12560,29,93.83,15,0.1
12560,13,52.5,13,0.0
12560,58,31.83,27,0.2
12560,46,115.82,9,0.25
12561,47,32.85,30,0.0
12561,21,79.15,4,0.05
12561,69,78.48,40,0.25
12561,19,75.57,16,0.2
12562,46,115.82,11,0.2
12563,8,94.05,21,0.0
12563,66,117.42,26,0.1
12564,30,33.41,18,0.2
12564,11,52.47,19,0.25
12565,42,49.93,14,0.25
12565,9,39.18,3,0.15
12566,73,84.89,40,0.05
12566,74,32.54,17,0.2
12566,24,22.74,4,0.05
12567,12,89.54,2,0.1
12567,2,88.95,10,0.15
12567,3,105.47,35,0.25
12567,34,47.7,2,0.15
12567,11,52.47,17,0.1
12568,59,14.59,36,0.1
12568,49,16.19,31,0.2
12568,3,105.47,24,0.25
12568,75,9.19,17,0.1
12568,32,31.76,34,0.15
12569,28,104.38,21,0.1
12569,30,33.41,33,0.15
12569,46,115.82,22,0.0
12569,68,114.35,3,0.2
12569,62,72.54,6,0.15
12570,50,72.69,29,0.1
12571,31,38.95,3,0.15
12571,74,32.54,20,0.15
12571,23,46.01,2,0.05
12572,4,92.55,26,0.25
12572,10,24.02,9,0.25
12572,59,14.59,39,0.05
12573,24,22.74,11,0.2
12573,74,32.54,27,0.25
12573,58,31.83,15,0.05
12573,37,79.75,28,0.2
12574,58,31.83,5,0.05
12575,57,54.9,10,0.25
12575,45,90.19,21,0.25
12575,3,105.47,28,0.15
12575,20,117.05,7,0.0
12575,59,14.59,21,0.25
12576,9,39.18,32,0.0
12576,7,6.08,22,0.1
12576,69,78.48,19,0.25
12576,10,24.02,39,0.25
12577,58,31.83,28,0.15
12578,52,104.83,40,0.1
12579,25,102.77,22,0.05
12579,46,115.82,16,0.0
12579,58,31.83,10,0.15
12579,65,67.59,5,0.25
12580,8,94.05,13,0.1
12580,2,88.95,9,0.05
12580,48,28.3,22,0.0
12581,51,41.53,21,0.0
12581,77,72.37,15,0.2
12581,34,47.7,7,0.15
12582,15,92.23,19,0.1
12582,23,46.01,5,0.2
12582,46,115.82,32,0.2
12583,60,71.49,15,0.25
12583,26,110.61,34,0.0
12584,54,76.49,17,0.15
12584,59,14.59,24,0.1
12585,62,72.54,17,0.0
12585,12,89.54,32,0.25
12585,23,46.01,11,0.05
12586,61,107.37,7,0.25
12587,27,15.49,19,0.1
12587,44,4.04,32,0.0
12587,28,104.38,25,0.25
12588,63,85.64,29,0.2
12588,76,77.31,11,0.0
12588,23,46.01,1,0.0
12588,40,43.83,30,0.0
12589,64,47.33,2,0.1
12590,77,72.37,32,0.25
12590,10,24.02,25,0.1
12591,53,91.15,17,0.2
12591,34,47.7,28,0.25
12591,24,22.74,1,0.1
12592,73,84.89,30,0.1
12592,8,94.05,18,0.0
12593,19,75.57,10,0.05
12594,11,52.47,25,0.0
12594,68,114.35,7,0.1
12594,77,72.37,29,0.1
12594,16,95.15,11,0.15
12594,75,9.19,28,0.15
12595,46,115.82,5,0.2
12595,24,22.74,25,0.25
12595,17,102.38,7,0.05
12595,34,47.7,31,0.2
12596,40,43.83,1,0.25
12596,25,102.77,25,0.25
12596,72,83.44,33,0.25
12597,73,84.89,18,0.0
12598,1,52.08,37,0.2
12598,45,90.19,27,0.15
12598,49,16.19,30,0.1
12599,18,48.96,22,0.05
12599,5,16.93,3,0.2
12600,43,44.88,9,0.0
12600,58,31.83,37,0.25
12600,21,79.15,31,0.0
12600,2,88.95,37,0.15
12600,29,93.83,16,0.2
12601,75,9.19,39,0.25
12601,32,31.76,36,0.2
12601,66,117.42,26,0.15
12601,3,105.47,38,0.25
12602,13,52.5,2,0.0
12602,29,93.83,20,0.0
12602,75,9.19,25,0.2
12602,60,71.49,36,0.05
12602,27,15.49,23,0.15
12603,54,76.49,23,0.2
12604,49,16.19,1,0.1
12604,18,48.96,5,0.25
12604,48,28.3,21,0.15
12605,3,105.47,18,0.1
12605,76,77.31,28,0.1
12605,22,38.34,22,0.1
12605,49,16.19,33,0.1
12605,2,88.95,39,0.1
12606,54,76.49,39,0.25
12607,55,6.73,24,0.25
12607,29,93.83,6,0.0
12608,22,38.34,34,0.25
12609,63,85.64,30,0.15
12610,14,105.59,38,0.15
12610,56,112.08,38,0.2
12610,47,32.85,22,0.2
12610,11,52.47,34,0.15
12611,47,32.85,29,0.25
12612,53,91.15,21,0.05
12612,38,106.26,7,0.2
12612,72,83.44,31,0.15
12613,68,114.35,39,0.2
12613,4,92.55,28,0.1
12613,1,52.08,35,0.15
12614,61,107.37,20,0.05
12614,13,52.5,14,0.0
12614,69,78.48,28,0.2
12615,42,49.93,9,0.25
12616,58,31.83,27,0.05
12616,28,104.38,14,0.2
12616,67,106.26,28,0.0
12617,76,77.31,31,0.2
12617,4,92.55,23,0.25
12618,55,6.73,29,0.1
12619,15,92.23,13,0.05
12619,60,71.49,9,0.0
12619,68,114.35,14,0.15
12620,65,67.59,35,0.05
12620,25,102.77,14,0.25
12621,37,79.75,9,0.0
12621,13,52.5,25,0.1
12621,7,6.08,5,0.15
12622,4,92.55,7,0.2
12622,12,89.54,35,0.05
12622,18,48.96,10,0.2
12623,6,22.0,32,0.0
12623,19,75.57,35,0.0
12623,14,105.59,40,0.1
12624,64,47.33,24,0.05
12624,57,54.9,1,0.0
12624,71,101.11,2,0.1
12624,13,52.5,40,0.05
12624,56,112.08,2,0.25
12625,30,33.41,34,0.15
12626,1,52.08,6,0.0
12626,24,22.74,38,0.25
12626,28,104.38,6,0.15
12626,48,28.3,19,0.1
12627,1,52.08,10,0.05
12627,54,76.49,7,0.05
12627,30,33.41,7,0.1
12628,25,102.77,7,0.25
12628,43,44.88,8,0.2
12629,23,46.01,3,0.15
12629,69,78.48,6,0.15
12629,33,6.44,11,0.1
12630,38,106.26,13,0.15
12631,22,38.34,29,0.25
12631,47,32.85,24,0.2
12631,51,41.53,6,0.0
12632,1,52.08,37,0.05
12632,65,67.59,3,0.0
12632,57,54.9,18,0.0
12633,17,102.38,20,0.0
12633,70,50.15,19,0.1
12634,42,49.93,36,0.1
12635,77,72.37,11,0.2
12635,5,16.93,10,0.05
12635,27,15.49,1,0.05
12635,71,101.11,28,0.0
12636,25,102.77,2,0.1
12637,44,4.04,28,0.0
12637,18,48.96,10,0.2
12637,20,117.05,22,0.0
12638,34,47.7,23,0.0
12638,74,32.54,19,0.15
12638,75,9.19,39,0.2
12638,36,105.7,13,0.0
12638,3,105.47,8,0.05
12639,5,16.93,32,0.0
12639,34,47.7,35,0.25
12639,73,84.89,6,0.0
12640,69,78.48,31,0.15
12640,71,101.11,24,0.25
12640,44,4.04,13,0.1
12640,10,24.02,31,0.25
12640,33,6.44,14,0.05
12641,15,92.23,14,0.1
12641,36,105.7,30,0.25
12641,22,38.34,37,0.25
12641,27,15.49,21,0.2
12642,74,32.54,22,0.2
12642,4,92.55,40,0.1
12642,8,94.05,11,0.2
12642,60,71.49,11,0.25
12643,9,39.18,4,0.05
12643,77,72.37,39,0.2
12643,16,95.15,22,0.1
12643,65,67.59,22,0.0
12643,37,79.75,18,0.1
12644,20,117.05,36,0.15
12644,46,115.82,4,0.0
12645,29,93.83,6,0.15
12646,45,90.19,11,0.15
12646,17,102.38,29,0.2
12647,48,28.3,22,0.15
12647,55,6.73,8,0.05
12648,45,90.19,27,0.05
12648,1,52.08,11,0.05
12648,6,22.0,29,0.0
12648,71,101.11,12,0.2
12648,13,52.5,30,0.05
12649,24,22.74,2,0.05
12649,70,50.15,8,0.05
12649,18,48.96,22,0.1
12650,70,50.15,34,0.2
12650,42,49.93,10,0.0
12650,63,85.64,10,0.25
12650,56,112.08,39,0.25
12651,46,115.82,7,0.15
12651,11,52.47,36,0.25
12652,54,76.49,25,0.1
12652,58,31.83,18,0.25
12652,21,79.15,36,0.05
12652,69,78.48,4,0.2
12653,20,117.05,16,0.25
12653,5,16.93,9,0.25
12653,31,38.95,40,0.2
12654,46,115.82,16,0.2
12654,41,106.55,25,0.1
12655,14,105.59,32,0.1
12655,5,16.93,29,0.0
12656,59,14.59,35,0.2
12656,43,44.88,23,0.1
12657,59,14.59,13,0.2
12657,12,89.54,36,0.05
12657,3,105.47,13,0.2
12657,2,88.95,32,0.05
12658,19,75.57,28,0.0
12658,23,46.01,35,0.05
12658,15,92.23,36,0.15
12658,29,93.83,2,0.0
12658,32,31.76,28,0.15
12659,70,50.15,3,0.15
12659,59,14.59,1,0.05
12660,58,31.83,22,0.15
12660,67,106.26,40,0.25
12660,49,16.19,16,0.15
12660,16,95.15,28,0.05
12661,31,38.95,38,0.25
12661,70,50.15,13,0.15
12662,76,77.31,16,0.1
12663,77,72.37,10,0.25
12663,42,49.93,5,0.25
12663,36,105.7,38,0.15
12663,35,47.29,36,0.05
12664,29,93.83,11,0.1
12664,34,47.7,5,0.25
12664,36,105.7,9,0.15
12664,16,95.15,29,0.1
12664,17,102.38,38,0.2
12665,46,115.82,37,0.05
12666,68,114.35,28,0.15
12667,69,78.48,37,0.25
12667,53,91.15,19,0.15
12667,19,75.57,13,0.25
12667,8,94.05,22,0.15
12668,2,88.95,16,0.05
12669,5,16.93,21,0.25
12669,35,47.29,17,0.0
12669,49,16.19,5,0.25
12670,40,43.83,33,0.25
12671,63,85.64,1,0.2
12672,49,16.19,38,0.1
12672,77,72.37,40,0.15
12672,67,106.26,29,0.1
12672,47,32.85,22,0.0
12672,17,102.38,39,0.15
12673,74,32.54,25,0.15
12673,66,117.42,32,0.1
12673,49,16.19,14,0.25
12673,41,106.55,32,0.15
12674,39,107.46,22,0.25
12675,10,24.02,31,0.05
12675,19,75.57,35,0.15
12675,31,38.95,17,0.1
12676,21,79.15,12,0.0
12676,49,16.19,37,0.1
12676,76,77.31,31,0.25
12676,72,83.44,25,0.25
12676,29,93.83,1,0.05
12677,59,14.59,18,0.0
12678,34,47.7,14,0.1
12678,55,6.73,12,0.25
12678,68,114.35,2,0.0
12679,7,6.08,9,0.0
12679,10,24.02,7,0.05
12680,71,101.11,25,0.0
12680,57,54.9,10,0.1
12680,50,72.69,6,0.0
12680,3,105.47,39,0.0
12681,16,95.15,38,0.15
12681,43,44.88,11,0.2
12681,67,106.26,12,0.1
12681,61,107.37,32,0.05
12682,25,102.77,12,0.1
12682,8,94.05,31,0.0
12682,9,39.18,29,0.05
12683,12,89.54,19,0.0
12683,51,41.53,24,0.0
12684,67,106.26,5,0.0
12684,35,47.29,14,0.1
12685,4,92.55,8,0.15
12685,69,78.48,17,0.2
12685,42,49.93,35,0.1
12686,65,67.59,4,0.2
12686,52,104.83,15,0.05
12687,52,104.83,35,0.15
12688,32,31.76,38,0.2
12688,3,105.47,2,0.05
12688,26,110.61,39,0.2
12688,7,6.08,22,0.25
12688,70,50.15,24,0.2
12689,72,83.44,35,0.1
12689,27,15.49,6,0.15
12689,53,91.15,26,0.05
12689,31,38.95,26,0.0
12689,22,38.34,5,0.1
12690,51,41.53,33,0.05
12690,15,92.23,24,0.15
12691,4,92.55,26,0.15
12691,18,48.96,17,0.15
12691,50,72.69,28,0.15
12691,72,83.44,24,0.15
12692,62,72.54,22,0.25
12692,39,107.46,34,0.0
12692,71,101.11,21,0.05
12693,65,67.59,32,0.0
12693,10,24.02,5,0.05
12694,43,44.88,26,0.2
12695,39,107.46,36,0.1
12695,21,79.15,7,0.15
12695,74,32.54,10,0.2
12695,16,95.15,13,0.05
12695,47,32.85,5,0.25
12696,51,41.53,13,0.2
12696,50,72.69,26,0.1
12697,20,117.05,31,0.15
12698,52,104.83,40,0.25
12698,18,48.96,23,0.15
12698,68,114.35,38,0.2
12698,62,72.54,36,0.0
12698,14,105.59,26,0.15
12699,14,105.59,17,0.25
12699,55,6.73,1,0.0
12700,40,43.83,31,0.0
12700,30,33.41,10,0.15
12701,14,105.59,15,0.0
12701,69,78.48,39,0.25
12701,60,71.49,19,0.0
12702,10,24.02,39,0.25
12702,9,39.18,35,0.0
12702,46,115.82,24,0.0
12702,6,22.0,37,0.25
12703,3,105.47,35,0.1
12703,43,44.88,18,0.05
12704,7,6.08,5,0.25
12704,71,101.11,29,0.1
12704,76,77.31,37,0.05
12704,33,6.44,33,0.15
12704,46,115.82,37,0.0
12705,65,67.59,28,0.25
12706,56,112.08,29,0.2
12706,76,77.31,2,0.05
12707,47,32.85,18,0.0
12707,42,49.93,10,0.05
12707,4,92.55,7,0.25
12708,45,90.19,12,0.25
12709,18,48.96,31,0.15
12709,36,105.7,19,0.25
12709,55,6.73,17,0.05
12709,21,79.15,36,0.05
12709,61,107.37,28,0.2
12710,6,22.0,16,0.25
12710,17,102.38,2,0.15
12710,55,6.73,24,0.15
12711,74,32.54,7,0.2
12711,32,31.76,7,0.05
12711,11,52.47,1,0.1
12711,51,41.53,32,0.05
12712,22,38.34,14,0.15
12712,72,83.44,29,0.15
12712,74,32.54,34,0.15
12712,36,105.7,30,0.15
12712,48,28.3,32,0.05
12713,42,49.93,8,0.2
12713,1,52.08,12,0.0
12714,5,16.93,17,0.15
12715,61,107.37,39,0.0
12715,26,110.61,11,0.25
12716,33,6.44,37,0.1
12716,11,52.47,11,0.0
12716,70,50.15,9,0.25
12717,29,93.83,31,0.05
12717,49,16.19,33,0.1
12718,14,105.59,28,0.25
12719,53,91.15,11,0.25
12719,36,105.7,26,0.1
12719,42,49.93,27,0.05
12719,73,84.89,26,0.15
12720,67,106.26,15,0.15
12720,22,38.34,37,0.0
12720,58,31.83,38,0.25
12720,1,52.08,32,0.1
12721,4,92.55,33,0.1
12722,76,77.31,9,0.25
12722,37,79.75,27,0.2
12722,49,16.19,18,0.05
12722,38,106.26,13,0.1
12723,62,72.54,33,0.1
12723,41,106.55,2,0.2
12724,25,102.77,11,0.15
12724,39,107.46,2,0.05
12724,14,105.59,40,0.15
12725,65,67.59,1,0.2
12726,77,72.37,12,0.2
12726,15,92.23,26,0.05
12726,12,89.54,25,0.05
12727,19,75.57,10,0.05
12727,46,115.82,8,0.0
12728,74,32.54,28,0.0
12728,43,44.88,20,0.15
12728,13,52.5,40,0.15
12729,36,105.7,19,0.0
12729,71,101.11,22,0.1
12729,28,104.38,38,0.2
12729,61,107.37,11,0.25
12729,62,72.54,5,0.0
12730,24,22.74,14,0.05
12731,4,92.55,33,0.25
12731,17,102.38,37,0.1
12731,30,33.41,35,0.15
12732,41,106.55,13,0.15
12733,36,105.7,26,0.2
12733,23,46.01,31,0.25
12734,11,52.47,34,0.25
12735,18,48.96,25,0.15
12735,43,44.88,40,0.15
12735,76,77.31,2,0.2
12736,63,85.64,34,0.0
12736,55,6.73,4,0.05
12736,35,47.29,28,0.05
12736,31,38.95,7,0.25
12737,9,39.18,6,0.0
12737,33,6.44,2,0.05
12737,24,22.74,8,0.2
12737,19,75.57,11,0.1
12738,60,71.49,4,0.05
12738,51,41.53,33,0.15
12738,68,114.35,15,0.0
12738,9,39.18,10,0.25
12739,47,32.85,27,0.0
12739,62,72.54,27,0.25
12740,3,105.47,10,0.2
12740,29,93.83,6,0.05
12740,56,112.08,35,0.2
12740,13,52.5,16,0.2
12741,5,16.93,9,0.25
12742,4,92.55,39,0.15
12742,42,49.93,19,0.25
12742,69,78.48,27,0.25
12742,40,43.83,2,0.1
12742,6,22.0,8,0.25
12743,61,107.37,17,0.05
12743,64,47.33,4,0.1
12744,67,106.26,8,0.25
12744,75,9.19,19,0.0
12744,72,83.44,6,0.05
12744,27,15.49,20,0.25
12745,41,106.55,11,0.0
12745,34,47.7,39,0.0
12746,33,6.44,30,0.25
12746,35,47.29,1,0.15
12747,30,33.41,29,0.2
12747,56,112.08,8,0.25
12747,64,47.33,14,0.05
12748,24,22.74,3,0.1
12749,71,101.11,22,0.15
12749,16,95.15,10,0.1
12749,49,16.19,12,0.0
12749,7,6.08,9,0.25
12750,22,38.34,27,0.15
12751,13,52.5,16,0.2
12751,61,107.37,7,0.1
12751,63,85.64,39,0.25
12752,64,47.33,21,0.15
12753,23,46.01,1,0.0
12753,63,85.64,12,0.1
12754,38,106.26,33,0.25
12755,69,78.48,39,0.25
12756,13,52.5,11,0.1
12756,28,104.38,28,0.0
12757,63,85.64,34,0.2
12757,12,89.54,19,0.2
12758,52,104.83,10,0.2
12758,60,71.49,4,0.0
12758,33,6.44,20,0.15
12758,74,32.54,2,0.25
12759,34,47.7,35,0.1
12760,21,79.15,28,0.0
12761,10,24.02,20,0.05
12761,31,38.95,3,0.25
12762,16,95.15,4,0.15
12762,66,117.42,39,0.2
12762,70,50.15,8,0.1
12762,58,31.83,38,0.1
12763,26,110.61,14,0.25
12763,12,89.54,25,0.2
12764,9,39.18,31,0.2
12764,7,6.08,19,0.1
12764,41,106.55,37,0.05
12764,52,104.83,18,0.15
12765,17,102.38,35,0.1
12765,66,117.42,4,0.1
12766,1,52.08,31,0.05
12766,4,92.55,35,0.25
12767,6,22.0,27,0.15
12767,76,77.31,8,0.25
12767,75,9.19,16,0.2
12767,27,15.49,21,0.05
12768,63,85.64,1,0.05
12768,69,78.48,1,0.15
12769,19,75.57,32,0.2
12769,40,43.83,8,0.25
12770,41,106.55,19,0.0
12771,39,107.46,16,0.1
12771,77,72.37,18,0.15
12771,56,112.08,31,0.15
12771,17,102.38,3,0.2
12771,47,32.85,18,0.2
12772,72,83.44,5,0.15
12773,29,93.83,9,0.1
12774,46,115.82,27,0.05
12774,33,6.44,1,0.1
12774,19,75.57,28,0.2
12775,56,112.08,18,0.0
12775,25,102.77,30,0.2
12775,10,24.02,25,0.15
12775,34,47.7,34,0.1
12776,35,47.29,37,0.05
12776,23,46.01,2,0.15
12776,71,101.11,21,0.15
12776,36,105.7,40,0.2
12776,28,104.38,6,0.1
12777,64,47.33,40,0.05
12777,37,79.75,6,0.0
12777,69,78.48,17,0.25
12777,28,104.38,19,0.1
12778,55,6.73,12,0.0
12779,9,39.18,34,0.05
12780,34,47.7,2,0.2
12781,17,102.38,9,0.05
12781,60,71.49,2,0.0
12781,38,106.26,21,0.05
12781,44,4.04,37,0.1
12781,56,112.08,29,0.15
12782,60,71.49,32,0.25
12782,45,90.19,38,0.05
12783,23,46.01,12,0.05
12783,44,4.04,25,0.25
12783,74,32.54,32,0.2
12783,27,15.49,21,0.0
12783,11,52.47,22,0.05
12784,32,31.76,22,0.1
12784,39,107.46,3,0.15
12784,66,117.42,6,0.25
12784,9,39.18,36,0.1
12785,69,78.48,30,0.0
12785,28,104.38,28,0.25
12785,76,77.31,13,0.25
12785,26,110.61,5,0.1
12785,47,32.85,38,0.25
12786,22,38.34,18,0.0
12786,26,110.61,4,0.0
12786,62,72.54,2,0.25
12786,68,114.35,23,0.1
12786,14,105.59,10,0.05
12787,22,38.34,20,0.25
12788,62,72.54,36,0.0
12788,29,93.83,27,0.0
12788,63,85.64,25,0.25
12788,75,9.19,10,0.05
12788,42,49.93,20,0.0
12789,12,89.54,7,0.0
12789,58,31.83,29,0.15
12789,57,54.9,10,0.1
12789,5,16.93,23,0.0
12789,28,104.38,6,0.05
12790,57,54.9,37,0.05
12790,37,79.75,18,0.05
12790,63,85.64,22,0.25
12790,49,16.19,35,0.15
12790,24,22.74,4,0.2
12791,22,38.34,36,0.25
12791,4,92.55,1,0.1
12792,70,50.15,38,0.15
12792,25,102.77,25,0.15
12792,19,75.57,27,0.25
12792,73,84.89,5,0.1
12792,40,43.83,31,0.25
12793,36,105.7,6,0.0
12793,73,84.89,21,0.0
12793,2,88.95,23,0.05
12794,11,52.47,1,0.0
12794,63,85.64,38,0.1
12794,35,47.29,30,0.0
12794,3,105.47,11,0.05
12795,76,77.31,19,0.25
12795,54,76.49,31,0.05
12795,66,117.42,22,0.1
12796,66,117.42,35,0.25
12796,33,6.44,35,0.0
12796,19,75.57,26,0.25
12796,30,33.41,31,0.2
12797,7,6.08,21,0.15
12797,65,67.59,13,0.0
12797,68,114.35,11,0.25
12797,32,31.76,6,0.25
12797,43,44.88,22,0.0
12798,63,85.64,4,0.0
12798,67,106.26,17,0.15
12799,27,15.49,35,0.2
12799,63,85.64,29,0.0
12799,14,105.59,2,0.15
12800,75,9.19,21,0.2
12800,63,85.64,14,0.2
12800,35,47.29,29,0.05
12800,37,79.75,11,0.1
12801,54,76.49,2,0.05
12801,32,31.76,6,0.1
12801,69,78.48,6,0.05
12802,52,104.83,18,0.25
12802,39,107.46,24,0.2
12802,60,71.49,1,0.15
12802,70,50.15,14,0.15
12803,6,22.0,34,0.25
12803,52,104.83,4,0.0
12803,41,106.55,39,0.2
12804,65,67.59,10,0.15
12804,64,47.33,36,0.2
12805,45,90.19,23,0.05
12805,13,52.5,16,0.2
12805,37,79.75,28,0.0
12806,58,31.83,4,0.2
12806,20,117.05,2,0.1
12806,39,107.46,20,0.2
12806,43,44.88,12,0.0
12806,6,22.0,16,0.1
12807,61,107.37,32,0.05
12807,17,102.38,24,0.05
12807,27,15.49,40,0.05
12807,1,52.08,16,0.1
12808,59,14.59,34,0.05
12809,24,22.74,10,0.15
12809,53,91.15,34,0.2
12810,26,110.61,7,0.2
12810,63,85.64,7,0.0
12810,29,93.83,9,0.1
12810,15,92.23,4,0.1
12810,62,72.54,28,0.05
12811,8,94.05,16,0.2
12811,34,47.7,26,0.25
12811,55,6.73,24,0.0
12811,57,54.9,16,0.0
12811,13,52.5,32,0.25
12812,30,33.41,12,0.2
12812,35,47.29,14,0.2
12812,62,72.54,19,0.05
12812,59,14.59,26,0.15
12813,72,83.44,27,0.0
12813,26,110.61,19,0.2
12814,26,110.61,12,0.0
12814,73,84.89,1,0.1
12814,46,115.82,27,0.25
12814,74,32.54,27,0.05
12814,76,77.31,20,0.15
12815,67,106.26,11,0.2
12815,45,90.19,38,0.25
12816,38,106.26,13,0.05
12816,53,91.15,38,0.05
12816,52,104.83,8,0.1
12816,50,72.69,31,0.1
12816,19,75.57,29,0.0
12817,72,83.44,16,0.25
12817,39,107.46,25,0.0
12817,76,77.31,7,0.2
12817,11,52.47,12,0.15
12817,2,88.95,19,0.2
12818,16,95.15,18,0.0
12818,26,110.61,4,0.2
12818,55,6.73,14,0.0
12818,69,78.48,7,0.15
12819,73,84.89,20,0.05
12819,9,39.18,9,0.0
12819,23,46.01,5,0.1
12819,48,28.3,1,0.15
12819,10,24.02,35,0.05
12820,54,76.49,4,0.25
12820,65,67.59,11,0.1
12820,37,79.75,37,0.0
12820,34,47.7,8,0.15
12821,9,39.18,35,0.1
12822,72,83.44,11,0.2
12822,46,115.82,23,0.1
12822,3,105.47,8,0.2
12822,11,52.47,23,0.15
12823,73,84.89,23,0.1
12823,38,106.26,14,0.1
12823,50,72.69,28,0.1
12824,10,24.02,17,0.2
12824,19,75.57,3,0.25
12824,72,83.44,35,0.15
12825,64,47.33,26,0.05
12825,68,114.35,31,0.0
12826,46,115.82,3,0.1
12826,42,49.93,18,0.2
12826,57,54.9,12,0.05
12826,15,92.23,34,0.05
12827,44,4.04,29,0.15
12827,15,92.23,31,0.0
12828,76,77.31,40,0.0
12828,67,106.26,11,0.1
12828,7,6.08,34,0.15
12828,43,44.88,7,0.1
12829,19,75.57,31,0.25
12829,74,32.54,37,0.25
12830,52,104.83,32,0.0
12830,73,84.89,8,0.25
12830,70,50.15,26,0.25
12831,9,39.18,7,0.05
12831,75,9.19,35,0.25
12831,19,75.57,31,0.05
12832,77,72.37,14,0.2
12832,9,39.18,35,0.15
12832,30,33.41,23,0.1
12832,35,47.29,2,0.25
12833,7,6.08,9,0.15
12833,36,105.7,15,0.0
12833,66,117.42,16,0.0
12834,74,32.54,26,0.05
12835,74,32.54,29,0.05
12835,7,6.08,33,0.1
12835,32,31.76,31,0.15
12835,10,24.02,33,0.05
12835,19,75.57,24,0.25
12836,22,38.34,10,0.15
12836,74,32.54,2,0.15
12836,34,47.7,37,0.15
12836,77,72.37,38,0.15
12837,12,89.54,32,0.2
12837,38,106.26,35,0.0
12837,61,107.37,18,0.15
12837,49,16.19,5,0.15
12838,2,88.95,34,0.2
12838,31,38.95,33,0.15
12839,3,105.47,39,0.2
12839,58,31.83,37,0.25
12839,59,14.59,36,0.05
12839,9,39.18,28,0.0
12840,52,104.83,12,0.15
12840,28,104.38,14,0.25
12840,7,6.08,16,0.1
12841,14,105.59,16,0.0
12841,48,28.3,38,0.0
12841,15,92.23,30,0.1
12842,29,93.83,34,0.1
12842,63,85.64,40,0.05
12843,43,44.88,37,0.05
12843,67,106.26,11,0.05
12843,26,110.61,31,0.15
12843,74,32.54,24,0.2
12843,76,77.31,25,0.0
12844,49,16.19,34,0.15
12844,70,50.15,20,0.0
12844,40,43.83,6,0.25
12844,29,93.83,36,0.2
12844,59,14.59,17,0.2
12845,1,52.08,33,0.0
12845,10,24.02,13,0.2
12846,16,95.15,7,0.25
12847,59,14.59,22,0.2
12847,57,54.9,18,0.15
12847,24,22.74,10,0.05
12847,49,16.19,13,0.0
12847,35,47.29,14,0.15
12848,55,6.73,40,0.0
12848,9,39.18,25,0.1
12848,20,117.05,28,0.05
12849,63,85.64,18,0.0
12849,2,88.95,30,0.1
12849,36,105.7,28,0.05
12850,51,41.53,6,0.0
12851,3,105.47,40,0.05
12852,4,92.55,4,0.05
12852,74,32.54,2,0.25
12853,35,47.29,31,0.1
12853,6,22.0,21,0.05
12853,3,105.47,23,0.05
12854,77,72.37,27,0.2
12855,75,9.19,26,0.15
12855,65,67.59,23,0.15
12856,21,79.15,2,0.2
12856,58,31.83,19,0.05
12856,45,90.19,28,0.0
12856,23,46.01,20,0.25
12857,22,38.34,20,0.1
12857,64,47.33,30,0.15
12858,49,16.19,13,0.05
12858,42,49.93,15,0.15
12858,12,89.54,13,0.15
12858,3,105.47,24,0.1
12859,13,52.5,23,0.2
12860,4,92.55,38,0.25
12860,13,52.5,38,0.1
12861,4,92.55,32,0.15
12861,34,47.7,6,0.15
12861,2,88.95,35,0.2
12862,31,38.95,35,0.0
12862,32,31.76,35,0.05
12863,24,22.74,18,0.15
12863,9,39.18,20,0.25
12863,34,47.7,12,0.25
12863,75,9.19,36,0.25
12863,37,79.75,36,0.1
12864,63,85.64,25,0.25
12864,29,93.83,28,0.0
12865,47,32.85,16,0.1
12865,48,28.3,16,0.0
12865,43,44.88,20,0.15
12866,69,78.48,8,0.25
12866,28,104.38,9,0.05
12866,40,43.83,34,0.05
12866,6,22.0,3,0.15
12867,9,39.18,29,0.15
12868,46,115.82,25,0.05
12868,37,79.75,17,0.25
12868,19,75.57,18,0.0
12868,76,77.31,14,0.1
12868,23,46.01,24,0.1
12869,22,38.34,27,0.0
12869,29,93.83,32,0.15
12870,48,28.3,27,0.05
12870,47,32.85,4,0.0
12870,40,43.83,7,0.25
12871,71,101.11,36,0.2
12871,48,28.3,6,0.1
12871,41,106.55,9,0.0
12871,27,15.49,15,0.15
12872,66,117.42,17,0.05
12872,10,24.02,11,0.15
12872,54,76.49,23,0.05
12872,30,33.41,19,0.25
12873,56,112.08,29,0.25
12873,24,22.74,24,0.05
12873,70,50.15,28,0.2
12873,22,38.34,33,0.15
12873,72,83.44,36,0.05
12874,52,104.83,26,0.25
12874,24,22.74,33,0.15
12874,53,91.15,38,0.05
12875,36,105.7,3,0.0
12875,18,48.96,21,0.0
12876,35,47.29,11,0.0
12876,32,31.76,11,0.0
12876,60,71.49,2,0.1
12877,15,92.23,1,0.15
12877,59,14.59,18,0.05
12878,14,105.59,14,0.25
12878,75,9.19,38,0.15
12879,23,46.01,4,0.05
12879,5,16.93,17,0.2
12879,36,105.7,2,0.0
12880,52,104.83,40,0.15
12880,57,54.9,13,0.05
12880,37,79.75,8,0.15
12881,59,14.59,11,0.0
12882,64,47.33,4,0.25
12883,76,77.31,18,0.2
12883,19,75.57,4,0.05
12883,65,67.59,35,0.25
12884,39,107.46,8,0.05
12884,5,16.93,14,0.0
12885,46,115.82,33,0.25
12885,23,46.01,5,0.0
12885,64,47.33,26,0.25
12885,17,102.38,10,0.0
12886,13,52.5,23,0.2
12886,10,24.02,8,0.05
12886,30,33.41,13,0.25
12886,48,28.3,1,0.25
12886,8,94.05,36,0.25
12887,50,72.69,5,0.1
12887,73,84.89,25,0.25
12888,35,47.29,8,0.0
12888,26,110.61,4,0.25
12889,44,4.04,33,0.1
12889,34,47.7,12,0.25
12890,65,67.59,26,0.0
12891,13,52.5,5,0.15
12891,31,38.95,32,0.15
12891,51,41.53,31,0.05
12891,61,107.37,24,0.05
12891,69,78.48,37,0.25
12892,19,75.57,24,0.2
12893,33,6.44,26,0.2
12893,17,102.38,40,0.2
12894,11,52.47,32,0.15
12894,4,92.55,35,0.15
12894,64,47.33,40,0.25
12895,27,15.49,38,0.15
12895,66,117.42,4,0.1
12895,72,83.44,39,0.0
12896,24,22.74,9,0.05
12896,57,54.9,38,0.15
12896,73,84.89,18,0.1
12896,45,90.19,30,0.0
12896,15,92.23,22,0.1
12897,35,47.29,30,0.05
12897,61,107.37,7,0.25
12897,53,91.15,26,0.1
12898,55,6.73,28,0.25
12898,58,31.83,23,0.0
12898,75,9.19,23,0.0
12898,41,106.55,11,0.2
12898,26,110.61,37,0.0
12899,21,79.15,27,0.05
12900,24,22.74,34,0.25
12900,37,79.75,2,0.1
12900,34,47.7,9,0.15
12900,75,9.19,36,0.25
12900,31,38.95,18,0.25
12901,31,38.95,28,0.1
12901,48,28.3,17,0.1
12902,60,71.49,28,0.2
12902,16,95.15,14,0.05
12903,30,33.41,34,0.0
12903,6,22.0,5,0.05
12903,5,16.93,8,0.25
12903,50,72.69,38,0.05
12904,44,4.04,15,0.1
12905,15,92.23,18,0.2
12905,75,9.19,16,0.1
12905,14,105.59,1,0.15
12906,50,72.69,16,0.2
12907,2,88.95,26,0.25
12907,9,39.18,19,0.1
12907,30,33.41,9,0.15
12908,41,106.55,27,0.1
12908,74,32.54,32,0.1
12908,31,38.95,22,0.15
12908,69,78.48,35,0.05
12908,10,24.02,27,0.05
12909,40,43.83,4,0.25
12910,6,22.0,5,0.25
12910,33,6.44,37,0.25
12911,70,50.15,4,0.1
12911,37,79.75,14,0.1
12911,71,101.11,23,0.15
12911,53,91.15,3,0.1
12911,64,47.33,25,0.2
12912,6,22.0,35,0.25
12912,39,107.46,2,0.1
12912,75,9.19,32,0.2
12912,73,84.89,5,0.2
12912,26,110.61,7,0.25
12913,9,39.18,14,0.15
12914,60,71.49,1,0.1
12914,32,31.76,5,0.15
12914,62,72.54,32,0.2
12914,59,14.59,15,0.2
12914,8,94.05,8,0.15
12915,42,49.93,18,0.25
12915,10,24.02,8,0.15
12916,57,54.9,16,0.05
12916,73,84.89,33,0.0
12916,71,101.11,33,0.05
12916,13,52.5,10,0.0
12917,32,31.76,38,0.2
12917,7,6.08,19,0.05
12917,23,46.01,19,0.2
12917,25,102.77,19,0.25
12917,2,88.95,18,0.2
12918,4,92.55,29,0.15
12918,67,106.26,29,0.15
12919,53,91.15,1,0.05
12919,43,44.88,15,0.05
12920,45,90.19,23,0.25
12920,24,22.74,8,0.2
12920,44,4.04,32,0.0
12920,55,6.73,32,0.25
12920,54,76.49,39,0.1
12921,33,6.44,12,0.25
12921,29,93.83,10,0.15
12921,47,32.85,10,0.1
12921,48,28.3,24,0.1
12922,2,88.95,34,0.1
12922,34,47.7,35,0.2
12922,17,102.38,25,0.1
12922,14,105.59,39,0.1
12923,56,112.08,4,0.0
12923,28,104.38,34,0.05
12923,51,41.53,31,0.1
12924,67,106.26,29,0.15
12924,50,72.69,21,0.0
12924,51,41.53,23,0.0
12924,73,84.89,39,0.0
12925,67,106.26,12,0.2
12925,41,106.55,8,0.05
12925,31,38.95,19,0.25
12925,26,110.61,15,0.15
12926,65,67.59,28,0.0
12926,56,112.08,40,0.1
12926,63,85.64,36,0.05
12926,40,43.83,4,0.05
12926,1,52.08,3,0.05
12927,17,102.38,25,0.0
12927,25,102.77,35,0.0
12927,32,31.76,13,0.05
12928,5,16.93,27,0.15
12928,68,114.35,27,0.05
12928,25,102.77,14,0.1
12928,71,101.11,8,0.25
12928,37,79.75,31,0.0
12929,52,104.83,4,0.25
12929,13,52.5,23,0.1
12929,11,52.47,10,0.15
12929,73,84.89,34,0.2
12929,15,92.23,2,0.25
12930,60,71.49,7,0.05
12930,39,107.46,4,0.15
12930,50,72.69,14,0.0
12931,5,16.93,29,0.0
12931,65,67.59,6,0.2
12932,4,92.55,28,0.0
12932,16,95.15,34,0.25
12932,15,92.23,11,0.1
12932,12,89.54,3,0.05
12932,1,52.08,16,0.15
12933,73,84.89,19,0.1
12933,31,38.95,15,0.05
12933,27,15.49,14,0.2
12933,3,105.47,38,0.1
12933,47,32.85,40,0.1
12934,23,46.01,22,0.1
12934,4,92.55,7,0.0
12934,66,117.42,29,0.0
12934,7,6.08,36,0.25
12935,6,22.0,4,0.15
12936,36,105.7,38,0.1
12936,23,46.01,10,0.2
12936,2,88.95,13,0.05
12936,29,93.83,35,0.1
12937,26,110.61,15,0.05
12937,39,107.46,11,0.2
12937,60,71.49,34,0.05
12937,37,79.75,10,0.25
12937,70,50.15,11,0.25
12938,75,9.19,14,0.05
12938,21,79.15,27,0.25
12939,33,6.44,30,0.25
12939,14,105.59,22,0.1
12939,13,52.5,39,0.2
12939,58,31.83,12,0.1
12939,17,102.38,4,0.05
12940,35,47.29,37,0.2
12940,29,93.83,10,0.25
12940,56,112.08,3,0.1
12940,74,32.54,2,0.15
12941,57,54.9,30,0.2
12941,11,52.47,18,0.15
12941,32,31.76,20,0.25
12942,46,115.82,20,0.05
12942,30,33.41,17,0.05
12943,27,15.49,7,0.0
12943,45,90.19,18,0.25
12943,14,105.59,32,0.2
12943,70,50.15,3,0.25
12943,50,72.69,12,0.25
12944,43,44.88,30,0.25
12944,58,31.83,32,0.25
12944,57,54.9,20,0.2
12945,61,107.37,26,0.05
12945,28,104.38,29,0.15
12945,51,41.53,39,0.25
12945,64,47.33,18,0.2
12946,10,24.02,7,0.15
12946,31,38.95,33,0.2
12946,18,48.96,17,0.25
12947,7,6.08,12,0.1
12947,34,47.7,26,0.25
12947,48,28.3,3,0.15
12947,53,91.15,7,0.1
12948,53,91.15,13,0.1
12948,75,9.19,15,0.15
12948,55,6.73,27,0.0
12949,45,90.19,34,0.15
12949,52,104.83,8,0.2
12949,70,50.15,32,0.25
12950,4,92.55,40,0.2
12950,64,47.33,31,0.15
12950,8,94.05,24,0.25
12950,37,79.75,21,0.1
12951,72,83.44,4,0.2
12951,44,4.04,31,0.1
12951,2,88.95,33,0.25
12951,46,115.82,38,0.2
12951,49,16.19,25,0.2
12952,1,52.08,16,0.15
12952,42,49.93,13,0.15
12952,14,105.59,22,0.0
12952,61,107.37,34,0.1
12952,20,117.05,38,0.2
12953,57,54.9,10,0.1
12953,33,6.44,22,0.15
12953,45,90.19,9,0.25
12954,15,92.23,34,0.15
12955,37,79.75,13,0.05
12955,2,88.95,25,0.1
12956,74,32.54,24,0.05
12956,46,115.82,35,0.0
12957,51,41.53,6,0.25
12957,26,110.61,19,0.2
12958,24,22.74,37,0.2
12958,8,94.05,12,0.25
12959,55,6.73,27,0.2
12960,48,28.3,25,0.1
12960,31,38.95,9,0.05
12960,58,31.83,18,0.25
12960,65,67.59,18,0.25
12961,51,41.53,34,0.2
12961,31,38.95,14,0.25
12961,40,43.83,6,0.15
12962,72,83.44,12,0.25
12963,35,47.29,4,0.2
12963,36,105.7,14,0.15
12963,6,22.0,27,0.0
12964,68,114.35,16,0.05
12964,50,72.69,36,0.0
12964,11,52.47,25,0.25
12964,20,117.05,37,0.05
12964,57,54.9,30,0.0
12965,31,38.95,18,0.25
12966,15,92.23,29,0.25
12966,46,115.82,14,0.05
12966,21,79.15,25,0.1
12966,58,31.83,12,0.25
12967,14,105.59,1,0.15
12967,65,67.59,15,0.1
12967,63,85.64,6,0.0
12967,24,22.74,23,0.15
12967,47,32.85,35,0.2
12968,1,52.08,9,0.2
12968,19,75.57,28,0.25
12969,26,110.61,24,0.2
12969,44,4.04,24,0.05
12969,32,31.76,24,0.0
12969,3,105.47,7,0.15
12969,16,95.15,6,0.2
12970,57,54.9,5,0.0
12970,2,88.95,30,0.25
12970,72,83.44,25,0.05
12970,60,71.49,14,0.25
12970,15,92.23,18,0.0
12971,48,28.3,20,0.2
12971,58,31.83,15,0.05
12971,29,93.83,10,0.25
12971,41,106.55,20,0.1
12972,24,22.74,2,0.15
12972,43,44.88,40,0.0
12972,48,28.3,33,0.15
12972,3,105.47,21,0.25
12972,68,114.35,16,0.1
12973,27,15.49,29,0.25
12973,24,22.74,39,0.05
12973,32,31.76,12,0.1
12973,36,105.7,19,0.05
12973,30,33.41,10,0.1
12974,55,6.73,17,0.0
12974,37,79.75,9,0.2
12975,28,104.38,33,0.0
12975,60,71.49,14,0.0
12975,7,6.08,40,0.0
12975,31,38.95,26,0.25
12975,4,92.55,31,0.05
12976,1,52.08,38,0.0
12976,66,117.42,15,0.0
12976,9,39.18,15,0.0
12976,68,114.35,19,0.2
12977,46,115.82,38,0.1
12977,38,106.26,12,0.0
12977,47,32.85,5,0.15
12978,44,4.04,29,0.05
12978,4,92.55,37,0.1
12979,70,50.15,34,0.25
12980,63,85.64,38,0.2
12980,24,22.74,25,0.1
12981,21,79.15,32,0.25
12981,12,89.54,2,0.05
12981,7,6.08,15,0.05
12982,6,22.0,4,0.0
12982,58,31.83,16,0.15
12982,32,31.76,23,0.2
12982,56,112.08,16,0.25
12982,52,104.83,33,0.1
12983,15,92.23,33,0.15
12984,26,110.61,29,0.2
12984,31,38.95,27,0.05
12984,58,31.83,33,0.25
12985,65,67.59,26,0.05
12985,54,76.49,32,0.05
12986,59,14.59,40,0.2
12986,5,16.93,40,0.2
12987,63,85.64,38,0.05
12988,65,67.59,31,0.0
12988,61,107.37,16,0.1
12988,44,4.04,33,0.0
12989,7,6.08,25,0.1
12989,77,72.37,12,0.25
12990,22,38.34,38,0.2
12990,58,31.83,28,0.2
12990,68,114.35,16,0.25
12991,5,16.93,30,0.25
12991,66,117.42,32,0.1
12992,53,91.15,33,0.1
12992,36,105.7,32,0.05
12993,73,84.89,34,0.15
12994,15,92.23,23,0.05
12994,5,16.93,21,0.15
12995,9,39.18,40,0.25
12995,18,48.96,14,0.05
12996,23,46.01,35,0.2
12996,6,22.0,40,0.05
12996,44,4.04,1,0.1
12996,1,52.08,11,0.15
12996,56,112.08,9,0.2
12997,61,107.37,20,0.15
12997,52,104.83,18,0.0
12997,73,84.89,29,0.0
12997,26,110.61,18,0.1
12998,73,84.89,19,0.25
12998,47,32.85,38,0.15
12998,10,24.02,10,0.2
12998,19,75.57,39,0.05
12998,18,48.96,19,0.2
12999,30,33.41,12,0.05
12999,18,48.96,3,0.15
12999,67,106.26,33,0.05
13000,28,104.38,15,0.15
13000,30,33.41,16,0.0
13000,27,15.49,32,0.2
13001,23,46.01,33,0.05
13001,66,117.42,35,0.25
13001,32,31.76,36,0.25
13002,23,46.01,5,0.15
13002,59,14.59,5,0.15
13002,21,79.15,19,0.2
13002,46,115.82,29,0.25
13003,66,117.42,26,0.05
13004,18,48.96,34,0.05
13004,24,22.74,8,0.1
13005,18,48.96,10,0.15
13005,37,79.75,20,0.2
13005,11,52.47,3,0.05
13005,61,107.37,39,0.2
13005,35,47.29,35,0.05
13006,15,92.23,18,0.15
13006,69,78.48,25,0.1
13006,28,104.38,33,0.05
13007,71,101.11,37,0.15
13008,32,31.76,24,0.1
13008,34,47.7,31,0.1
13008,6,22.0,11,0.15
13009,57,54.9,2,0.2
13010,6,22.0,10,0.15
13010,7,6.08,34,0.0
13010,29,93.83,39,0.1
13010,26,110.61,28,0.0
13010,73,84.89,30,0.1
13011,37,79.75,32,0.0
13011,71,101.11,3,0.1
13011,9,39.18,39,0.25
13011,16,95.15,25,0.25
13011,10,24.02,12,0.05
13012,27,15.49,5,0.25
13012,37,79.75,25,0.1
13012,16,95.15,30,0.2
13013,43,44.88,23,0.2
13013,57,54.9,13,0.15
13014,45,90.19,19,0.1
13014,42,49.93,1,0.2
13014,77,72.37,33,0.0
13014,5,16.93,16,0.05
13014,14,105.59,31,0.15
13015,9,39.18,9,0.1
13015,31,38.95,35,0.1
13015,52,104.83,10,0.15
13016,76,77.31,8,0.1
13017,34,47.7,12,0.15
13017,23,46.01,1,0.05
13017,15,92.23,25,0.0
13017,26,110.61,13,0.0
13017,13,52.5,9,0.15
13018,75,9.19,6,0.1
13018,74,32.54,26,0.2
13018,46,115.82,38,0.05
13018,73,84.89,19,0.15
13019,16,95.15,1,0.2
13019,3,105.47,15,0.0
13019,59,14.59,18,0.2
13020,21,79.15,27,0.05
13020,18,48.96,13,0.0
13020,46,115.82,34,0.1
13021,68,114.35,10,0.2
13021,70,50.15,4,0.15
13021,44,4.04,35,0.05
13021,66,117.42,7,0.25
13021,73,84.89,30,0.2
13022,25,102.77,2,0.15
13022,57,54.9,11,0.1
13022,67,106.26,3,0.2
13022,42,49.93,22,0.2
13022,2,88.95,28,0.25
13023,60,71.49,11,0.2
13023,15,92.23,12,0.15
13024,35,47.29,36,0.05
13024,48,28.3,7,0.15
13024,9,39.18,31,0.15
13024,6,22.0,12,0.2
13024,27,15.49,27,0.25
13025,73,84.89,24,0.25
13025,76,77.31,9,0.05
13026,26,110.61,16,0.25
13026,72,83.44,37,0.2
13027,47,32.85,20,0.15
13027,3,105.47,36,0.05
13027,20,117.05,29,0.05
13027,15,92.23,9,0.2
13027,49,16.19,26,0.2
13028,33,6.44,15,0.0
13029,46,115.82,8,0.1
13029,8,94.05,31,0.2
13029,53,91.15,28,0.0
13029,7,6.08,24,0.15
13030,63,85.64,5,0.25
13030,68,114.35,25,0.0
13031,9,39.18,28,0.05
13031,14,105.59,1,0.2
13031,69,78.48,32,0.1
13031,48,28.3,26,0.15
13032,8,94.05,5,0.15
13032,67,106.26,18,0.15
13033,36,105.7,25,0.25
13034,26,110.61,8,0.15
13035,10,24.02,31,0.2
13035,62,72.54,19,0.15
13035,35,47.29,32,0.0
13035,25,102.77,25,0.05
13035,73,84.89,33,0.0
13036,57,54.9,9,0.15
13036,37,79.75,5,0.0
13036,41,106.55,29,0.2
13036,51,41.53,4,0.0
13036,5,16.93,27,0.2
13037,52,104.83,37,0.0
13037,35,47.29,17,0.0
13038,22,38.34,3,0.2
13039,72,83.44,18,0.15
13039,48,28.3,6,0.05
13039,47,32.85,12,0.0
13040,12,89.54,16,0.15
13040,71,101.11,21,0.25
13040,19,75.57,25,0.2
13041,65,67.59,40,0.2
13041,35,47.29,8,0.1
13041,61,107.37,29,0.05
13042,21,79.15,25,0.25
13042,18,48.96,5,0.0
13042,31,38.95,29,0.25
13042,43,44.88,20,0.05
13042,6,22.0,37,0.1
13043,33,6.44,30,0.2
13043,7,6.08,29,0.1
13043,34,47.7,17,0.25
13043,73,84.89,31,0.0
13044,59,14.59,11,0.1
13045,5,16.93,34,0.25
13045,77,72.37,29,0.25
13046,51,41.53,3,0.15
13046,59,14.59,15,0.25
13046,18,48.96,5,0.0
13046,11,52.47,29,0.25
13046,63,85.64,32,0.25
13047,44,4.04,34,0.1
13047,23,46.01,13,0.15
13048,18,48.96,11,0.1
13048,9,39.18,23,0.25
13048,37,79.75,10,0.0
13049,47,32.85,17,0.15
13050,63,85.64,29,0.25
13050,26,110.61,20,0.25
13050,15,92.23,23,0.2
13050,53,91.15,26,0.0
13051,27,15.49,9,0.05
13051,42,49.93,32,0.15
13051,69,78.48,7,0.0
13051,66,117.42,16,0.2
13052,27,15.49,16,0.0
13052,32,31.76,38,0.0
13052,22,38.34,13,0.15
13053,65,67.59,27,0.0
13053,46,115.82,17,0.2
13054,20,117.05,3,0.0
13054,42,49.93,16,0.1
13055,22,38.34,38,0.05
13056,22,38.34,19,0.0
13056,3,105.47,39,0.2
13057,39,107.46,35,0.25
13057,52,104.83,4,0.0
13057,5,16.93,3,0.0
13058,56,112.08,6,0.1
13058,54,76.49,38,0.05
13058,68,114.35,26,0.25
13059,71,101.11,35,0.05
13059,58,31.83,5,0.2
13059,76,77.31,20,0.1
13059,42,49.93,27,0.2
13059,18,48.96,10,0.05
13060,7,6.08,7,0.0
13061,25,102.77,32,0.2
13061,49,16.19,38,0.15
13062,37,79.75,36,0.25
13063,29,93.83,27,0.2
13063,50,72.69,33,0.15
13064,50,72.69,26,0.05
13064,27,15.49,22,0.0
13065,64,47.33,1,0.2
13065,18,48.96,19,0.25
13066,63,85.64,6,0.15
13066,53,91.15,21,0.0
13067,67,106.26,21,0.15
13067,18,48.96,34,0.2
13067,41,106.55,23,0.05
13068,23,46.01,29,0.1
13068,43,44.88,36,0.1
13068,67,106.26,33,0.1
13068,61,107.37,24,0.15
13069,76,77.31,24,0.0
13069,13,52.5,11,0.0
13069,72,83.44,4,0.1
13069,60,71.49,35,0.15
13070,49,16.19,34,0.1
13070,23,46.01,29,0.05
13070,6,22.0,7,0.2
13070,28,104.38,5,0.1
13071,5,16.93,22,0.05
13072,69,78.48,31,0.05
13072,32,31.76,5,0.15
13072,12,89.54,3,0.25
13072,38,106.26,16,0.2
13072,15,92.23,24,0.25
13073,71,101.11,34,0.2
13073,67,106.26,33,0.1
13074,3,105.47,25,0.25
13074,67,106.26,5,0.25
13074,20,117.05,13,0.2
13075,28,104.38,20,0.25
13075,14,105.59,20,0.0
13075,75,9.19,33,0.2
13075,42,49.93,29,0.05
13075,16,95.15,35,0.05
13076,43,44.88,17,0.05
13076,28,104.38,13,0.05
13076,47,32.85,19,0.1
13076,65,67.59,16,0.1
13077,18,48.96,38,0.1
13078,72,83.44,12,0.15
13078,8,94.05,21,0.0
13079,18,48.96,15,0.25
13079,56,112.08,12,0.15
13079,37,79.75,2,0.05
13079,52,104.83,17,0.0
13079,72,83.44,37,0.25
13080,11,52.47,2,0.25
13080,45,90.19,9,0.05
13080,77,72.37,29,0.25
13080,36,105.7,38,0.05
13081,17,102.38,26,0.0
13082,31,38.95,16,0.15
13083,43,44.88,16,0.0
13083,21,79.15,21,0.2
13084,26,110.61,23,0.15
13084,73,84.89,15,0.25
13084,2,88.95,37,0.15
13084,11,52.47,25,0.05
13084,17,102.38,27,0.05
13085,43,44.88,23,0.1
13086,20,117.05,39,0.05
13086,56,112.08,9,0.15
13086,25,102.77,35,0.0
13086,70,50.15,17,0.2
13087,60,71.49,38,0.2
13087,37,79.75,29,0.2
13087,5,16.93,35,0.25
13088,30,33.41,11,0.15
13088,7,6.08,25,0.2
13089,73,84.89,4,0.0
13089,23,46.01,27,0.1
13089,50,72.69,8,0.2
13090,8,94.05,10,0.05
13091,29,93.83,28,0.05
13092,11,52.47,23,0.05
13092,6,22.0,22,0.0
13093,40,43.83,3,0.0
13093,10,24.02,5,0.05
13093,63,85.64,33,0.1
13094,5,16.93,18,0.25
13094,54,76.49,14,0.2
13094,9,39.18,2,0.0
13095,12,89.54,29,0.2
13095,45,90.19,18,0.05
13095,8,94.05,27,0.25
13095,14,105.59,12,0.0
13096,55,6.73,35,0.1
13096,74,32.54,38,0.25
13096,52,104.83,30,0.2
13097,23,46.01,16,0.0
13098,9,39.18,27,0.1
13098,43,44.88,1,0.25
13098,13,52.5,10,0.15
13098,34,47.7,26,0.2
13098,42,49.93,6,0.1
13099,69,78.48,30,0.15
13100,55,6.73,37,0.1
13100,14,105.59,20,0.05
13100,9,39.18,11,0.2
13100,16,95.15,39,0.2
13100,48,28.3,29,0.25
13101,76,77.31,10,0.1
13101,26,110.61,36,0.1
13101,10,24.02,5,0.0
13101,35,47.29,16,0.1
13101,62,72.54,11,0.05
13102,66,117.42,10,0.05
13102,4,92.55,36,0.2
13102,18,48.96,20,0.1
13102,54,76.49,34,0.15
13102,50,72.69,7,0.2
13103,2,88.95,25,0.15
13103,67,106.26,1,0.25
13103,12,89.54,20,0.25
13104,76,77.31,32,0.15
13104,48,28.3,26,0.0
13104,5,16.93,40,0.0
13104,63,85.64,20,0.25
13105,68,114.35,20,0.0
13105,66,117.42,33,0.25
13105,33,6.44,6,0.15
13106,41,106.55,28,0.15
13106,7,6.08,35,0.25
13106,48,28.3,33,0.05
13106,25,102.77,25,0.15
13106,19,75.57,19,0.2
13107,48,28.3,17,0.25
13107,53,91.15,2,0.25
13107,35,47.29,12,0.25
13108,48,28.3,27,0.1
13109,58,31.83,16,0.2
13109,54,76.49,18,0.25
13110,14,105.59,24,0.05
13110,26,110.61,34,0.1
13111,50,72.69,24,0.05
13111,51,41.53,7,0.25
13111,35,47.29,5,0.1
13111,19,75.57,34,0.25
13111,18,48.96,25,0.0
13112,60,71.49,37,0.05
13112,54,76.49,31,0.25
13112,26,110.61,33,0.15
13112,71,101.11,37,0.2
13112,58,31.83,2,0.1
13113,41,106.55,11,0.05
13113,1,52.08,35,0.25
13113,63,85.64,40,0.0
13113,59,14.59,24,0.25
13113,17,102.38,32,0.25
13114,63,85.64,35,0.15
13114,51,41.53,33,0.05
13115,45,90.19,20,0.15
13115,10,24.02,22,0.15
13115,29,93.83,35,0.25
13115,14,105.59,31,0.05
13115,18,48.96,37,0.1
13116,21,79.15,16,0.1
13116,29,93.83,18,0.0
13116,6,22.0,25,0.25
13116,66,117.42,39,0.2
13116,52,104.83,11,0.2
13117,8,94.05,21,0.1
13117,15,92.23,4,0.1
13117,32,31.76,5,0.25
13117,50,72.69,13,0.25
13117,31,38.95,37,0.05
13118,8,94.05,38,0.0
13119,14,105.59,25,0.05
13119,10,24.02,14,0.0
13120,50,72.69,32,0.2
13120,2,88.95,13,0.1
13120,74,32.54,15,0.2
13121,70,50.15,31,0.05
13121,24,22.74,36,0.15
13122,44,4.04,30,0.1
13123,2,88.95,36,0.05
13123,67,106.26,1,0.1
13123,45,90.19,5,0.1
13123,37,79.75,5,0.1
13123,11,52.47,30,0.1
13124,74,32.54,34,0.25
13124,19,75.57,7,0.1
13124,54,76.49,16,0.25
13125,17,102.38,26,0.05
13125,51,41.53,15,0.15
13125,55,6.73,19,0.05
13126,10,24.02,37,0.2
13127,28,104.38,37,0.1
13127,51,41.53,25,0.15
13127,26,110.61,5,0.05
13127,65,67.59,30,0.2
13128,66,117.42,38,0.2
13128,11,52.47,4,0.15
13128,43,44.88,11,0.15
13128,2,88.95,35,0.1
13128,65,67.59,10,0.05
13129,70,50.15,24,0.05
13129,9,39.18,13,0.25
13129,53,91.15,3,0.1
13130,17,102.38,37,0.25
13130,61,107.37,8,0.15
13130,57,54.9,17,0.15
13131,74,32.54,28,0.1
13132,61,107.37,39,0.05
13132,33,6.44,40,0.05
13132,60,71.49,31,0.2
13132,21,79.15,39,0.05
13132,16,95.15,24,0.2
13133,73,84.89,40,0.25
13133,6,22.0,23,0.15
13133,66,117.42,21,0.0
13133,9,39.18,25,0.25
13134,31,38.95,3,0.15
13134,35,47.29,24,0.1
13134,75,9.19,7,0.0
13134,42,49.93,30,0.05
13135,74,32.54,5,0.05
13135,48,28.3,27,0.15
13136,9,39.18,34,0.05
13136,8,94.05,10,0.05
13137,73,84.89,36,0.25
13137,4,92.55,7,0.0
13137,75,9.19,38,0.15
13138,18,48.96,16,0.25
13138,72,83.44,20,0.0
13138,52,104.83,32,0.15
13138,63,85.64,30,0.05
13138,55,6.73,25,0.25
13139,25,102.77,7,0.0
13139,42,49.93,17,0.05
13139,59,14.59,11,0.2
13140,57,54.9,10,0.1
13140,28,104.38,35,0.0
13141,39,107.46,8,0.25
13141,76,77.31,29,0.0
13142,47,32.85,23,0.15
13142,56,112.08,32,0.25
13142,36,105.7,21,0.15
13142,74,32.54,30,0.2
13142,72,83.44,37,0.15
13143,62,72.54,19,0.1
13143,59,14.59,22,0.25
13143,75,9.19,34,0.2
13144,49,16.19,33,0.15
13144,27,15.49,23,0.2
13144,29,93.83,37,0.2
13145,73,84.89,22,0.25
13145,15,92.23,16,0.15
13146,69,78.48,11,0.0
13146,9,39.18,4,0.05
13146,57,54.9,37,0.25
13146,38,106.26,11,0.2
13146,28,104.38,40,0.0
13147,71,101.11,40,0.2
13148,45,90.19,13,0.1
13148,2,88.95,20,0.0
13148,40,43.83,30,0.05
13149,68,114.35,1,0.05
13149,61,107.37,29,0.05
13150,53,91.15,12,0.1
13151,55,6.73,39,0.1
13151,76,77.31,16,0.1
13151,10,24.02,13,0.25
13151,9,39.18,21,0.15
13151,8,94.05,31,0.05
13152,68,114.35,33,0.2
13152,59,14.59,4,0.05
13152,9,39.18,19,0.2
13152,47,32.85,2,0.25
13153,38,106.26,7,0.15
13153,41,106.55,39,0.1
13153,73,84.89,32,0.2
13153,52,104.83,31,0.1
13154,3,105.47,28,0.05
13155,71,101.11,32,0.15
13155,12,89.54,40,0.0
13155,52,104.83,14,0.0
13155,48,28.3,24,0.0
13156,71,101.11,10,0.25
13156,7,6.08,5,0.05
13156,36,105.7,14,0.2
13156,50,72.69,19,0.05
13156,38,106.26,8,0.0
13157,47,32.85,22,0.1
13158,6,22.0,24,0.0
13158,33,6.44,15,0.1
13158,48,28.3,34,0.15
13159,1,52.08,6,0.1
13159,18,48.96,32,0.15
13160,57,54.9,19,0.2
13160,59,14.59,11,0.0
13160,54,76.49,30,0.0
13160,65,67.59,35,0.0
13160,51,41.53,17,0.0
13161,28,104.38,21,0.1
13161,32,31.76,30,0.2
13161,13,52.5,21,0.15
13162,65,67.59,40,0.25
13163,9,39.18,28,0.0
13164,17,102.38,16,0.0
13164,36,105.7,33,0.05
13164,28,104.38,30,0.2
13164,50,72.69,3,0.15
13165,38,106.26,37,0.2
13166,24,22.74,11,0.1
13166,12,89.54,16,0.25
13166,21,79.15,9,0.2
13166,33,6.44,35,0.15
13166,32,31.76,15,0.15
13167,7,6.08,22,0.2
13167,62,72.54,12,0.1
13167,48,28.3,27,0.15
13167,67,106.26,24,0.0
13168,22,38.34,1,0.15
13168,23,46.01,15,0.15
13168,70,50.15,1,0.15
13169,11,52.47,6,0.15
13169,57,54.9,37,0.2
13169,74,32.54,19,0.25
13169,31,38.95,35,0.25
13169,71,101.11,13,0.25
13170,69,78.48,40,0.0
13170,75,9.19,33,0.25
13170,20,117.05,39,0.15
13170,60,71.49,20,0.1
13170,24,22.74,16,0.1
13171,50,72.69,12,0.05
13171,1,52.08,4,0.15
13171,13,52.5,13,0.0
13171,5,16.93,21,0.0
13171,30,33.41,38,0.15
13172,9,39.18,7,0.0
13172,21,79.15,29,0.0
13172,37,79.75,1,0.25
13172,42,49.93,37,0.15
13173,8,94.05,37,0.25
13173,72,83.44,3,0.0
13173,20,117.05,22,0.1
13174,20,117.05,17,0.1
13174,61,107.37,8,0.15
13174,62,72.54,23,0.15
13174,43,44.88,30,0.0
13174,65,67.59,22,0.0
13175,6,22.0,12,0.1
13175,21,79.15,2,0.0
13176,73,84.89,23,0.15
13177,49,16.19,9,0.0
13178,52,104.83,23,0.15
13178,29,93.83,1,0.0
13178,64,47.33,37,0.0
13179,19,75.57,2,0.2
13180,48,28.3,19,0.0
13180,20,117.05,25,0.1
13180,32,31.76,4,0.0
13180,67,106.26,13,0.1
13180,33,6.44,16,0.05
13181,59,14.59,6,0.05
13181,6,22.0,39,0.0
13181,51,41.53,40,0.1
13182,3,105.47,5,0.2
13182,40,43.83,1,0.0
13182,64,47.33,4,0.05
13182,39,107.46,39,0.1
13183,66,117.42,16,0.1
13183,67,106.26,8,0.0
13183,20,117.05,4,0.25
13183,26,110.61,14,0.15
13184,12,89.54,12,0.0
13184,42,49.93,31,0.2
13184,57,54.9,19,0.05
13185,34,47.7,19,0.25
13185,59,14.59,27,0.05
13186,42,49.93,39,0.15
13186,48,28.3,3,0.2
13186,65,67.59,4,0.25
13186,20,117.05,2,0.0
13187,50,72.69,18,0.05
13187,8,94.05,20,0.2
13187,48,28.3,25,0.05
13187,56,112.08,22,0.1
13188,73,84.89,39,0.2
13189,43,44.88,3,0.25
13189,38,106.26,29,0.15
13190,76,77.31,13,0.2
13190,41,106.55,5,0.25
13190,7,6.08,25,0.0
13190,3,105.47,37,0.15
13191,67,106.26,30,0.2
13191,49,16.19,34,0.0
13192,25,102.77,3,0.25
13192,12,89.54,15,0.0
13192,5,16.93,11,0.05
13193,67,106.26,32,0.25
13193,73,84.89,31,0.2
13194,66,117.42,19,0.05
13194,76,77.31,19,0.05
13194,31,38.95,21,0.0
13194,22,38.34,18,0.2
13194,6,22.0,21,0.1
13195,71,101.11,5,0.25
13195,40,43.83,3,0.0
13195,15,92.23,4,0.0
13195,73,84.89,40,0.2
13195,56,112.08,35,0.15
13196,77,72.37,17,0.0
13196,38,106.26,38,0.25
13196,5,16.93,9,0.2
13196,3,105.47,3,0.15
13196,37,79.75,12,0.15
13197,33,6.44,29,0.15
13197,56,112.08,40,0.05
13198,42,49.93,32,0.0
13198,46,115.82,7,0.0
13198,47,32.85,34,0.1
13199,35,47.29,25,0.0
13199,73,84.89,8,0.15
13199,48,28.3,10,0.25
13199,77,72.37,19,0.0
13200,59,14.59,28,0.1
13200,31,38.95,39,0.25
13200,62,72.54,18,0.05
13200,39,107.46,27,0.0
13201,29,93.83,27,0.1
13201,54,76.49,13,0.1
13202,17,102.38,2,0.1
13202,20,117.05,18,0.25
13202,61,107.37,27,0.05
13202,27,15.49,38,0.05
13203,17,102.38,12,0.25
13204,40,43.83,16,0.15
13204,51,41.53,17,0.05
13204,36,105.7,8,0.15
13205,59,14.59,12,0.0
13205,39,107.46,24,0.15
13205,25,102.77,3,0.2
13205,37,79.75,11,0.1
13206,75,9.19,16,0.25
13206,71,101.11,37,0.25
13206,53,91.15,30,0.2
13207,29,93.83,16,0.2
13207,40,43.83,15,0.1
13207,23,46.01,10,0.15
13208,39,107.46,18,0.15
13208,43,44.88,1,0.25
13208,54,76.49,39,0.1
13208,74,32.54,7,0.25
13208,66,117.42,11,0.25
13209,19,75.57,36,0.05
13209,41,106.55,20,0.1
13209,74,32.54,31,0.05
13209,73,84.89,18,0.25
13210,51,41.53,11,0.15
13210,3,105.47,17,0.05
13211,24,22.74,2,0.05
13211,27,15.49,35,0.15
13211,59,14.59,20,0.05
13211,56,112.08,16,0.05
13212,50,72.69,12,0.2
13212,34,47.7,34,0.05
13212,22,38.34,16,0.1
13212,14,105.59,14,0.25
13213,2,88.95,35,0.25
13213,44,4.04,38,0.15
13213,57,54.9,35,0.0
13213,62,72.54,38,0.1
13213,4,92.55,40,0.25
13214,12,89.54,36,0.25
13214,40,43.83,14,0.25
13214,49,16.19,13,0.15
13214,74,32.54,7,0.1
13215,57,54.9,38,0.2
13215,3,105.47,20,0.1
13215,38,106.26,6,0.1
13215,35,47.29,7,0.1
13216,36,105.7,14,0.1
13216,18,48.96,10,0.05
13216,11,52.47,32,0.2
13216,75,9.19,7,0.15
13217,13,52.5,28,0.05
13217,4,92.55,5,0.0
13218,21,79.15,34,0.2
13218,10,24.02,37,0.2
13219,24,22.74,3,0.2
13219,32,31.76,5,0.2
13219,48,28.3,33,0.15
13220,15,92.23,29,0.2
13220,52,104.83,7,0.2
13220,32,31.76,27,0.15
13220,33,6.44,18,0.15
13221,43,44.88,11,0.05
13222,8,94.05,1,0.25
13223,44,4.04,14,0.1
13223,4,92.55,27,0.25
13223,57,54.9,33,0.1
13223,68,114.35,21,0.25
13223,74,32.54,16,0.05
13224,63,85.64,39,0.15
13225,15,92.23,40,0.1
13225,2,88.95,28,0.05
13225,19,75.57,39,0.2
13225,6,22.0,28,0.0
13226,46,115.82,6,0.1
13227,4,92.55,37,0.05
13228,22,38.34,21,0.05
13228,8,94.05,6,0.05
13228,62,72.54,34,0.2
13229,12,89.54,30,0.0
13229,69,78.48,21,0.1
13230,75,9.19,20,0.2
13231,11,52.47,36,0.15
13231,52,104.83,36,0.05
13232,36,105.7,19,0.2
13232,39,107.46,5,0.2
13232,34,47.7,38,0.15
13232,69,78.48,20,0.25
13232,43,44.88,30,0.25
13233,19,75.57,10,0.25
13233,66,117.42,40,0.05
13233,21,79.15,24,0.15
13233,7,6.08,16,0.0
13233,3,105.47,19,0.25
13234,60,71.49,23,0.05
13235,69,78.48,33,0.0
13235,75,9.19,21,0.1
13236,57,54.9,2,0.15
13236,32,31.76,15,0.2
13236,25,102.77,7,0.15
13236,55,6.73,23,0.05
13236,69,78.48,14,0.2
13237,72,83.44,8,0.2
13237,36,105.7,36,0.1
13237,8,94.05,20,0.25
13238,68,114.35,24,0.1
13238,65,67.59,22,0.15
13238,13,52.5,1,0.05
13238,47,32.85,39,0.05
13239,25,102.77,4,0.0
13240,16,95.15,9,0.25
13240,46,115.82,12,0.0
13240,52,104.83,6,0.0
13240,45,90.19,23,0.15
13240,67,106.26,13,0.1
13241,77,72.37,15,0.0
13242,20,117.05,31,0.2
13243,19,75.57,13,0.2
13243,73,84.89,24,0.05
13243,26,110.61,3,0.2
13243,51,41.53,15,0.05
13243,27,15.49,24,0.1
13244,64,47.33,2,0.2
13244,75,9.19,7,0.25
13244,16,95.15,1,0.1
13244,24,22.74,36,0.2
13245,34,47.7,22,0.0
13245,5,16.93,12,0.2
13245,16,95.15,2,0.2
13245,8,94.05,23,0.1
13245,36,105.7,31,0.25
13246,37,79.75,8,0.0
13246,38,106.26,13,0.15
13247,71,101.11,36,0.1
13247,44,4.04,39,0.25
13247,6,22.0,19,0.2
13247,43,44.88,38,0.1
13247,57,54.9,29,0.0
13248,3,105.47,7,0.15
13248,31,38.95,6,0.15
13248,10,24.02,7,0.0
13248,25,102.77,17,0.05
13249,48,28.3,23,0.1
13249,43,44.88,17,0.0
13249,39,107.46,38,0.25
13250,5,16.93,39,0.1
13250,70,50.15,8,0.15
13251,49,16.19,13,0.1
13251,5,16.93,4,0.0
13252,44,4.04,6,0.0
13252,77,72.37,19,0.2
13252,73,84.89,28,0.2
13253,23,46.01,18,0.05
13253,7,6.08,25,0.05
13253,40,43.83,6,0.2
13253,33,6.44,40,0.25
13253,9,39.18,36,0.1
13254,14,105.59,18,0.15
13254,58,31.83,21,0.0
13254,20,117.05,27,0.1
13255,18,48.96,26,0.25
13255,71,101.11,2,0.15
13256,3,105.47,7,0.05
13256,1,52.08,31,0.25
13256,60,71.49,7,0.15
13256,8,94.05,2,0.25
13256,24,22.74,8,0.2
13257,45,90.19,8,0.15
13258,73,84.89,35,0.25
13258,8,94.05,28,0.1
13259,4,92.55,12,0.2
13259,70,50.15,6,0.0
13259,58,31.83,34,0.0
13259,29,93.83,17,0.0
13259,77,72.37,40,0.25
13260,74,32.54,18,0.15
13261,45,90.19,4,0.15
13261,58,31.83,8,0.1
13261,49,16.19,26,0.15
13262,5,16.93,15,0.15
13262,58,31.83,8,0.15
13262,25,102.77,20,0.0
13263,49,16.19,8,0.15
13264,73,84.89,19,0.1
13264,55,6.73,21,0.2
13264,27,15.49,15,0.25
13264,13,52.5,24,0.1
13264,45,90.19,23,0.05
13265,11,52.47,8,0.05
13265,1,52.08,13,0.2
13266,73,84.89,18,0.25
13266,46,115.82,25,0.1
13266,69,78.48,6,0.1
13266,25,102.77,22,0.25
13266,13,52.5,30,0.2
13267,52,104.83,32,0.25
13267,70,50.15,33,0.05
13267,3,105.47,12,0.05
13267,51,41.53,16,0.25
13267,26,110.61,37,0.0
13268,20,117.05,37,0.25
13268,36,105.7,6,0.2
13268,32,31.76,20,0.1
13268,52,104.83,7,0.1
13269,54,76.49,17,0.0
13270,48,28.3,14,0.2
13270,14,105.59,28,0.25
13270,57,54.9,28,0.25
13270,19,75.57,26,0.25
13270,52,104.83,17,0.1
13271,66,117.42,26,0.0
13272,19,75.57,21,0.05
13272,30,33.41,28,0.2
13273,30,33.41,15,0.2
13273,32,31.76,20,0.1
13274,62,72.54,13,0.2
13274,8,94.05,14,0.05
13274,23,46.01,28,0.1
13275,14,105.59,27,0.0
13275,54,76.49,30,0.15
13275,77,72.37,6,0.0
13275,5,16.93,2,0.2
13275,6,22.0,32,0.1
13276,13,52.5,29,0.05
13277,70,50.15,31,0.05
13277,2,88.95,5,0.25
13278,44,4.04,5,0.05
13279,19,75.57,1,0.05
13279,64,47.33,13,0.0
13280,51,41.53,8,0.05
13280,77,72.37,29,0.05
13280,23,46.01,30,0.25
13280,17,102.38,3,0.2
13280,8,94.05,21,0.05
13281,50,72.69,28,0.0
13282,48,28.3,10,0.2
13282,52,104.83,33,0.1
13282,65,67.59,8,0.1
13283,66,117.42,3,0.15
13283,15,92.23,5,0.05
13283,49,16.19,11,0.15
13284,1,52.08,17,0.15
13284,77,72.37,16,0.05
13285,57,54.9,31,0.2
13285,44,4.04,33,0.25
13285,39,107.46,8,0.0
13286,32,31.76,25,0.25
13286,61,107.37,23,0.2
13286,29,93.83,9,0.25
13286,35,47.29,16,0.15
13287,69,78.48,7,0.2
13287,18,48.96,10,0.0
13288,53,91.15,15,0.05
13289,7,6.08,23,0.05
13289,72,83.44,22,0.05
13289,58,31.83,33,0.1
13289,21,79.15,9,0.15
13289,34,47.7,24,0.15
13290,22,38.34,27,0.25
13290,61,107.37,27,0.15
13290,2,88.95,32,0.0
13290,5,16.93,23,0.05
13291,8,94.05,8,0.1
13291,50,72.69,33,0.25
13291,54,76.49,6,0.0
13291,65,67.59,18,0.05
13292,2,88.95,2,0.1
13292,14,105.59,39,0.0
13293,10,24.02,5,0.25
13293,40,43.83,4,0.05
13293,20,117.05,14,0.05
13294,43,44.88,8,0.2
13295,56,112.08,25,0.25
13296,77,72.37,4,0.1
13297,15,92.23,27,0.2
13297,54,76.49,40,0.0
13298,76,77.31,32,0.0
13298,49,16.19,11,0.25
13298,54,76.49,17,0.2
13298,24,22.74,15,0.0
13298,72,83.44,15,0.15
13299,71,101.11,17,0.15
13299,32,31.76,39,0.1
13299,13,52.5,25,0.25
13300,38,106.26,16,0.1
13300,7,6.08,2,0.1
13300,73,84.89,25,0.25
13301,22,38.34,18,0.1
13301,12,89.54,24,0.05
13302,67,106.26,7,0.0
13302,62,72.54,27,0.0
13302,66,117.42,25,0.15
13302,63,85.64,2,0.05
13303,27,15.49,4,0.0
13303,50,72.69,32,0.25
13303,39,107.46,3,0.1
13303,22,38.34,21,0.0
13304,39,107.46,17,0.15
13304,22,38.34,15,0.1
13305,62,72.54,38,0.15
13306,69,78.48,19,0.25
13306,70,50.15,23,0.2
13306,77,72.37,18,0.25
13307,73,84.89,7,0.25
13307,61,107.37,14,0.15
13307,56,112.08,2,0.05
13308,18,48.96,7,0.25
13308,13,52.5,33,0.05
13309,24,22.74,4,0.15
13310,70,50.15,34,0.2
13311,65,67.59,39,0.05
13311,39,107.46,7,0.15
13311,77,72.37,17,0.1
13311,50,72.69,27,0.2
13312,60,71.49,1,0.1
13312,17,102.38,33,0.05
13312,7,6.08,16,0.15
13312,70,50.15,27,0.0
13313,51,41.53,22,0.25
13313,73,84.89,36,0.1
13314,21,79.15,39,0.25
13314,41,106.55,5,0.25
13314,77,72.37,30,0.15
13314,57,54.9,40,0.0
13314,49,16.19,36,0.0
13315,11,52.47,30,0.0
13315,45,90.19,13,0.25
13316,33,6.44,20,0.05
13316,66,117.42,40,0.05
13317,76,77.31,33,0.2
13317,25,102.77,32,0.05
13317,75,9.19,13,0.25
13318,26,110.61,39,0.05
13319,58,31.83,28,0.1
13319,1,52.08,20,0.15
13319,25,102.77,39,0.25
13320,60,71.49,24,0.0
13320,53,91.15,27,0.0
13321,48,28.3,21,0.25
13321,2,88.95,24,0.05
13322,3,105.47,39,0.25
13322,48,28.3,6,0.25
13322,66,117.42,24,0.1
13322,43,44.88,7,0.25
13322,76,77.31,38,0.05
13323,35,47.29,9,0.25
13324,70,50.15,20,0.2
13325,52,104.83,20,0.0
13325,7,6.08,33,0.15
13326,61,107.37,15,0.15
13326,58,31.83,22,0.05
13326,24,22.74,18,0.25
13327,77,72.37,6,0.25
13327,12,89.54,32,0.2
13327,65,67.59,18,0.2
13327,54,76.49,25,0.2
13327,60,71.49,34,0.0
13328,62,72.54,25,0.1
13328,44,4.04,18,0.2
13329,17,102.38,24,0.0
13329,45,90.19,1,0.0
13329,10,24.02,34,0.05
13329,11,52.47,19,0.1
13329,28,104.38,34,0.15
13330,45,90.19,8,0.1
13330,25,102.77,30,0.1
13330,40,43.83,5,0.05
13330,70,50.15,25,0.1
13330,67,106.26,24,0.25
13331,14,105.59,15,0.2
13331,9,39.18,9,0.0
13332,14,105.59,8,0.1
13332,71,101.11,24,0.25
13332,62,72.54,25,0.1
13332,38,106.26,4,0.0
13333,75,9.19,22,0.25
13333,18,48.96,27,0.25
13333,54,76.49,19,0.1
13333,60,71.49,27,0.2
13334,66,117.42,28,0.05
13334,13,52.5,7,0.05
13334,39,107.46,30,0.05
13334,42,49.93,32,0.2
13335,57,54.9,40,0.15
13335,35,47.29,22,0.05
13335,63,85.64,30,0.15
13335,53,91.15,2,0.15
13336,16,95.15,7,0.0
13336,49,16.19,14,0.2
13336,24,22.74,20,0.0
13337,30,33.41,28,0.25
13338,67,106.26,18,0.05
13338,76,77.31,17,0.15
13338,39,107.46,2,0.1
13338,15,92.23,15,0.1
13338,31,38.95,36,0.25
13339,12,89.54,39,0.15
13340,24,22.74,14,0.15
13340,34,47.7,13,0.0
13341,72,83.44,15,0.0
13341,16,95.15,13,0.1
13342,47,32.85,32,0.25
13342,4,92.55,12,0.25
13342,27,15.49,36,0.2
13342,75,9.19,9,0.25
13343,1,52.08,20,0.2
13343,12,89.54,2,0.0
13344,72,83.44,25,0.1
13345,15,92.23,7,0.05
13346,49,16.19,27,0.15
13346,62,72.54,26,0.2
13346,59,14.59,3,0.15
13347,48,28.3,15,0.1
13347,13,52.5,20,0.2
13347,16,95.15,39,0.0
13347,25,102.77,2,0.0
13347,34,47.7,14,0.05
13348,55,6.73,21,0.15
13348,43,44.88,32,0.1
13348,45,90.19,8,0.15
13348,75,9.19,37,0.0
13349,36,105.7,5,0.1
13349,34,47.7,19,0.2
13349,3,105.47,7,0.0
13350,31,38.95,22,0.15
13351,41,106.55,23,0.2
13352,4,92.55,12,0.25
13352,43,44.88,26,0.0
13352,38,106.26,7,0.1
13353,54,76.49,2,0.05
13353,72,83.44,1,0.2
13353,48,28.3,22,0.2
13353,68,114.35,30,0.25
13353,71,101.11,18,0.25
13354,41,106.55,28,0.25
13354,38,106.26,34,0.15
13355,9,39.18,11,0.05
13355,69,78.48,2,0.15
13355,16,95.15,30,0.1
13356,72,83.44,34,0.2
13356,46,115.82,22,0.1
13357,57,54.9,33,0.2
13357,67,106.26,21,0.1
13357,75,9.19,35,0.25
13357,54,76.49,21,0.2
13357,15,92.23,7,0.25
13358,57,54.9,36,0.1
13358,69,78.48,4,0.0
13358,32,31.76,23,0.25
13358,56,112.08,7,0.1
13359,18,48.96,37,0.1
13359,50,72.69,13,0.05
13359,39,107.46,26,0.2
13360,64,47.33,9,0.25
13360,5,16.93,4,0.2
13360,53,91.15,5,0.1
13360,73,84.89,39,0.1
13360,6,22.0,20,0.0
13361,10,24.02,26,0.05
13361,5,16.93,33,0.15
13361,56,112.08,20,0.05
13362,74,32.54,1,0.05
13362,70,50.15,40,0.15
13362,15,92.23,4,0.25
13362,65,67.59,15,0.05
13363,60,71.49,40,0.15
13363,33,6.44,25,0.2
13363,47,32.85,26,0.1
13363,51,41.53,20,0.15
13364,57,54.9,2,0.25
13365,12,89.54,1,0.2
13365,16,95.15,7,0.25
13365,25,102.77,9,0.2
13365,65,67.59,17,0.15
13365,19,75.57,36,0.15
13366,7,6.08,9,0.1
13366,74,32.54,14,0.2
13367,50,72.69,26,0.15
13367,72,83.44,32,0.1
13368,49,16.19,26,0.25
13368,53,91.15,37,0.0
13369,67,106.26,21,0.2
13369,29,93.83,4,0.15
13369,3,105.47,9,0.05
13370,42,49.93,22,0.2
13371,77,72.37,19,0.15
13371,3,105.47,37,0.0
13371,22,38.34,20,0.05
13371,42,49.93,13,0.1
13371,12,89.54,38,0.2
13372,38,106.26,22,0.2
13372,27,15.49,16,0.25
13372,33,6.44,23,0.0
13372,25,102.77,36,0.1
13373,34,47.7,8,0.2
13373,27,15.49,2,0.25
13373,12,89.54,5,0.2
13374,35,47.29,23,0.25
13375,35,47.29,25,0.1
13375,31,38.95,22,0.25
13375,40,43.83,33,0.0
13375,38,106.26,5,0.2
13375,54,76.49,27,0.15
13376,51,41.53,19,0.05
13377,19,75.57,25,0.1
13377,27,15.49,15,0.25
13377,5,16.93,28,0.25
13377,75,9.19,37,0.0
13378,45,90.19,1,0.25
13378,52,104.83,17,0.1
13378,13,52.5,8,0.05
13378,5,16.93,39,0.2
13379,9,39.18,17,0.0
13379,55,6.73,34,0.0
13379,66,117.42,7,0.05
13379,59,14.59,30,0.25
13379,16,95.15,18,0.15
13380,63,85.64,7,0.25
13381,42,49.93,13,0.15
13381,6,22.0,11,0.05
13381,67,106.26,21,0.2
13381,23,46.01,7,0.1
13382,60,71.49,4,0.2
13382,14,105.59,28,0.0
13383,3,105.47,8,0.25
13383,68,114.35,11,0.2
13383,12,89.54,15,0.15
13383,36,105.7,32,0.05
13384,66,117.42,35,0.2
13384,26,110.61,22,0.15
13384,38,106.26,32,0.15
13384,33,6.44,39,0.0
13385,43,44.88,21,0.2
13385,10,24.02,12,0.1
13385,58,31.83,13,0.0
13385,33,6.44,37,0.05
13386,77,72.37,17,0.25
13386,74,32.54,34,0.25
13386,56,112.08,8,0.1
13386,72,83.44,5,0.25
13387,10,24.02,28,0.2
13387,5,16.93,23,0.15
13387,52,104.83,27,0.05
13387,76,77.31,15,0.1
13388,54,76.49,40,0.0
13388,44,4.04,31,0.15
13388,35,47.29,4,0.0
13388,3,105.47,7,0.1
13389,43,44.88,9,0.0
13389,12,89.54,35,0.25
13390,55,6.73,23,0.05
13390,14,105.59,39,0.0
13390,74,32.54,12,0.25
13390,44,4.04,40,0.2
13390,51,41.53,8,0.0
13391,4,92.55,4,0.15
13391,74,32.54,21,0.15
13391,61,107.37,1,0.25
13391,55,6.73,16,0.0
13392,45,90.19,31,0.0
13392,76,77.31,21,0.15
13392,61,107.37,20,0.1
13392,60,71.49,6,0.1
13392,4,92.55,24,0.1
13393,70,50.15,12,0.2
13393,3,105.47,19,0.0
13393,53,91.15,28,0.1
13393,52,104.83,18,0.25
13394,67,106.26,11,0.15
13394,72,83.44,14,0.15
13394,64,47.33,1,0.25
13394,5,16.93,2,0.2
13395,22,38.34,8,0.05
13395,17,102.38,32,0.0
13395,77,72.37,14,0.2
13395,70,50.15,12,0.2
13396,47,32.85,7,0.05
13396,24,22.74,36,0.0
13396,35,47.29,24,0.05
13396,57,54.9,30,0.2
13396,38,106.26,10,0.15
13397,6,22.0,11,0.15
13397,70,50.15,6,0.2
13398,22,38.34,21,0.15
13398,20,117.05,36,0.25
13398,49,16.19,26,0.2
13398,57,54.9,16,0.25
13399,58,31.83,21,0.2
13399,15,92.23,3,0.2
13400,37,79.75,9,0.25
13400,16,95.15,37,0.0
13400,30,33.41,29,0.1
13400,10,24.02,12,0.0
13401,42,49.93,8,0.0
13401,57,54.9,28,0.05
13401,54,76.49,1,0.15
13401,40,43.83,25,0.25
13401,49,16.19,37,0.15
13402,21,79.15,27,0.0
13402,47,32.85,20,0.15
13403,53,91.15,32,0.25
13403,4,92.55,13,0.05
13403,58,31.83,33,0.15
13403,23,46.01,32,0.05
13403,56,112.08,24,0.2
13404,6,22.0,2,0.1
13404,43,44.88,35,0.2
13404,13,52.5,3,0.15
13404,1,52.08,19,0.2
13404,72,83.44,32,0.15
13405,63,85.64,26,0.2
13405,50,72.69,18,0.05
13405,18,48.96,23,0.1
13405,15,92.23,30,0.25
13405,28,104.38,1,0.25
13406,3,105.47,11,0.0
13406,71,101.11,26,0.15
13406,69,78.48,33,0.0
13406,24,22.74,12,0.05
13407,15,92.23,6,0.25
13407,62,72.54,19,0.05
13407,8,94.05,38,0.05
13407,37,79.75,26,0.05
13407,1,52.08,32,0.2
13408,5,16.93,29,0.05
13408,75,9.19,33,0.2
13409,60,71.49,37,0.15
13410,56,112.08,30,0.15
13410,15,92.23,3,0.05
13411,23,46.01,30,0.15
13411,45,90.19,36,0.25
13411,51,41.53,28,0.15
13412,21,79.15,10,0.2
13412,13,52.5,10,0.2
13412,57,54.9,37,0.25
13412,62,72.54,32,0.25
13413,23,46.01,5,0.15
13413,57,54.9,27,0.15
13413,75,9.19,21,0.15
13414,42,49.93,11,0.0
13414,76,77.31,1,0.05
13415,51,41.53,23,0.0
13415,27,15.49,5,0.25
13415,1,52.08,2,0.1
13415,28,104.38,1,0.1
13416,61,107.37,36,0.15
13416,23,46.01,20,0.05
13416,17,102.38,27,0.1
13416,22,38.34,9,0.15
13416,45,90.19,11,0.15
13417,48,28.3,20,0.0
13418,47,32.85,28,0.2
13419,57,54.9,35,0.1
13420,2,88.95,27,0.2
13421,16,95.15,12,0.1
13421,12,89.54,39,0.25
13421,71,101.11,24,0.1
13422,51,41.53,23,0.2
13423,9,39.18,28,0.2
13424,63,85.64,3,0.25
13424,34,47.7,4,0.15
13424,39,107.46,22,0.1
13424,64,47.33,16,0.0
13424,4,92.55,14,0.15
13425,60,71.49,38,0.15
13425,30,33.41,3,0.0
13425,36,105.7,4,0.1
13425,62,72.54,20,0.0
13425,43,44.88,25,0.25
13426,58,31.83,32,0.1
13426,60,71.49,8,0.0
13426,21,79.15,6,0.05
13427,51,41.53,37,0.1
13427,52,104.83,6,0.25
13427,4,92.55,34,0.1
13428,3,105.47,38,0.1
13429,50,72.69,40,0.05
13429,55,6.73,12,0.2
13429,64,47.33,28,0.2
13430,25,102.77,40,0.05
13430,7,6.08,5,0.05
13430,66,117.42,37,0.2
13431,5,16.93,11,0.05
13431,2,88.95,14,0.15
13432,17,102.38,6,0.05
13432,58,31.83,24,0.2
13433,77,72.37,24,0.15
13433,5,16.93,2,0.05
13434,61,107.37,30,0.2
13434,13,52.5,4,0.1
13435,52,104.83,27,0.15
13435,55,6.73,32,0.1
13436,72,83.44,35,0.2
13437,72,83.44,39,0.15
13437,13,52.5,19,0.25
13437,60,71.49,27,0.1
13438,21,79.15,22,0.0
13438,37,79.75,36,0.25
13439,21,79.15,29,0.25
13439,33,6.44,26,0.05
13439,16,95.15,39,0.25
13440,61,107.37,23,0.15
13441,76,77.31,36,0.05
13441,17,102.38,21,0.25
13441,30,33.41,5,0.05
13441,70,50.15,29,0.2
13441,49,16.19,9,0.05
13442,60,71.49,37,0.1
13442,30,33.41,31,0.05
13442,56,112.08,19,0.05
13442,33,6.44,34,0.1
13443,31,38.95,25,0.15
13443,20,117.05,40,0.2
13443,15,92.23,24,0.15
13443,47,32.85,26,0.05
13444,39,107.46,5,0.15
13445,2,88.95,22,0.15
13445,63,85.64,39,0.05
13446,69,78.48,1,0.05
13446,28,104.38,6,0.15
13446,20,117.05,26,0.15
13446,16,95.15,1,0.05
13447,67,106.26,1,0.05
13447,13,52.5,9,0.2
13448,42,49.93,34,0.2
13449,29,93.83,3,0.25
13450,6,22.0,30,0.2
13450,47,32.85,15,0.15
13451,52,104.83,18,0.2
13451,69,78.48,4,0.0
13451,24,22.74,39,0.1
13451,27,15.49,29,0.15
13452,49,16.19,21,0.15
13452,5,16.93,18,0.2
13452,59,14.59,29,0.1
13452,61,107.37,25,0.15
13452,7,6.08,11,0.1
13453,77,72.37,13,0.2
13453,21,79.15,38,0.0
13454,76,77.31,20,0.25
13455,74,32.54,29,0.25
13455,45,90.19,16,0.2
13455,52,104.83,2,0.2
13455,54,76.49,11,0.1
13456,40,43.83,27,0.2
13456,3,105.47,9,0.1
13456,1,52.08,29,0.1
13457,11,52.47,12,0.05
13457,55,6.73,36,0.0
13457,10,24.02,28,0.1
13458,30,33.41,10,0.15
13458,47,32.85,5,0.0
13458,40,43.83,11,0.2
13458,19,75.57,15,0.15
13459,68,114.35,10,0.2
13459,65,67.59,39,0.0
13459,12,89.54,8,0.05
13460,25,102.77,25,0.15
13460,42,49.93,9,0.1
13460,74,32.54,40,0.25
13460,43,44.88,32,0.05
13460,27,15.49,29,0.05
13461,34,47.7,30,0.0
13461,75,9.19,11,0.05
13462,57,54.9,1,0.25
13462,48,28.3,23,0.25
13462,4,92.55,40,0.0
13462,41,106.55,3,0.15
13463,3,105.47,20,0.25
13463,22,38.34,16,0.05
13463,72,83.44,5,0.2
13463,43,44.88,40,0.2
13463,57,54.9,24,0.15
13464,7,6.08,32,0.15
13464,56,112.08,6,0.05
13464,12,89.54,21,0.25
13464,62,72.54,16,0.1
13465,51,41.53,35,0.15
13465,18,48.96,36,0.2
13465,45,90.19,18,0.0
13465,68,114.35,23,0.1
13465,67,106.26,28,0.15
13466,39,107.46,33,0.0
13466,77,72.37,6,0.25
13466,41,106.55,20,0.15
13467,56,112.08,10,0.1
13467,64,47.33,18,0.0
13467,9,39.18,19,0.0
13467,16,95.15,2,0.1
13468,43,44.88,27,0.1
13468,27,15.49,18,0.05
13469,55,6.73,31,0.15
13469,38,106.26,7,0.1
13470,49,16.19,28,0.15
13470,50,72.69,39,0.0
13471,75,9.19,28,0.05
13471,11,52.47,34,0.1
13471,24,22.74,20,0.0
13471,66,117.42,28,0.1
13472,5,16.93,1,0.0
13472,42,49.93,39,0.1
13472,52,104.83,10,0.1
13472,54,76.49,17,0.25
13473,60,71.49,8,0.0
13473,27,15.49,28,0.05
13474,68,114.35,15,0.1
13474,44,4.04,20,0.05
13474,27,15.49,6,0.15
13475,26,110.61,6,0.0
13476,30,33.41,18,0.05
13476,33,6.44,34,0.25
13476,42,49.93,8,0.15
13476,65,67.59,30,0.2
13477,73,84.89,20,0.25
13477,37,79.75,13,0.15
13477,6,22.0,9,0.15
13477,69,78.48,25,0.25
13477,42,49.93,8,0.1
13478,13,52.5,19,0.1
13478,17,102.38,8,0.2
13479,25,102.77,10,0.25
13480,41,106.55,39,0.0
13480,56,112.08,9,0.15
13481,33,6.44,20,0.15
13481,16,95.15,40,0.2
13481,52,104.83,28,0.2
13481,15,92.23,18,0.1
13481,2,88.95,11,0.05
13482,22,38.34,36,0.25
13482,5,16.93,33,0.1
13483,61,107.37,19,0.1
13483,18,48.96,14,0.2
13483,46,115.82,18,0.05
13483,51,41.53,29,0.2
13483,44,4.04,21,0.15
13484,10,24.02,32,0.0
13485,34,47.7,28,0.05
13485,28,104.38,36,0.0
13485,4,92.55,31,0.05
13486,71,101.11,4,0.25
13486,67,106.26,17,0.25
13486,33,6.44,19,0.25
13486,25,102.77,22,0.25
13486,42,49.93,38,0.2
13487,40,43.83,30,0.2
13487,30,33.41,7,0.1
13488,31,38.95,3,0.15
13488,76,77.31,12,0.0
13488,22,38.34,31,0.05
13489,29,93.83,31,0.1
13490,21,79.15,11,0.25
13490,23,46.01,16,0.15
13490,49,16.19,10,0.25
13490,59,14.59,18,0.05
13491,1,52.08,35,0.15
13491,25,102.77,5,0.0
13491,54,76.49,9,0.15
13491,17,102.38,13,0.2
13491,65,67.59,33,0.1
13492,3,105.47,35,0.1
13492,5,16.93,36,0.2
13492,4,92.55,20,0.1
13493,59,14.59,34,0.0
13493,64,47.33,18,0.05
13493,51,41.53,35,0.0
13494,45,90.19,21,0.2
13495,23,46.01,11,0.2
13495,67,106.26,35,0.0
13495,20,117.05,30,0.2
13495,34,47.7,2,0.1
13495,44,4.04,7,0.15
13496,21,79.15,18,0.1
13496,15,92.23,4,0.25
13497,73,84.89,18,0.15
13498,8,94.05,13,0.25
13498,32,31.76,5,0.15
13498,45,90.19,17,0.15
13499,33,6.44,22,0.0
13499,41,106.55,26,0.1
13499,14,105.59,36,0.15
13499,25,102.77,11,0.15
13500,29,93.83,40,0.1
13500,30,33.41,39,0.25
13500,44,4.04,21,0.2
13501,51,41.53,20,0.2
13501,63,85.64,40,0.0
13501,12,89.54,17,0.05
13502,20,117.05,26,0.1
13502,23,46.01,27,0.05
13503,2,88.95,9,0.2
13503,1,52.08,30,0.05
13503,36,105.7,24,0.2
13504,20,117.05,7,0.25
13504,47,32.85,30,0.05
13504,11,52.47,23,0.05
13504,54,76.49,39,0.2
13505,32,31.76,28,0.15
13505,44,4.04,11,0.2
13505,40,43.83,4,0.15
13505,72,83.44,24,0.05
13506,51,41.53,8,0.25
13506,7,6.08,12,0.05
13506,77,72.37,2,0.1
13506,40,43.83,36,0.15
13507,10,24.02,40,0.2
13507,54,76.49,23,0.2
13507,29,93.83,38,0.25
13507,6,22.0,28,0.2
13507,66,117.42,21,0.05
13508,17,102.38,32,0.0
13508,4,92.55,26,0.25
13509,21,79.15,18,0.15
13509,27,15.49,38,0.15
13509,60,71.49,31,0.2
13510,74,32.54,7,0.2
13511,3,105.47,38,0.25
13511,17,102.38,1,0.2
13512,55,6.73,35,0.1
13512,71,101.11,37,0.25
13512,26,110.61,21,0.1
13513,53,91.15,11,0.2
13514,14,105.59,3,0.1
13514,17,102.38,15,0.1
13514,24,22.74,19,0.15
13514,51,41.53,34,0.25
13515,32,31.76,23,0.15
13515,74,32.54,18,0.05
13515,72,83.44,12,0.1
13515,30,33.41,10,0.25
13515,21,79.15,4,0.05
13516,76,77.31,12,0.15
13516,74,32.54,22,0.25
13516,73,84.89,27,0.0
13517,41,106.55,4,0.0
13517,53,91.15,9,0.0
13517,73,84.89,28,0.25
13517,14,105.59,25,0.2
13518,61,107.37,27,0.0
13518,5,16.93,17,0.25
13518,70,50.15,18,0.2
13519,56,112.08,7,0.2
13519,19,75.57,13,0.15
13519,6,22.0,7,0.2
13519,40,43.83,15,0.05
13519,1,52.08,2,0.1
13520,14,105.59,7,0.25
13520,32,31.76,31,0.05
13520,15,92.23,23,0.2
13521,18,48.96,18,0.0
13521,42,49.93,9,0.05
13521,46,115.82,15,0.05
13521,52,104.83,17,0.05
13521,6,22.0,36,0.05
13522,32,31.76,33,0.15
13522,12,89.54,9,0.05
13522,53,91.15,29,0.2
13522,70,50.15,19,0.25
13523,58,31.83,12,0.15
13523,27,15.49,37,0.1
13523,13,52.5,22,0.0
13523,24,22.74,27,0.15
13523,60,71.49,14,0.05
13524,63,85.64,23,0.05
13524,20,117.05,34,0.05
13524,53,91.15,36,0.0
13524,41,106.55,2,0.15
13525,30,33.41,12,0.15
13525,19,75.57,9,0.25
13526,36,105.7,20,0.1
13526,26,110.61,3,0.2
13526,6,22.0,38,0.1
13526,46,115.82,25,0.2
13527,5,16.93,13,0.15
13527,71,101.11,21,0.15
13527,72,83.44,23,0.05
13528,55,6.73,25,0.25
13528,54,76.49,16,0.0
13528,37,79.75,8,0.25
13528,51,41.53,33,0.15
13529,62,72.54,13,0.2
13530,1,52.08,21,0.1
13530,33,6.44,25,0.05
13530,76,77.31,9,0.1
13531,59,14.59,22,0.1
13531,18,48.96,37,0.25
13531,13,52.5,28,0.2
13531,57,54.9,25,0.25
13532,53,91.15,2,0.0
13533,13,52.5,37,0.05
13533,47,32.85,2,0.05
13533,41,106.55,23,0.0
13534,43,44.88,8,0.15
13534,54,76.49,17,0.1
13534,68,114.35,28,0.15
13534,32,31.76,28,0.25
13534,40,43.83,34,0.05
13535,49,16.19,21,0.15
13536,1,52.08,5,0.0
13536,9,39.18,36,0.05
13536,38,106.26,15,0.2
13536,63,85.64,38,0.0
13537,26,110.61,5,0.15
13537,10,24.02,32,0.1
13537,37,79.75,19,0.0
13538,64,47.33,26,0.05
13538,9,39.18,29,0.2
13538,55,6.73,15,0.2
13539,60,71.49,23,0.05
13539,18,48.96,23,0.1
13539,13,52.5,20,0.1
13539,11,52.47,23,0.0
13539,58,31.83,31,0.15
13540,64,47.33,23,0.2
13540,43,44.88,19,0.25
13540,18,48.96,6,0.05
13540,60,71.49,29,0.2
13541,51,41.53,4,0.05
13541,50,72.69,4,0.25
13542,52,104.83,5,0.2
13542,9,39.18,36,0.15
13542,25,102.77,13,0.2
13542,6,22.0,15,0.15
13542,73,84.89,36,0.15
13543,6,22.0,30,0.05
13544,12,89.54,3,0.05
13545,77,72.37,20,0.1
13545,42,49.93,22,0.15
13545,32,31.76,11,0.15
13545,14,105.59,3,0.15
13545,60,71.49,3,0.05
13546,19,75.57,7,0.25
13546,5,16.93,7,0.2
13546,67,106.26,29,0.15
13546,40,43.83,33,0.1
13546,39,107.46,6,0.15
13547,4,92.55,15,0.05
13547,26,110.61,3,0.1
13547,5,16.93,37,0.0
13547,24,22.74,7,0.25
13548,38,106.26,33,0.25
13548,22,38.34,25,0.1
13549,53,91.15,3,0.0
13549,23,46.01,24,0.05
13549,28,104.38,23,0.0
13550,72,83.44,27,0.15
13551,56,112.08,20,0.25
13552,7,6.08,28,0.0
13552,10,24.02,12,0.1
13552,29,93.83,3,0.15
13552,75,9.19,40,0.2
13553,71,101.11,23,0.2
13553,23,46.01,13,0.15
13553,38,106.26,40,0.05
13554,59,14.59,16,0.2
13554,68,114.35,21,0.25
13554,30,33.41,21,0.2
13555,52,104.83,1,0.05
13555,69,78.48,30,0.25
13556,42,49.93,14,0.05
13556,25,102.77,34,0.2
13556,23,46.01,25,0.05
13557,65,67.59,17,0.15
13557,38,106.26,20,0.2
13557,26,110.61,15,0.2
13558,71,101.11,12,0.15
13558,16,95.15,20,0.15
13558,40,43.83,15,0.25
13559,64,47.33,21,0.1
13559,38,106.26,10,0.0
13560,54,76.49,19,0.0
13560,50,72.69,16,0.15
13560,71,101.11,24,0.05
13561,65,67.59,30,0.25
13562,24,22.74,15,0.1
13562,27,15.49,38,0.2
13562,30,33.41,8,0.25
13562,36,105.7,14,0.25
13563,67,106.26,7,0.2
13563,9,39.18,38,0.05
13564,50,72.69,20,0.05
13564,59,14.59,32,0.2
13565,2,88.95,29,0.2
13565,3,105.47,32,0.15
13565,14,105.59,21,0.25
13565,6,22.0,19,0.15
13565,21,79.15,16,0.15
13566,77,72.37,28,0.25
13566,23,46.01,37,0.1
13566,44,4.04,23,0.15
13566,68,114.35,15,0.05
13567,43,44.88,26,0.0
13568,21,79.15,4,0.15
13568,53,91.15,2,0.1
13568,36,105.7,23,0.1
13568,38,106.26,14,0.2
13569,13,52.5,31,0.2
13569,6,22.0,38,0.2
13569,9,39.18,25,0.05
13569,36,105.7,23,0.0
13570,74,32.54,34,0.15
13571,9,39.18,34,0.2
13572,49,16.19,3,0.05
13572,21,79.15,26,0.25
13573,47,32.85,35,0.1
13573,60,71.49,20,0.25
13573,76,77.31,38,0.0
13573,25,102.77,29,0.25
13574,8,94.05,40,0.05
13575,28,104.38,13,0.25
13575,53,91.15,26,0.15
13576,19,75.57,14,0.15
13576,12,89.54,17,0.15
13576,46,115.82,40,0.05
13577,57,54.9,9,0.2
13577,51,41.53,25,0.05
13578,57,54.9,18,0.2
13579,10,24.02,32,0.05
13580,49,16.19,34,0.1
13580,77,72.37,21,0.1
13580,37,79.75,25,0.15
13580,64,47.33,21,0.25
13581,48,28.3,9,0.1
13581,51,41.53,38,0.05
13581,53,91.15,39,0.2
13581,47,32.85,28,0.05
13582,63,85.64,34,0.0
13582,57,54.9,9,0.0
13582,35,47.29,16,0.1
13582,58,31.83,34,0.05
13582,18,48.96,24,0.15
13583,55,6.73,8,0.15
13583,30,33.41,40,0.25
13583,20,117.05,18,0.0
13584,5,16.93,27,0.1
13584,21,79.15,2,0.1
13584,30,33.41,22,0.1
13584,4,92.55,27,0.0
13584,14,105.59,33,0.15
13585,40,43.83,3,0.0
13586,37,79.75,21,0.1
13586,27,15.49,35,0.05
13586,45,90.19,33,0.2
13586,31,38.95,35,0.0
13586,43,44.88,25,0.15
13587,23,46.01,36,0.0
13587,64,47.33,18,0.25
13587,41,106.55,3,0.05
13588,35,47.29,24,0.1
13588,30,33.41,23,0.25
13588,10,24.02,17,0.0
13589,74,32.54,30,0.05
13589,69,78.48,10,0.25
13589,43,44.88,24,0.1
13590,48,28.3,37,0.0
13591,40,43.83,32,0.05
13591,6,22.0,23,0.25
13591,66,117.42,10,0.1
13591,2,88.95,25,0.05
13591,30,33.41,19,0.15
13592,48,28.3,13,0.25
13592,39,107.46,29,0.1
13593,56,112.08,13,0.1
13594,10,24.02,3,0.25
13594,48,28.3,3,0.15
13594,34,47.7,3,0.15
13594,18,48.96,11,0.0
13595,22,38.34,11,0.25
13595,51,41.53,36,0.2
13595,48,28.3,29,0.25
13595,16,95.15,36,0.2
13596,61,107.37,30,0.2
13596,12,89.54,3,0.05
13597,69,78.48,14,0.05
13597,43,44.88,22,0.0
13598,77,72.37,29,0.05
13598,5,16.93,11,0.05
13598,56,112.08,36,0.0
13599,16,95.15,37,0.2
13599,31,38.95,29,0.0
13599,38,106.26,21,0.25
13599,39,107.46,8,0.0
13599,18,48.96,13,0.05
13600,9,39.18,18,0.2
13600,66,117.42,35,0.15
13600,73,84.89,34,0.2
13600,41,106.55,7,0.25
13600,65,67.59,36,0.0
13601,52,104.83,2,0.05
13601,47,32.85,29,0.05
13601,68,114.35,16,0.1
13602,62,72.54,23,0.1
13602,52,104.83,11,0.25
13602,73,84.89,9,0.1
13603,51,41.53,35,0.15
13603,49,16.19,8,0.25
13603,42,49.93,10,0.0
13603,47,32.85,14,0.0
13604,39,107.46,6,0.2
13604,15,92.23,27,0.05
13604,44,4.04,29,0.0
13604,11,52.47,16,0.15
13604,73,84.89,2,0.15
13605,39,107.46,30,0.0
13605,29,93.83,14,0.25
13605,9,39.18,14,0.25
13605,10,24.02,35,0.2
13605,66,117.42,16,0.1
13606,62,72.54,31,0.1
13606,12,89.54,17,0.0
13606,6,22.0,20,0.1
13606,47,32.85,35,0.25
13607,24,22.74,5,0.0
13607,26,110.61,19,0.05
13607,32,31.76,5,0.15
13607,2,88.95,34,0.25
13608,65,67.59,23,0.0
13608,36,105.7,36,0.2
13608,72,83.44,2,0.05
13608,52,104.83,9,0.25
13608,70,50.15,40,0.1
13609,41,106.55,32,0.15
13609,76,77.31,27,0.15
13609,68,114.35,14,0.2
13610,12,89.54,27,0.1
13610,11,52.47,17,0.05
13611,14,105.59,39,0.15
13612,7,6.08,6,0.2
13612,76,77.31,38,0.15
13613,69,78.48,34,0.2
13613,9,39.18,13,0.25
13614,4,92.55,21,0.25
13615,39,107.46,27,0.0
13615,33,6.44,28,0.25
13616,17,102.38,8,0.0
13616,49,16.19,11,0.25
13616,44,4.04,1,0.2
13616,67,106.26,33,0.1
13616,76,77.31,7,0.2
13617,23,46.01,11,0.25
13617,42,49.93,15,0.15
13617,10,24.02,19,0.2
13617,41,106.55,39,0.2
13618,43,44.88,2,0.2
13618,61,107.37,13,0.25
13619,62,72.54,24,0.0
13619,44,4.04,40,0.25
13619,34,47.7,22,0.1
13619,25,102.77,31,0.15
13620,23,46.01,8,0.2
13620,26,110.61,7,0.15
13620,4,92.55,23,0.15
13621,15,92.23,28,0.2
13621,2,88.95,23,0.2
13621,59,14.59,17,0.2
13622,56,112.08,6,0.15
13623,19,75.57,5,0.2
13624,25,102.77,37,0.1
13625,50,72.69,31,0.05
13625,76,77.31,34,0.05
13625,52,104.83,25,0.15
13625,8,94.05,25,0.15
13626,65,67.59,3,0.1
13627,60,71.49,18,0.0
13627,56,112.08,35,0.15
13627,29,93.83,34,0.25
13627,15,92.23,9,0.15
13627,27,15.49,20,0.05
13628,4,92.55,37,0.05
13628,69,78.48,19,0.15
13628,28,104.38,16,0.2
13628,35,47.29,30,0.0
13629,3,105.47,33,0.05
13630,17,102.38,31,0.2
13630,19,75.57,6,0.15
13631,69,78.48,31,0.1
13631,5,16.93,38,0.15
13631,38,106.26,14,0.05
13632,66,117.42,24,0.15
13632,8,94.05,8,0.05
13632,47,32.85,23,0.0
13632,40,43.83,8,0.2
13632,73,84.89,9,0.1
13633,36,105.7,40,0.25
13633,13,52.5,38,0.0
13633,6,22.0,34,0.05
13633,21,79.15,2,0.0
13634,51,41.53,38,0.2
13635,68,114.35,32,0.1
13635,42,49.93,36,0.2
13635,21,79.15,29,0.05
13636,35,47.29,17,0.1
13636,32,31.76,17,0.05
13637,51,41.53,18,0.0
13637,34,47.7,40,0.05
13637,2,88.95,14,0.25
13637,22,38.34,14,0.1
13638,59,14.59,6,0.05
13639,34,47.7,8,0.1
13639,49,16.19,12,0.05
13639,29,93.83,19,0.25
13640,35,47.29,12,0.2
13640,57,54.9,22,0.25
13640,23,46.01,18,0.05
13640,47,32.85,14,0.2
13640,38,106.26,23,0.15
13641,5,16.93,39,0.0
13641,65,67.59,19,0.1
13641,29,93.83,25,0.25
13641,64,47.33,3,0.2
13642,22,38.34,34,0.0
13642,11,52.47,23,0.25
13642,55,6.73,32,0.2
13643,42,49.93,9,0.0
13644,71,101.11,13,0.0
13644,8,94.05,17,0.2
13644,45,90.19,8,0.15
13644,64,47.33,22,0.05
13645,53,91.15,14,0.0
13645,50,72.69,18,0.1
13646,22,38.34,10,0.15
13646,2,88.95,9,0.05
13646,39,107.46,17,0.1
13647,40,43.83,23,0.15
13648,46,115.82,5,0.0
13648,67,106.26,37,0.0
13648,36,105.7,3,0.2
13648,34,47.7,17,0.25
13649,49,16.19,13,0.15
13649,15,92.23,5,0.15
13649,18,48.96,8,0.1
13649,4,92.55,1,0.1
13649,68,114.35,15,0.25
13650,35,47.29,1,0.15
13650,60,71.49,10,0.25
13650,45,90.19,19,0.15
13650,11,52.47,29,0.25
13651,16,95.15,3,0.05
13651,73,84.89,23,0.0
13652,42,49.93,7,0.1
13652,7,6.08,22,0.1
13652,4,92.55,17,0.05
13652,45,90.19,16,0.0
13652,52,104.83,11,0.0
13653,40,43.83,16,0.15
13653,52,104.83,19,0.05
13653,63,85.64,15,0.05
13654,4,92.55,22,0.15
13655,30,33.41,21,0.0
13655,65,67.59,23,0.15
13655,26,110.61,1,0.25
13655,11,52.47,9,0.1
13655,63,85.64,7,0.15
13656,14,105.59,19,0.1
13656,6,22.0,19,0.05
13656,29,93.83,24,0.2
13656,9,39.18,13,0.05
13656,19,75.57,10,0.15
13657,34,47.7,25,0.0
13657,26,110.61,36,0.25
13657,75,9.19,12,0.05
13657,64,47.33,26,0.0
13658,11,52.47,36,0.05
13658,75,9.19,27,0.05
13658,34,47.7,38,0.25
13659,39,107.46,18,0.15
13660,40,43.83,16,0.2
13660,19,75.57,35,0.1
13661,53,91.15,13,0.25
13661,1,52.08,19,0.1
13661,19,75.57,28,0.0
13662,32,31.76,18,0.15
13662,27,15.49,13,0.05
13662,3,105.47,17,0.05
13663,27,15.49,7,0.0
13663,71,101.11,28,0.0
13663,33,6.44,17,0.1
13663,55,6.73,2,0.2
13664,31,38.95,15,0.25
13665,14,105.59,11,0.05
13666,37,79.75,24,0.1
13666,73,84.89,4,0.15
13667,53,91.15,11,0.25
13667,51,41.53,9,0.05
13667,74,32.54,32,0.0
13667,31,38.95,40,0.1
13668,18,48.96,31,0.2
13668,23,46.01,12,0.0
13668,45,90.19,15,0.0
13668,26,110.61,39,0.2
13669,59,14.59,16,0.25
13669,24,22.74,29,0.1
13669,40,43.83,19,0.0
13669,20,117.05,27,0.05
13670,47,32.85,35,0.0
13670,35,47.29,21,0.1
13671,2,88.95,36,0.25
13671,11,52.47,20,0.05
13672,8,94.05,26,0.05
13672,60,71.49,26,0.1
13673,67,106.26,14,0.15
13674,19,75.57,5,0.05
13674,57,54.9,13,0.25
13674,28,104.38,19,0.0
13675,21,79.15,20,0.15
13676,3,105.47,20,0.0
13676,26,110.61,8,0.0
13676,21,79.15,19,0.25
13676,31,38.95,18,0.15
13677,30,33.41,2,0.2
13678,20,117.05,3,0.2
13678,67,106.26,16,0.25
13678,7,6.08,26,0.15
13678,30,33.41,32,0.0
13679,59,14.59,5,0.0
13679,33,6.44,29,0.0
13679,3,105.47,21,0.1
13680,73,84.89,17,0.2
13680,2,88.95,20,0.1
13680,7,6.08,30,0.05
13680,46,115.82,6,0.15
13681,64,47.33,40,0.1
13681,25,102.77,13,0.15
13681,16,95.15,16,0.0
13681,50,72.69,23,0.2
13682,20,117.05,28,0.0
13682,30,33.41,22,0.1
13682,74,32.54,28,0.15
13683,59,14.59,9,0.2
13684,28,104.38,21,0.25
13684,22,38.34,8,0.0
13684,48,28.3,35,0.15
13684,59,14.59,32,0.25
13685,51,41.53,37,0.15
13685,49,16.19,34,0.05
13685,2,88.95,25,0.15
13685,36,105.7,33,0.25
13686,45,90.19,9,0.1
13687,19,75.57,16,0.15
13687,65,67.59,4,0.0
13687,75,9.19,29,0.25
13687,45,90.19,11,0.1
13687,56,112.08,39,0.25
13688,72,83.44,8,0.0
13688,14,105.59,4,0.1
13689,43,44.88,36,0.0
13689,67,106.26,35,0.25
13689,20,117.05,27,0.15
13690,59,14.59,40,0.1
13691,52,104.83,37,0.1
13692,14,105.59,27,0.0
13692,10,24.02,37,0.15
13692,38,106.26,29,0.15
13693,73,84.89,28,0.25
13693,1,52.08,8,0.0
13694,33,6.44,1,0.15
13694,29,93.83,5,0.0
13694,44,4.04,9,0.2
13694,1,52.08,23,0.1
13694,60,71.49,25,0.2
13695,56,112.08,39,0.05
13695,22,38.34,34,0.0
13696,74,32.54,13,0.0
13697,2,88.95,13,0.2
13697,30,33.41,39,0.2
13698,38,106.26,28,0.1
13698,68,114.35,29,0.2
13698,1,52.08,8,0.2
13698,26,110.61,29,0.0
13699,44,4.04,40,0.15
13700,51,41.53,12,0.15
13700,27,15.49,40,0.0
13701,37,79.75,37,0.15
13701,72,83.44,40,0.1
13701,9,39.18,1,0.1
13701,7,6.08,7,0.15
13702,25,102.77,26,0.15
13703,48,28.3,35,0.15
13703,65,67.59,15,0.15
13703,29,93.83,19,0.15
13704,3,105.47,39,0.15
13704,40,43.83,40,0.2
13705,68,114.35,12,0.25
13705,13,52.5,25,0.2
13706,42,49.93,33,0.25
13706,29,93.83,23,0.25
13706,26,110.61,26,0.2
13706,40,43.83,2,0.0
13707,28,104.38,19,0.1
13707,16,95.15,36,0.05
13707,48,28.3,34,0.05
13707,8,94.05,10,0.15
13707,50,72.69,37,0.15
13708,65,67.59,28,0.1
13708,15,92.23,34,0.15
13708,72,83.44,30,0.05
13708,19,75.57,20,0.1
13709,72,83.44,31,0.25
13709,51,41.53,12,0.05
13710,71,101.11,10,0.0
13710,76,77.31,29,0.0
13710,27,15.49,17,0.15
13710,9,39.18,11,0.15
13710,47,32.85,11,0.25
13711,75,9.19,17,0.0
13711,30,33.41,29,0.0
13712,51,41.53,40,0.0
13712,5,16.93,27,0.2
13713,73,84.89,15,0.0
13713,8,94.05,20,0.05
13713,26,110.61,24,0.2
13713,76,77.31,24,0.15
13713,67,106.26,21,0.0
13714,15,92.23,6,0.15
13715,68,114.35,23,0.0
13716,52,104.83,17,0.2
13716,16,95.15,8,0.25
13717,15,92.23,25,0.05
13717,30,33.41,10,0.25
13717,44,4.04,9,0.25
13717,41,106.55,17,0.1
13718,19,75.57,27,0.1
13718,34,47.7,7,0.15
13719,73,84.89,26,0.15
13719,18,48.96,8,0.25
13719,48,28.3,3,0.0
13719,11,52.47,7,0.25
13720,24,22.74,24,0.1
13720,73,84.89,16,0.15
13721,36,105.7,26,0.1
13721,25,102.77,18,0.15
13721,7,6.08,15,0.15
13721,46,115.82,18,0.2
13722,74,32.54,36,0.15
13723,58,31.83,27,0.2
13723,48,28.3,12,0.05
13723,54,76.49,39,0.05
13723,72,83.44,20,0.05
13724,42,49.93,12,0.2
13724,55,6.73,21,0.0
13724,21,79.15,20,0.0
13724,45,90.19,23,0.25
13724,28,104.38,36,0.15
13725,39,107.46,15,0.0
13725,60,71.49,8,0.0
13725,67,106.26,30,0.15
13726,40,43.83,38,0.1
13726,53,91.15,14,0.15
13726,17,102.38,27,0.1
13726,71,101.11,22,0.05
13726,16,95.15,22,0.25
13727,2,88.95,33,0.05
13727,48,28.3,13,0.25
13727,72,83.44,4,0.05
13728,67,106.26,14,0.25
13728,2,88.95,26,0.1
13729,28,104.38,23,0.1
13729,20,117.05,11,0.15
13730,36,105.7,2,0.2
13730,59,14.59,34,0.1
13730,30,33.41,2,0.15
13731,30,33.41,27,0.2
13731,61,107.37,32,0.05
13731,68,114.35,40,0.0
13731,46,115.82,39,0.15
13732,13,52.5,35,0.05
13732,12,89.54,11,0.0
13732,42,49.93,27,0.25
13733,11,52.47,33,0.15
13733,14,105.59,40,0.05
13734,21,79.15,9,0.15
13734,5,16.93,37,0.1
13734,68,114.35,17,0.2
13734,23,46.01,4,0.15
13735,50,72.69,11,0.1
13735,60,71.49,35,0.15
13735,36,105.7,31,0.05
13735,5,16.93,6,0.05
13735,68,114.35,21,0.0
13736,24,22.74,22,0.05
13736,54,76.49,13,0.25
13736,72,83.44,23,0.0
13736,27,15.49,40,0.15
13737,18,48.96,12,0.1
13737,34,47.7,12,0.2
13737,20,117.05,6,0.25
13737,30,33.41,26,0.25
13738,7,6.08,2,0.25
13739,10,24.02,19,0.2
13739,26,110.61,28,0.25
13739,7,6.08,31,0.15
13739,47,32.85,6,0.1
13739,50,72.69,1,0.0
13740,41,106.55,10,0.1
13740,1,52.08,38,0.25
13740,24,22.74,28,0.2
13740,15,92.23,14,0.2
13740,74,32.54,36,0.1
13741,32,31.76,2,0.25
13742,49,16.19,34,0.05
13742,46,115.82,12,0.05
13742,74,32.54,5,0.2
13743,20,117.05,12,0.1
13744,42,49.93,18,0.0
13745,64,47.33,27,0.2
13746,67,106.26,21,0.15
13746,38,106.26,34,0.15
13746,59,14.59,29,0.15
13746,60,71.49,23,0.2
13747,61,107.37,9,0.05
13747,34,47.7,17,0.15
13747,18,48.96,31,0.0
13747,5,16.93,28,0.2
13747,38,106.26,26,0.15
13748,53,91.15,40,0.2
13748,50,72.69,33,0.0
13748,49,16.19,34,0.25
13748,72,83.44,15,0.25
13748,70,50.15,30,0.05
13749,66,117.42,23,0.25
13749,58,31.83,4,0.15
13750,36,105.7,21,0.25
13750,18,48.96,17,0.25
13750,1,52.08,40,0.2
13751,26,110.61,10,0.1
13751,41,106.55,22,0.05
13751,70,50.15,30,0.05
13752,40,43.83,11,0.2
13752,9,39.18,6,0.15
13753,62,72.54,13,0.25
13753,10,24.02,38,0.05
13753,51,41.53,34,0.1
13754,75,9.19,35,0.0
13755,60,71.49,3,0.15
13755,19,75.57,10,0.15
13755,74,32.54,35,0.25
13756,71,101.11,26,0.2
13756,41,106.55,14,0.15
13756,38,106.26,16,0.0
13756,68,114.35,1,0.1
13757,52,104.83,40,0.0
13758,41,106.55,32,0.0
13759,34,47.7,18,0.1
13760,56,112.08,13,0.0
13760,30,33.41,4,0.25
13760,55,6.73,30,0.15
13761,7,6.08,36,0.05
13762,27,15.49,6,0.0
13762,35,47.29,26,0.2
13762,59,14.59,18,0.15
13763,39,107.46,2,0.2
13763,47,32.85,18,0.1
13763,9,39.18,13,0.15
13763,38,106.26,21,0.2
13764,71,101.11,3,0.15
13765,12,89.54,31,0.1
13765,14,105.59,40,0.15
13766,72,83.44,26,0.15
13766,55,6.73,26,0.2
13766,65,67.59,30,0.0
13766,53,91.15,38,0.05
13767,69,78.48,27,0.05
13767,8,94.05,14,0.25
13767,72,83.44,18,0.2
13767,20,117.05,33,0.25
13767,35,47.29,17,0.05
13768,37,79.75,29,0.05
13768,61,107.37,6,0.05
13769,64,47.33,26,0.0
13769,31,38.95,8,0.05
13769,41,106.55,5,0.0
13770,42,49.93,34,0.05
13770,60,71.49,16,0.0
13770,4,92.55,20,0.25
13770,72,83.44,13,0.25
13771,41,106.55,27,0.15
13771,70,50.15,17,0.2
13771,18,48.96,39,0.2
13771,49,16.19,29,0.0
13771,13,52.5,8,0.05
13772,33,6.44,13,0.15
13772,41,106.55,26,0.15
13772,37,79.75,32,0.25
13773,34,47.7,14,0.15
13773,29,93.83,10,0.2
13773,20,117.05,23,0.0
13774,5,16.93,24,0.05
13775,47,32.85,1,0.25
13775,26,110.61,30,0.05
13775,12,89.54,35,0.1
13775,75,9.19,13,0.05
13776,76,77.31,9,0.15
13776,59,14.59,28,0.1
13776,30,33.41,29,0.15
13776,55,6.73,11,0.05
13776,20,117.05,9,0.25
13777,19,75.57,23,0.2
13777,46,115.82,23,0.2
13777,51,41.53,24,0.0
13778,72,83.44,37,0.05
13778,48,28.3,29,0.1
13778,15,92.23,38,0.0
13778,28,104.38,11,0.05
13778,3,105.47,32,0.25
13779,16,95.15,19,0.0
13780,5,16.93,31,0.2
13780,36,105.7,34,0.05
13780,22,38.34,30,0.25
13780,72,83.44,16,0.2
13781,64,47.33,4,0.0
13781,75,9.19,8,0.0
13781,40,43.83,8,0.2
13781,57,54.9,9,0.2
13781,49,16.19,24,0.0
13782,27,15.49,10,0.05
13782,73,84.89,18,0.25
13782,14,105.59,17,0.25
13782,57,54.9,33,0.1
13783,34,47.7,22,0.2
13784,54,76.49,27,0.2
13784,1,52.08,20,0.0
13784,7,6.08,32,0.2
13784,38,106.26,10,0.1
13785,1,52.08,4,0.15
13785,26,110.61,31,0.15
13785,75,9.19,39,0.25
13785,36,105.7,36,0.0
13786,42,49.93,24,0.0
13786,14,105.59,18,0.1
13787,49,16.19,20,0.0
13788,27,15.49,32,0.25
13788,74,32.54,36,0.0
13788,70,50.15,18,0.0
13788,43,44.88,15,0.05
13789,66,117.42,17,0.15
13789,69,78.48,35,0.1
13789,19,75.57,4,0.0
13789,56,112.08,20,0.0
13789,14,105.59,15,0.25
13790,56,112.08,27,0.05
13791,16,95.15,6,0.0
13792,39,107.46,27,0.2
13792,30,33.41,2,0.25
13792,77,72.37,12,0.05
13793,11,52.47,3,0.05
13793,70,50.15,35,0.15
13794,67,106.26,8,0.05
13794,3,105.47,6,0.2
13795,70,50.15,22,0.25
13795,24,22.74,32,0.0
13795,46,115.82,15,0.05
13795,65,67.59,17,0.05
13796,59,14.59,10,0.05
13796,56,112.08,27,0.25
13796,70,50.15,30,0.25
13796,19,75.57,36,0.25
13796,43,44.88,16,0.2
13797,44,4.04,36,0.0
13797,71,101.11,12,0.05
13797,70,50.15,40,0.2
13798,17,102.38,3,0.25
13798,36,105.7,36,0.1
13799,1,52.08,7,0.1
13799,3,105.47,9,0.2
13799,52,104.83,11,0.05
13799,39,107.46,25,0.1
13799,57,54.9,3,0.0
13800,23,46.01,1,0.1
13800,26,110.61,3,0.05
13800,37,79.75,20,0.2
13800,20,117.05,25,0.0
13801,19,75.57,7,0.0
13801,33,6.44,29,0.05
13801,14,105.59,37,0.2
13801,48,28.3,12,0.1
13802,42,49.93,38,0.1
13802,28,104.38,10,0.0
13802,16,95.15,30,0.25
13802,11,52.47,18,0.0
13803,73,84.89,34,0.1
13803,43,44.88,14,0.25
13803,6,22.0,5,0.25
13804,37,79.75,37,0.1
13804,10,24.02,14,0.15
13804,14,105.59,39,0.2
13804,6,22.0,7,0.15
13805,51,41.53,21,0.25
13805,15,92.23,24,0.0
13805,50,72.69,34,0.25
13806,11,52.47,13,0.1
13806,59,14.59,24,0.05
13806,32,31.76,8,0.05
13806,31,38.95,32,0.1
13806,48,28.3,24,0.25
13807,62,72.54,33,0.2
13807,45,90.19,34,0.0
13807,10,24.02,32,0.2
13807,56,112.08,6,0.25
13807,57,54.9,1,0.2
13808,35,47.29,32,0.25
13809,77,72.37,30,0.2
13810,44,4.04,26,0.15
13810,41,106.55,6,0.0
13810,66,117.42,39,0.2
13810,22,38.34,34,0.15
13810,75,9.19,22,0.1
13811,6,22.0,13,0.0
13811,9,39.18,2,0.1
13812,32,31.76,2,0.2
13813,34,47.7,7,0.15
13813,16,95.15,38,0.1
13813,3,105.47,17,0.0
13813,20,117.05,19,0.05
13814,17,102.38,35,0.25
13814,10,24.02,4,0.25
13814,41,106.55,33,0.25
13815,39,107.46,1,0.25
13815,40,43.83,21,0.15
13815,8,94.05,9,0.2
13816,51,41.53,14,0.0
13817,59,14.59,27,0.25
13817,17,102.38,11,0.15
13817,22,38.34,4,0.0
13817,5,16.93,10,0.0
13817,20,117.05,39,0.25
13818,52,104.83,39,0.15
13818,47,32.85,34,0.05
13818,40,43.83,21,0.1
13818,16,95.15,20,0.0
13819,54,76.49,23,0.05
13819,77,72.37,33,0.2
13820,7,6.08,3,0.2
13821,34,47.7,37,0.2
13821,58,31.83,37,0.2
13821,74,32.54,32,0.2
13822,66,117.42,19,0.2
13822,48,28.3,2,0.15
13822,44,4.04,2,0.0
13822,73,84.89,26,0.15
13822,60,71.49,14,0.2
13823,35,47.29,15,0.1
13823,71,101.11,38,0.1
13823,65,67.59,21,0.15
13824,77,72.37,7,0.15
13824,37,79.75,22,0.0
13824,58,31.83,30,0.25
13825,54,76.49,6,0.2
13825,63,85.64,32,0.2
13825,2,88.95,26,0.15
13826,48,28.3,21,0.0
13826,43,44.88,7,0.2
13826,12,89.54,16,0.1
13826,40,43.83,35,0.1
13826,66,117.42,15,0.25
13827,30,33.41,13,0.05
13827,1,52.08,19,0.0
13827,67,106.26,15,0.2
13827,77,72.37,16,0.0
13828,40,43.83,5,0.25
13828,24,22.74,30,0.15
13828,46,115.82,38,0.05
13829,43,44.88,40,0.1
13829,76,77.31,6,0.2
13829,56,112.08,16,0.15
13829,40,43.83,2,0.2
13830,34,47.7,10,0.15
13830,12,89.54,12,0.2
13830,60,71.49,26,0.25
13831,75,9.19,14,0.2
13831,56,112.08,39,0.0
13831,6,22.0,9,0.15
13831,29,93.83,23,0.15
13831,31,38.95,1,0.15
13832,77,72.37,10,0.15
13833,3,105.47,9,0.15
13834,36,105.7,11,0.1
13834,12,89.54,9,0.25
13834,2,88.95,9,0.05
13834,57,54.9,34,0.15
13834,50,72.69,39,0.2
13835,12,89.54,36,0.25
13836,23,46.01,23,0.0
13836,37,79.75,26,0.05
13836,29,93.83,12,0.15
13836,36,105.7,9,0.25
13837,17,102.38,33,0.05
13837,62,72.54,38,0.1
13838,7,6.08,38,0.15
13838,2,88.95,28,0.25
13838,50,72.69,15,0.15
13838,24,22.74,38,0.25
13838,61,107.37,29,0.2
13839,25,102.77,32,0.0
13839,14,105.59,36,0.1
13840,1,52.08,29,0.1
13840,48,28.3,30,0.0
13840,8,94.05,32,0.25
13840,3,105.47,23,0.15
13840,64,47.33,37,0.15
13841,28,104.38,5,0.25
13842,55,6.73,40,0.1
13843,48,28.3,9,0.15
13843,43,44.88,9,0.1
13843,76,77.31,12,0.2
13843,67,106.26,38,0.2
13844,9,39.18,7,0.25
13844,46,115.82,26,0.05
13844,24,22.74,13,0.1
13844,48,28.3,15,0.0
13845,75,9.19,7,0.1
13845,3,105.47,14,0.05
13845,1,52.08,40,0.0
13845,57,54.9,17,0.05
13845,23,46.01,40,0.0
13846,40,43.83,33,0.0
13846,9,39.18,16,0.05
13846,34,47.7,32,0.05
13846,48,28.3,20,0.25
13847,44,4.04,27,0.15
13847,73,84.89,23,0.05
13847,63,85.64,22,0.0
13847,69,78.48,24,0.05
13847,9,39.18,36,0.05
13848,7,6.08,19,0.1
13849,5,16.93,26,0.2
13849,3,105.47,32,0.1
13849,56,112.08,6,0.1
13850,56,112.08,34,0.0
13850,67,106.26,40,0.15
13850,34,47.7,21,0.15
13851,5,16.93,27,0.25
13851,17,102.38,40,0.2
13852,3,105.47,30,0.2
13852,42,49.93,18,0.2
13852,61,107.37,36,0.15
13852,57,54.9,26,0.0
13853,61,107.37,40,0.15
13853,15,92.23,4,0.0
13853,74,32.54,35,0.05
13854,24,22.74,30,0.1
13854,31,38.95,16,0.0
13854,27,15.49,27,0.25
13854,54,76.49,11,0.1
13854,39,107.46,11,0.0
13855,1,52.08,20,0.15
13855,25,102.77,31,0.05
13855,74,32.54,37,0.0
13856,45,90.19,25,0.15
13857,53,91.15,4,0.2
13857,21,79.15,39,0.2
13857,71,101.11,17,0.15
13858,22,38.34,8,0.05
13859,11,52.47,31,0.05
13859,72,83.44,29,0.25
13860,31,38.95,25,0.2
13860,23,46.01,8,0.2
13861,24,22.74,17,0.2
13862,69,78.48,18,0.25
13862,52,104.83,36,0.0
13862,60,71.49,12,0.1
13863,75,9.19,36,0.1
13863,20,117.05,24,0.1
13863,52,104.83,4,0.05
13864,69,78.48,26,0.2
13864,34,47.7,35,0.0
13864,54,76.49,34,0.05
13864,56,112.08,2,0.2
13865,64,47.33,21,0.05
13865,19,75.57,9,0.0
13865,53,91.15,5,0.2
13865,66,117.42,7,0.15
13866,8,94.05,17,0.0
13866,15,92.23,1,0.15
13866,42,49.93,16,0.15
13866,52,104.83,16,0.1
13866,7,6.08,39,0.15
13867,49,16.19,14,0.15
13867,15,92.23,18,0.25
13867,33,6.44,38,0.05
13867,57,54.9,4,0.25
13868,63,85.64,24,0.2
13868,10,24.02,35,0.25
13869,64,47.33,23,0.05
13869,49,16.19,23,0.15
13870,63,85.64,28,0.25
13870,39,107.46,18,0.05
13870,54,76.49,3,0.2
13870,52,104.83,24,0.1
13871,50,72.69,30,0.1
13871,8,94.05,35,0.0
13871,70,50.15,8,0.2
13872,67,106.26,33,0.25
13872,50,72.69,22,0.1
13872,5,16.93,5,0.15
13872,56,112.08,2,0.2
13872,16,95.15,2,0.05
13873,37,79.75,7,0.15
13873,64,47.33,22,0.25
13873,68,114.35,32,0.05
13874,16,95.15,8,0.15
13874,11,52.47,2,0.25
13874,17,102.38,34,0.1
13875,27,15.49,17,0.15
13875,59,14.59,6,0.2
13875,51,41.53,28,0.1
13875,76,77.31,15,0.0
13876,48,28.3,31,0.05
13876,77,72.37,25,0.25
13876,32,31.76,34,0.25
13876,41,106.55,16,0.1
13877,66,117.42,39,0.1
13877,35,47.29,3,0.2
13878,53,91.15,8,0.2
13878,6,22.0,15,0.25
13878,63,85.64,33,0.1
13878,57,54.9,5,0.25
13879,45,90.19,20,0.2
13879,7,6.08,32,0.15
13880,5,16.93,26,0.15
13880,52,104.83,26,0.25
13880,42,49.93,3,0.15
13881,14,105.59,8,0.2
13882,4,92.55,24,0.05
13882,67,106.26,18,0.0
13882,9,39.18,1,0.25
13882,61,107.37,10,0.15
13883,6,22.0,26,0.15
13883,2,88.95,9,0.1
13884,35,47.29,37,0.2
13884,15,92.23,17,0.1
13884,68,114.35,8,0.25
13884,72,83.44,37,0.2
13885,15,92.23,40,0.15
13885,1,52.08,18,0.25
13885,24,22.74,38,0.05
13886,65,67.59,22,0.0
13887,11,52.47,22,0.2
13887,69,78.48,28,0.2
13887,66,117.42,24,0.15
13887,73,84.89,31,0.2
13888,36,105.7,38,0.25
13888,48,28.3,23,0.05
13888,4,92.55,30,0.2
13888,46,115.82,29,0.0
13888,16,95.15,28,0.25
13889,54,76.49,15,0.0
13889,31,38.95,2,0.1
13890,71,101.11,6,0.0
13890,27,15.49,7,0.25
13890,63,85.64,26,0.15
13891,54,76.49,6,0.2
13891,27,15.49,24,0.05
13891,37,79.75,29,0.25
13892,4,92.55,19,0.1
13892,22,38.34,31,0.0
13892,9,39.18,1,0.25
13892,13,52.5,35,0.25
13892,35,47.29,15,0.15
13893,48,28.3,19,0.2
13893,5,16.93,19,0.05
13894,68,114.35,37,0.25
13894,73,84.89,30,0.1
13894,11,52.47,4,0.1
13894,65,67.59,30,0.0
13894,50,72.69,30,0.0
13895,8,94.05,1,0.25
13895,31,38.95,23,0.1
13896,33,6.44,5,0.1
13897,73,84.89,35,0.15
13897,38,106.26,15,0.25
13897,32,31.76,26,0.15
13897,16,95.15,28,0.15
13898,23,46.01,3,0.2
13898,73,84.89,3,0.1
13898,48,28.3,19,0.05
13898,53,91.15,39,0.25
13899,23,46.01,6,0.2
13899,55,6.73,9,0.15
13900,7,6.08,3,0.15
13900,58,31.83,20,0.1
13901,21,79.15,25,0.15
13901,32,31.76,32,0.1
13902,22,38.34,39,0.2
13902,62,72.54,7,0.25
13902,54,76.49,1,0.0
13903,73,84.89,15,0.05
13904,46,115.82,6,0.1
13905,50,72.69,5,0.15
13906,14,105.59,36,0.05
13906,61,107.37,22,0.15
13906,24,22.74,37,0.2
13907,25,102.77,17,0.1
13908,77,72.37,18,0.2
13908,29,93.83,26,0.25
13909,20,117.05,10,0.0
13909,26,110.61,22,0.25
13909,50,72.69,3,0.2
13910,44,4.04,2,0.0
13910,5,16.93,12,0.0
13910,14,105.59,27,0.25
13910,7,6.08,11,0.0
13910,59,14.59,12,0.15
13911,37,79.75,10,0.05
13911,60,71.49,11,0.05
13912,33,6.44,31,0.2
13912,68,114.35,31,0.05
13913,50,72.69,8,0.15
13913,75,9.19,19,0.15
13913,17,102.38,22,0.05
13913,12,89.54,20,0.0
13913,37,79.75,8,0.25
13914,9,39.18,33,0.0
13914,29,93.83,40,0.15
13914,52,104.83,9,0.05
13914,35,47.29,1,0.25
13915,66,117.42,12,0.1
13915,31,38.95,31,0.05
13916,2,88.95,11,0.25
13916,54,76.49,13,0.25
13916,61,107.37,29,0.15
13916,19,75.57,13,0.1
13916,53,91.15,8,0.15
13917,64,47.33,13,0.0
13917,8,94.05,29,0.05
13917,11,52.47,21,0.2
13917,55,6.73,17,0.2
13918,53,91.15,39,0.2
13918,38,106.26,30,0.05
13918,12,89.54,24,0.15
13918,66,117.42,39,0.05
13919,56,112.08,9,0.05
13919,1,52.08,14,0.1
13919,64,47.33,35,0.0
13920,52,104.83,4,0.0
13921,32,31.76,6,0.0
13921,47,32.85,20,0.15
13921,7,6.08,18,0.25
13921,11,52.47,5,0.2
13922,28,104.38,29,0.15
13922,75,9.19,40,0.2
13922,2,88.95,2,0.0
13922,51,41.53,18,0.25
13922,65,67.59,30,0.05
13923,41,106.55,20,0.05
13924,42,49.93,24,0.25
13924,19,75.57,5,0.25
13924,77,72.37,4,0.2
13924,67,106.26,5,0.25
13925,22,38.34,25,0.15
13925,35,47.29,31,0.0
13925,61,107.37,15,0.15
13925,18,48.96,17,0.2
13926,28,104.38,11,0.05
13926,35,47.29,37,0.05
13926,47,32.85,28,0.05
13927,11,52.47,13,0.15
13928,7,6.08,15,0.05
13929,55,6.73,40,0.15
13929,26,110.61,18,0.05
13929,16,95.15,27,0.2
13929,42,49.93,14,0.25
13929,10,24.02,16,0.0
13930,67,106.26,11,0.05
13930,51,41.53,14,0.0
13930,26,110.61,24,0.0
13930,39,107.46,14,0.25
13931,44,4.04,30,0.25
13931,29,93.83,7,0.05
13931,57,54.9,35,0.25
13932,32,31.76,29,0.25
13932,30,33.41,9,0.05
13932,1,52.08,4,0.25
13932,42,49.93,1,0.25
13933,53,91.15,28,0.25
13933,59,14.59,32,0.1
13933,25,102.77,6,0.2
13933,8,94.05,37,0.1
13934,15,92.23,29,0.1
13934,38,106.26,13,0.2
13935,19,75.57,32,0.25
13936,11,52.47,29,0.05
13937,6,22.0,18,0.15
13937,58,31.83,30,0.0
13937,10,24.02,29,0.2
13938,55,6.73,26,0.15
13938,19,75.57,9,0.15
13938,40,43.83,21,0.0
13938,9,39.18,5,0.25
13938,1,52.08,7,0.0
13939,23,46.01,29,0.2
13940,30,33.41,21,0.1
13940,61,107.37,25,0.0
13940,17,102.38,9,0.1
13940,53,91.15,16,0.1
13940,7,6.08,18,0.25
13941,74,32.54,25,0.05
13942,57,54.9,34,0.1
13942,69,78.48,4,0.15
13943,22,38.34,20,0.05
13943,14,105.59,37,0.05
13944,5,16.93,7,0.1
13944,7,6.08,1,0.0
13944,40,43.83,39,0.15
13945,47,32.85,6,0.05
13945,35,47.29,6,0.0
13946,26,110.61,7,0.15
13946,72,83.44,24,0.25
13947,73,84.89,28,0.05
13947,76,77.31,36,0.1
13947,49,16.19,7,0.25
13948,33,6.44,26,0.2
13948,26,110.61,35,0.2
13949,54,76.49,4,0.25
13949,53,91.15,30,0.0
13949,13,52.5,17,0.15
13949,77,72.37,31,0.15
13950,59,14.59,13,0.2
13950,17,102.38,13,0.0
13951,38,106.26,17,0.15
13952,77,72.37,14,0.0
13952,12,89.54,28,0.1
13953,48,28.3,16,0.15
13953,20,117.05,8,0.0
13953,47,32.85,4,0.25
13953,37,79.75,20,0.1
13954,51,41.53,32,0.25
13954,40,43.83,15,0.2
13955,54,76.49,26,0.2
13955,58,31.83,11,0.15
13955,22,38.34,8,0.0
13956,74,32.54,9,0.25
13956,68,114.35,1,0.2
13956,39,107.46,40,0.2
13957,56,112.08,4,0.2
13957,42,49.93,29,0.15
13957,23,46.01,20,0.05
13957,9,39.18,34,0.0
13958,4,92.55,3,0.2
13958,68,114.35,18,0.25
13958,8,94.05,29,0.2
13959,73,84.89,16,0.0
13959,20,117.05,33,0.2
13960,65,67.59,23,0.05
13961,60,71.49,14,0.1
13961,37,79.75,31,0.0
13962,7,6.08,9,0.1
13962,44,4.04,27,0.1
13963,68,114.35,40,0.15
13963,62,72.54,8,0.15
13964,49,16.19,7,0.0
13964,46,115.82,2,0.25
13964,58,31.83,10,0.2
13964,48,28.3,21,0.1
13964,13,52.5,12,0.2
13965,24,22.74,39,0.1
13965,60,71.49,40,0.15
13965,59,14.59,40,0.25
13966,49,16.19,5,0.2
13966,57,54.9,31,0.05
13966,28,104.38,15,0.05
13966,1,52.08,39,0.0
13966,63,85.64,17,0.05
13967,25,102.77,29,0.05
13967,74,32.54,23,0.0
13967,69,78.48,11,0.15
13967,49,16.19,21,0.2
13967,15,92.23,14,0.05
13968,56,112.08,1,0.05
13968,46,115.82,18,0.0
13969,64,47.33,34,0.2
13969,45,90.19,39,0.15
13970,13,52.5,15,0.1
13970,43,44.88,30,0.1
13970,34,47.7,22,0.1
13970,71,101.11,28,0.1
13970,75,9.19,27,0.2
13971,38,106.26,32,0.05
13971,48,28.3,35,0.1
13972,41,106.55,23,0.25
13973,10,24.02,17,0.05
13973,68,114.35,26,0.25
13973,28,104.38,26,0.15
13974,29,93.83,14,0.25
13974,45,90.19,14,0.05
13974,54,76.49,11,0.2
13974,74,32.54,30,0.1
13974,44,4.04,17,0.25
13975,46,115.82,39,0.0
13975,17,102.38,16,0.05
13976,68,114.35,21,0.25
13976,23,46.01,34,0.05
13976,5,16.93,37,0.05
13976,20,117.05,23,0.1
13976,2,88.95,12,0.2
13977,68,114.35,18,0.25
13977,29,93.83,29,0.0
13978,26,110.61,20,0.25
13978,18,48.96,2,0.2
13978,74,32.54,38,0.2
13978,33,6.44,23,0.15
13979,21,79.15,34,0.25
13980,72,83.44,17,0.15
13980,24,22.74,32,0.1
13980,29,93.83,22,0.25
13980,41,106.55,26,0.15
13980,13,52.5,33,0.2
13981,8,94.05,15,0.05
13982,46,115.82,36,0.15
13982,60,71.49,18,0.0
13982,32,31.76,26,0.05
13982,47,32.85,3,0.1
13982,67,106.26,12,0.1
13983,1,52.08,28,0.15
13983,23,46.01,38,0.1
13984,18,48.96,22,0.15
13984,54,76.49,23,0.25
13985,51,41.53,1,0.25
13985,64,47.33,13,0.25
13985,11,52.47,35,0.0
13985,24,22.74,23,0.1
13985,7,6.08,14,0.15
13986,40,43.83,34,0.1
13986,10,24.02,6,0.05
13987,18,48.96,35,0.2
13987,72,83.44,40,0.0
13987,30,33.41,17,0.2
13988,41,106.55,19,0.05
13988,66,117.42,37,0.05
13988,60,71.49,27,0.05
13989,39,107.46,35,0.2
13989,31,38.95,4,0.15
13989,50,72.69,5,0.0
13990,22,38.34,21,0.05
13990,76,77.31,13,0.15
13990,54,76.49,16,0.1
13990,59,14.59,28,0.25
13991,32,31.76,28,0.0
13991,10,24.02,18,0.15
13991,50,72.69,23,0.2
13992,29,93.83,37,0.25
13992,28,104.38,33,0.25
13992,72,83.44,39,0.2
13992,76,77.31,25,0.1
13992,64,47.33,31,0.1
13993,7,6.08,10,0.25
13993,46,115.82,27,0.15
13993,1,52.08,38,0.0
13994,1,52.08,27,0.2
13995,37,79.75,33,0.1
13995,23,46.01,12,0.05
13995,53,91.15,26,0.2
13995,66,117.42,35,0.2
13995,39,107.46,34,0.15
13996,32,31.76,16,0.15
13996,39,107.46,17,0.15
13996,20,117.05,33,0.2
13996,40,43.83,5,0.1
13997,72,83.44,16,0.05
13997,73,84.89,11,0.2
13997,37,79.75,22,0.05
13998,33,6.44,24,0.15
13998,62,72.54,5,0.0
13998,59,14.59,4,0.05
13998,8,94.05,17,0.25
13998,46,115.82,29,0.0
13999,11,52.47,10,0.05
13999,27,15.49,27,0.25
13999,28,104.38,3,0.15
13999,67,106.26,1,0.0
13999,57,54.9,33,0.2
14000,58,31.83,27,0.25
14000,67,106.26,10,0.15
14000,68,114.35,18,0.0
14001,21,79.15,4,0.25
14001,34,47.7,22,0.15
14001,46,115.82,4,0.1
14001,29,93.83,17,0.0
14001,9,39.18,27,0.1
14002,11,52.47,13,0.15
14002,5,16.93,25,0.1
14002,73,84.89,37,0.15
14002,2,88.95,24,0.05
14003,20,117.05,22,0.1
14004,22,38.34,38,0.1
14004,47,32.85,9,0.05
14005,38,106.26,9,0.2
14005,26,110.61,37,0.2
14005,13,52.5,25,0.25
14006,12,89.54,37,0.25
14006,9,39.18,9,0.0
14006,42,49.93,36,0.0
14006,51,41.53,20,0.25
14006,58,31.83,37,0.0
14007,7,6.08,32,0.05
14007,32,31.76,2,0.25
14007,49,16.19,30,0.25
14008,31,38.95,35,0.25
14009,62,72.54,38,0.05
14010,74,32.54,29,0.0
14010,67,106.26,12,0.15
14011,73,84.89,26,0.05
14011,32,31.76,3,0.2
14011,51,41.53,2,0.0
14011,4,92.55,16,0.25
14011,2,88.95,10,0.05
14012,53,91.15,37,0.2
14012,24,22.74,13,0.1
14013,65,67.59,33,0.1
14013,2,88.95,39,0.2
14013,77,72.37,18,0.15
14014,40,43.83,36,0.25
14014,11,52.47,7,0.1
14014,64,47.33,19,0.15
14014,50,72.69,15,0.2
14015,53,91.15,31,0.25
14015,41,106.55,31,0.0
14015,67,106.26,28,0.2
14015,77,72.37,8,0.1
14015,26,110.61,21,0.1
14016,16,95.15,15,0.2
14016,49,16.19,24,0.1
14016,57,54.9,38,0.05
14016,25,102.77,9,0.2
14016,11,52.47,39,0.25
14017,4,92.55,17,0.2
14018,72,83.44,19,0.2
14019,21,79.15,31,0.15
14020,42,49.93,37,0.0
14020,29,93.83,21,0.2
14020,59,14.59,17,0.1
14020,27,15.49,1,0.2
14021,12,89.54,12,0.2
14021,31,38.95,40,0.2
14021,15,92.23,34,0.0
14022,52,104.83,24,0.15
14022,65,67.59,4,0.1
14022,57,54.9,39,0.0
14022,16,95.15,1,0.05
14022,45,90.19,21,0.2
14023,15,92.23,26,0.25
14023,55,6.73,36,0.1
14023,28,104.38,17,0.0
14024,12,89.54,9,0.25
14024,63,85.64,37,0.0
14024,21,79.15,8,0.0
14025,60,71.49,14,0.1
14025,31,38.95,19,0.2
14025,67,106.26,10,0.0
14026,53,91.15,24,0.1
14026,37,79.75,6,0.25
14027,26,110.61,13,0.05
14027,45,90.19,28,0.25
14027,2,88.95,11,0.25
14028,74,32.54,36,0.1
14028,9,39.18,9,0.25
14028,64,47.33,32,0.15
14029,16,95.15,20,0.1
14030,75,9.19,10,0.25
14030,4,92.55,1,0.25
14030,49,16.19,23,0.1
14030,17,102.38,30,0.0
14030,18,48.96,29,0.1
14031,5,16.93,36,0.25
14031,31,38.95,27,0.2
14031,75,9.19,21,0.0
14031,49,16.19,6,0.05
14032,45,90.19,22,0.1
14032,17,102.38,31,0.1
14033,31,38.95,5,0.0
14033,44,4.04,4,0.15
14033,51,41.53,5,0.2
14033,27,15.49,16,0.15
14033,16,95.15,13,0.0
14034,13,52.5,22,0.0
14034,2,88.95,11,0.2
14034,30,33.41,29,0.0
14035,38,106.26,31,0.0
14035,60,71.49,37,0.15
14035,9,39.18,3,0.05
14036,33,6.44,16,0.05
14036,22,38.34,1,0.15
14036,18,48.96,25,0.2
14037,67,106.26,19,0.15
14038,18,48.96,26,0.2
14038,45,90.19,14,0.15
14038,28,104.38,8,0.15
14038,37,79.75,33,0.25
14038,31,38.95,22,0.05
14039,23,46.01,35,0.15
14040,61,107.37,13,0.0
14040,28,104.38,22,0.2
14040,21,79.15,21,0.0
14040,43,44.88,34,0.0
14041,47,32.85,12,0.2
14041,60,71.49,15,0.15
14041,58,31.83,19,0.2
14042,11,52.47,7,0.0
14042,48,28.3,38,0.0
14043,62,72.54,26,0.05
14044,58,31.83,4,0.15
14044,2,88.95,34,0.2
14045,51,41.53,24,0.15
14045,15,92.23,11,0.05
14045,52,104.83,12,0.0
14046,50,72.69,3,0.25
14046,15,92.23,17,0.25
14047,52,104.83,37,0.15
14047,74,32.54,24,0.25
14047,5,16.93,1,0.05
14048,7,6.08,23,0.05
14048,11,52.47,2,0.2
14049,61,107.37,29,0.05
14050,19,75.57,22,0.15
14050,16,95.15,34,0.25
14051,11,52.47,7,0.25
14052,22,38.34,20,0.2
14052,12,89.54,38,0.0
14052,28,104.38,33,0.2
14052,68,114.35,38,0.2
14053,21,79.15,26,0.25
14053,52,104.83,32,0.2
14053,48,28.3,13,0.05
14054,75,9.19,18,0.2
14054,54,76.49,38,0.0
14054,50,72.69,37,0.0
14055,41,106.55,33,0.05
14055,36,105.7,27,0.1
14055,77,72.37,10,0.0
14056,31,38.95,18,0.25
14056,37,79.75,1,0.1
14056,41,106.55,24,0.15
14057,52,104.83,27,0.25
14057,25,102.77,2,0.15
14058,70,50.15,13,0.0
14059,56,112.08,2,0.0
14059,58,31.83,14,0.2
14059,55,6.73,35,0.2
14059,19,75.57,19,0.0
14059,39,107.46,21,0.1
14060,18,48.96,27,0.1
14060,6,22.0,8,0.05
14060,33,6.44,16,0.1
14061,4,92.55,32,0.0
14061,15,92.23,7,0.15
14062,72,83.44,11,0.05
14062,64,47.33,11,0.05
14063,7,6.08,16,0.1
14063,20,117.05,3,0.05
14063,63,85.64,36,0.1
14063,74,32.54,12,0.2
14064,14,105.59,18,0.05
14064,41,106.55,24,0.1
14064,43,44.88,39,0.15
14065,16,95.15,24,0.1
14065,58,31.83,39,0.05
14065,77,72.37,33,0.25
14065,39,107.46,9,0.25
14065,27,15.49,12,0.25
14066,25,102.77,14,0.25
14066,41,106.55,22,0.15
14067,22,38.34,1,0.2
14067,19,75.57,28,0.1
14068,23,46.01,14,0.15
14068,75,9.19,6,0.2
14068,7,6.08,20,0.05
14068,25,102.77,24,0.05
14069,5,16.93,18,0.0
14069,24,22.74,1,0.0
14069,69,78.48,31,0.2
14069,9,39.18,39,0.0
14070,26,110.61,25,0.1
14070,65,67.59,32,0.0
14070,4,92.55,4,0.1
14070,43,44.88,25,0.2
14071,50,72.69,25,0.25
14071,65,67.59,8,0.0
14072,42,49.93,39,0.15
14073,66,117.42,37,0.05
14073,43,44.88,1,0.15
14073,77,72.37,36,0.0
14074,25,102.77,16,0.1
14075,17,102.38,1,0.15
14075,11,52.47,35,0.2
14075,49,16.19,16,0.2
14075,53,91.15,4,0.15
14075,3,105.47,35,0.25
14076,65,67.59,7,0.2
14077,51,41.53,34,0.0
14077,24,22.74,37,0.05
14077,61,107.37,20,0.15
14078,42,49.93,5,0.25
14078,30,33.41,9,0.25
14078,35,47.29,10,0.0
14079,77,72.37,38,0.25
14079,7,6.08,25,0.05
14079,54,76.49,25,0.05
14079,67,106.26,14,0.25
14080,16,95.15,22,0.2
14080,35,47.29,19,0.15
14080,9,39.18,26,0.1
14081,48,28.3,19,0.1
14082,44,4.04,4,0.05
14082,46,115.82,15,0.0
14083,43,44.88,24,0.15
14083,57,54.9,2,0.15
14084,61,107.37,20,0.05
14084,58,31.83,38,0.05
14084,47,32.85,33,0.15
14084,42,49.93,17,0.05
14084,28,104.38,35,0.1
14085,59,14.59,14,0.25
14085,38,106.26,24,0.25
14085,33,6.44,37,0.0
14085,67,106.26,17,0.0
14086,56,112.08,14,0.0
14086,72,83.44,28,0.05
14086,69,78.48,31,0.05
14087,20,117.05,13,0.15
14087,46,115.82,11,0.1
14087,66,117.42,1,0.0
14087,56,112.08,17,0.2
14088,14,105.59,29,0.05
14088,25,102.77,18,0.0
14088,21,79.15,30,0.05
14089,64,47.33,18,0.25
14090,18,48.96,4,0.15
14090,70,50.15,30,0.25
14090,16,95.15,5,0.0
14090,37,79.75,30,0.05
14091,56,112.08,15,0.15
14091,28,104.38,7,0.15
14091,13,52.5,38,0.05
14091,22,38.34,27,0.15
14091,11,52.47,17,0.2
14092,37,79.75,4,0.2
14092,4,92.55,37,0.25
14092,58,31.83,28,0.15
14093,16,95.15,38,0.0
14093,4,92.55,1,0.25
14093,75,9.19,15,0.1
14094,70,50.15,35,0.05
14094,22,38.34,2,0.0
14094,75,9.19,36,0.2
14094,8,94.05,20,0.0
14095,29,93.83,3,0.0
14095,58,31.83,28,0.1
14095,71,101.11,40,0.2
14095,67,106.26,8,0.25
14095,13,52.5,15,0.15
14096,5,16.93,3,0.25
14096,66,117.42,24,0.1
14096,14,105.59,2,0.1
14096,9,39.18,22,0.1
14097,36,105.7,28,0.25
14097,55,6.73,27,0.0
14097,75,9.19,2,0.25
14097,22,38.34,22,0.0
14097,14,105.59,37,0.05
14098,72,83.44,27,0.05
14099,57,54.9,8,0.1
14099,68,114.35,37,0.05
14099,48,28.3,27,0.1
14099,14,105.59,13,0.2
14099,66,117.42,2,0.1
14100,20,117.05,11,0.0
14100,45,90.19,3,0.2
14101,61,107.37,15,0.0
14101,44,4.04,39,0.0
14101,11,52.47,12,0.15
14102,72,83.44,3,0.1
14102,36,105.7,25,0.15
14102,5,16.93,1,0.2
14103,42,49.93,16,0.1
14103,58,31.83,2,0.0
14104,65,67.59,21,0.0
14104,73,84.89,33,0.1
14105,52,104.83,10,0.25
14105,24,22.74,36,0.2
14105,59,14.59,5,0.1
14105,64,47.33,4,0.15
14106,68,114.35,9,0.25
14106,21,79.15,37,0.0
14107,45,90.19,27,0.2
14107,23,46.01,30,0.0
14107,40,43.83,24,0.2
14107,56,112.08,17,0.0
14107,5,16.93,27,0.15
14108,58,31.83,30,0.1
14108,64,47.33,26,0.2
14108,52,104.83,28,0.15
14108,48,28.3,20,0.2
14108,71,101.11,5,0.1
14109,39,107.46,35,0.15
14110,14,105.59,11,0.2
14110,10,24.02,6,0.25
14111,16,95.15,17,0.05
14111,40,43.83,30,0.2
14111,72,83.44,17,0.05
14111,38,106.26,8,0.0
14112,15,92.23,1,0.25
14112,27,15.49,29,0.2
14112,7,6.08,22,0.1
14112,60,71.49,34,0.0
14113,47,32.85,3,0.0
14113,27,15.49,33,0.05
14114,74,32.54,6,0.1
14115,29,93.83,39,0.1
14115,60,71.49,15,0.05
14116,23,46.01,16,0.15
14116,63,85.64,32,0.2
14116,64,47.33,36,0.1
14116,46,115.82,38,0.05
14116,52,104.83,9,0.15
14117,19,75.57,32,0.1
14117,28,104.38,10,0.25
14118,34,47.7,31,0.05
14118,23,46.01,9,0.2
14119,29,93.83,7,0.15
14119,13,52.5,19,0.15
14120,15,92.23,18,0.15
14121,1,52.08,6,0.2
14122,21,79.15,12,0.1
14123,18,48.96,4,0.15
14124,57,54.9,22,0.25
14124,22,38.34,11,0.15
14124,5,16.93,26,0.1
14124,23,46.01,3,0.15
14125,15,92.23,16,0.15
14126,50,72.69,18,0.15
14126,27,15.49,30,0.0
14126,39,107.46,5,0.25
14126,5,16.93,27,0.15
14126,52,104.83,18,0.0
14127,50,72.69,17,0.2
14127,49,16.19,31,0.25
14127,59,14.59,16,0.15
14127,60,71.49,11,0.15
14128,31,38.95,35,0.2
14129,14,105.59,38,0.15
14129,70,50.15,34,0.05
14130,75,9.19,26,0.25
14130,18,48.96,36,0.1
14130,11,52.47,21,0.15
14130,29,93.83,9,0.15
14131,23,46.01,28,0.0
14131,60,71.49,33,0.05
14131,16,95.15,40,0.0
14131,3,105.47,34,0.25
14132,66,117.42,14,0.05
14132,74,32.54,11,0.25
14132,52,104.83,9,0.05
14133,14,105.59,2,0.15
14133,60,71.49,22,0.25
14133,20,117.05,1,0.2
14133,64,47.33,37,0.25
14134,18,48.96,31,0.1
14134,21,79.15,14,0.05
14134,16,95.15,16,0.0
14135,57,54.9,7,0.15
14135,73,84.89,14,0.05
14135,64,47.33,15,0.0
14135,32,31.76,33,0.05
14135,62,72.54,24,0.05
14136,32,31.76,21,0.1
14137,45,90.19,8,0.25
14137,7,6.08,14,0.15
14137,40,43.83,39,0.1
14138,54,76.49,11,0.1
14138,30,33.41,36,0.0
14138,76,77.31,36,0.1
14138,24,22.74,7,0.25
14139,26,110.61,24,0.2
14139,49,16.19,8,0.0
14139,13,52.5,26,0.0
14139,11,52.47,27,0.05
14140,9,39.18,27,0.15
14140,6,22.0,32,0.0
14140,72,83.44,39,0.1
14140,10,24.02,11,0.15
14141,40,43.83,12,0.1
14141,2,88.95,18,0.15
14141,22,38.34,37,0.05
14141,61,107.37,2,0.0
14141,36,105.7,17,0.15
14142,64,47.33,6,0.25
14142,26,110.61,15,0.0
14142,53,91.15,5,0.1
14142,43,44.88,2,0.05
14142,46,115.82,6,0.25
14143,56,112.08,11,0.1
14143,27,15.49,17,0.0
14144,47,32.85,10,0.0
14144,51,41.53,16,0.1
14145,24,22.74,6,0.15
14145,31,38.95,2,0.0
14145,26,110.61,25,0.15
14146,14,105.59,12,0.2
14146,1,52.08,22,0.0
14146,24,22.74,33,0.05
14146,16,95.15,29,0.1
14147,70,50.15,15,0.25
14147,45,90.19,4,0.15
14147,72,83.44,37,0.0
14148,61,107.37,3,0.0
14148,11,52.47,36,0.2
14149,20,117.05,4,0.2
14149,57,54.9,28,0.2
14149,36,105.7,24,0.0
14149,73,84.89,39,0.25
14149,40,43.83,34,0.1
14150,37,79.75,1,0.0
14150,32,31.76,37,0.05
14151,25,102.77,38,0.05
14151,57,54.9,14,0.2
14152,67,106.26,18,0.05
14152,2,88.95,9,0.1
14152,24,22.74,8,0.05
14152,77,72.37,14,0.2
14152,30,33.41,14,0.05
14153,27,15.49,4,0.0
14153,61,107.37,16,0.05
14153,43,44.88,35,0.2
14154,46,115.82,12,0.0
14155,64,47.33,37,0.0
14155,45,90.19,34,0.25
14155,22,38.34,9,0.1
14156,63,85.64,34,0.05
14156,26,110.61,10,0.05
14157,63,85.64,25,0.1
14157,41,106.55,39,0.25
14157,38,106.26,7,0.2
14158,41,106.55,36,0.0
14158,49,16.19,18,0.05
14159,13,52.5,18,0.05
14159,14,105.59,19,0.05
14159,57,54.9,16,0.2
14159,23,46.01,36,0.2
14159,26,110.61,12,0.2
14160,9,39.18,17,0.05
14160,54,76.49,23,0.05
14161,37,79.75,31,0.05
14161,52,104.83,11,0.0
14162,76,77.31,25,0.2
14162,9,39.18,5,0.1
14162,13,52.5,31,0.25
14162,24,22.74,3,0.15
14162,58,31.83,8,0.05
14163,48,28.3,34,0.15
14163,56,112.08,2,0.1
14163,51,41.53,24,0.15
14163,17,102.38,32,0.2
14164,68,114.35,2,0.1
14164,17,102.38,34,0.05
14164,12,89.54,28,0.2
14164,36,105.7,3,0.05
14165,63,85.64,20,0.05
14165,31,38.95,21,0.05
14165,46,115.82,28,0.1
14165,35,47.29,24,0.15
14166,25,102.77,28,0.1
14166,62,72.54,29,0.05
14166,37,79.75,12,0.15
14166,60,71.49,2,0.25
14166,76,77.31,19,0.25
14167,35,47.29,23,0.1
14168,35,47.29,9,0.15
14168,26,110.61,12,0.05
14168,64,47.33,20,0.0
14168,47,32.85,25,0.2
14168,50,72.69,20,0.2
14169,27,15.49,8,0.1
14169,16,95.15,31,0.1
14169,68,114.35,20,0.25
14170,12,89.54,7,0.2
14170,63,85.64,34,0.25
14171,63,85.64,40,0.05
14171,26,110.61,10,0.1
14171,76,77.31,37,0.0
14171,64,47.33,25,0.05
14172,66,117.42,20,0.2
14173,22,38.34,8,0.05
14173,54,76.49,20,0.0
14173,4,92.55,40,0.1
14174,67,106.26,27,0.25
14174,68,114.35,17,0.05
14174,57,54.9,34,0.05
14174,26,110.61,29,0.1
14174,27,15.49,36,0.25
14175,32,31.76,37,0.0
14175,73,84.89,6,0.1
14175,35,47.29,11,0.2
14175,27,15.49,15,0.25
14176,6,22.0,7,0.25
14176,39,107.46,17,0.2
14176,49,16.19,6,0.1
14177,17,102.38,11,0.1
14177,38,106.26,33,0.25
14177,28,104.38,15,0.0
14177,11,52.47,34,0.05
14178,65,67.59,15,0.0
14178,8,94.05,35,0.0
14179,17,102.38,36,0.0
14179,69,78.48,6,0.05
14179,18,48.96,2,0.1
14179,2,88.95,20,0.25
14179,75,9.19,12,0.25
14180,46,115.82,10,0.2
14180,61,107.37,13,0.15
14180,21,79.15,29,0.2
14181,36,105.7,32,0.0
14181,7,6.08,36,0.2
14181,64,47.33,12,0.05
14181,35,47.29,13,0.2
14181,40,43.83,27,0.15
14182,58,31.83,29,0.0
14182,11,52.47,1,0.0
14182,28,104.38,30,0.0
14182,76,77.31,29,0.05
14183,73,84.89,40,0.15
14183,11,52.47,22,0.2
14183,55,6.73,30,0.05
14184,4,92.55,14,0.0
14185,27,15.49,25,0.25
14185,76,77.31,23,0.1
14186,46,115.82,24,0.0
14186,15,92.23,38,0.15
14187,26,110.61,30,0.15
14187,59,14.59,29,0.05
14188,41,106.55,22,0.0
14188,69,78.48,25,0.15
14188,19,75.57,30,0.15
14188,8,94.05,24,0.15
14188,74,32.54,18,0.25
14189,19,75.57,10,0.15
14189,53,91.15,28,0.25
14189,36,105.7,15,0.0
14189,67,106.26,17,0.0
14190,75,9.19,24,0.1
14191,75,9.19,3,0.15
14191,51,41.53,7,0.0
14191,65,67.59,12,0.2
14191,15,92.23,21,0.05
14192,27,15.49,33,0.0
14193,56,112.08,35,0.15
14193,9,39.18,27,0.05
14193,73,84.89,20,0.2
14193,50,72.69,9,0.0
14193,76,77.31,30,0.05
14194,34,47.7,25,0.0
14195,21,79.15,12,0.05
14196,9,39.18,3,0.05
14196,67,106.26,22,0.05
14196,49,16.19,4,0.2
14196,26,110.61,31,0.25
14196,76,77.31,6,0.0
14197,60,71.49,18,0.0
14197,53,91.15,28,0.2
14197,72,83.44,2,0.15
14197,74,32.54,18,0.0
14198,63,85.64,35,0.2
14198,16,95.15,12,0.2
14199,72,83.44,22,0.05
14199,2,88.95,40,0.25
14199,75,9.19,34,0.25
14199,42,49.93,22,0.05
14199,70,50.15,21,0.25
14200,29,93.83,5,0.2
14201,20,117.05,34,0.1
14201,71,101.11,5,0.25
14201,12,89.54,27,0.05
14201,29,93.83,27,0.1
14202,29,93.83,13,0.0
14202,19,75.57,39,0.15
14202,46,115.82,38,0.25
14203,56,112.08,34,0.15
14204,61,107.37,28,0.1
14204,19,75.57,10,0.0
14204,15,92.23,38,0.2
14204,10,24.02,35,0.15
14204,36,105.7,3,0.25
14205,77,72.37,14,0.1
14205,38,106.26,15,0.25
14205,50,72.69,5,0.25
14205,71,101.11,25,0.25
14205,75,9.19,30,0.1
14206,77,72.37,26,0.0
14206,40,43.83,23,0.1
14207,65,67.59,15,0.2
14207,24,22.74,29,0.15
14207,8,94.05,14,0.2
14207,37,79.75,31,0.2
14207,7,6.08,20,0.05
14208,74,32.54,1,0.1
14208,31,38.95,26,0.05
14208,27,15.49,37,0.05
14209,33,6.44,3,0.1
14210,64,47.33,16,0.0
14210,68,114.35,8,0.05
14210,14,105.59,33,0.25
14210,29,93.83,29,0.0
14211,35,47.29,17,0.15
14211,62,72.54,26,0.0
14211,41,106.55,35,0.25
14212,63,85.64,31,0.05
14212,64,47.33,11,0.15
14213,37,79.75,33,0.2
14214,6,22.0,32,0.15
14214,57,54.9,38,0.2
14214,29,93.83,9,0.15
14214,51,41.53,7,0.2
14214,73,84.89,13,0.1
14215,6,22.0,30,0.05
14215,63,85.64,29,0.05
14215,21,79.15,15,0.15
14216,29,93.83,2,0.25
14217,66,117.42,39,0.15
14217,38,106.26,27,0.0
14217,62,72.54,7,0.2
14218,55,6.73,24,0.05
14218,1,52.08,21,0.25
14218,53,91.15,7,0.05
14218,66,117.42,1,0.0
14219,74,32.54,18,0.1
14219,13,52.5,33,0.0
14219,4,92.55,23,0.1
14219,58,31.83,31,0.25
14220,21,79.15,35,0.05
14221,37,79.75,13,0.25
14221,27,15.49,30,0.2
14221,6,22.0,22,0.25
14221,19,75.57,8,0.0
14222,53,91.15,6,0.0
14223,58,31.83,21,0.0
14223,10,24.02,8,0.2
14223,5,16.93,25,0.2
14224,8,94.05,18,0.2
14225,65,67.59,10,0.1
14225,13,52.5,10,0.05
14226,57,54.9,30,0.1
14226,30,33.41,34,0.0
14226,47,32.85,8,0.0
14226,49,16.19,39,0.2
14226,65,67.59,15,0.0
14227,75,9.19,28,0.15
14227,11,52.47,20,0.0
14227,36,105.7,33,0.2
14227,8,94.05,39,0.15
14228,58,31.83,25,0.15
14229,64,47.33,40,0.0
14229,1,52.08,36,0.15
14229,16,95.15,1,0.2
14229,28,104.38,22,0.2
14230,76,77.31,29,0.25
14230,31,38.95,20,0.2
14230,68,114.35,20,0.15
14230,11,52.47,40,0.2
14230,16,95.15,38,0.0
14231,22,38.34,38,0.0
14231,12,89.54,29,0.25
14232,75,9.19,8,0.1
14232,17,102.38,13,0.1
14232,77,72.37,31,0.25
14232,36,105.7,34,0.25
14233,62,72.54,8,0.2
14233,65,67.59,28,0.25
14233,59,14.59,28,0.15
14234,37,79.75,26,0.15
14234,27,15.49,8,0.0
14234,71,101.11,13,0.0
14234,77,72.37,40,0.25
14235,76,77.31,38,0.0
14235,57,54.9,10,0.0
14236,39,107.46,34,0.15
14236,65,67.59,5,0.15
14236,55,6.73,22,0.1
14237,30,33.41,33,0.25
14237,53,91.15,23,0.1
14237,37,79.75,5,0.2
14237,17,102.38,33,0.15
14237,64,47.33,36,0.25
14238,35,47.29,22,0.25
14238,37,79.75,10,0.25
14238,21,79.15,30,0.05
14239,6,22.0,21,0.05
14239,46,115.82,12,0.0
14239,30,33.41,9,0.0
14239,66,117.42,11,0.05
14239,19,75.57,30,0.25
14240,35,47.29,17,0.25
14240,63,85.64,32,0.2
14240,11,52.47,14,0.25
14240,72,83.44,27,0.0
14241,47,32.85,20,0.1
14241,9,39.18,14,0.15
14241,65,67.59,13,0.0
14242,64,47.33,12,0.15
14242,35,47.29,27,0.0
14242,51,41.53,35,0.1
14243,51,41.53,3,0.1
14243,28,104.38,18,0.05
14243,35,47.29,15,0.1
14244,69,78.48,14,0.25
14245,18,48.96,22,0.2
14245,29,93.83,3,0.05
14245,8,94.05,35,0.05
14245,57,54.9,40,0.1
14245,46,115.82,29,0.1
14246,67,106.26,24,0.2
14246,41,106.55,20,0.0
14246,46,115.82,18,0.0
14246,66,117.42,36,0.15
14246,8,94.05,30,0.15
14247,34,47.7,26,0.05
14248,52,104.83,10,0.0
14248,41,106.55,1,0.1
14249,72,83.44,9,0.25
14249,58,31.83,21,0.2
14249,42,49.93,26,0.2
14249,16,95.15,6,0.2
14250,21,79.15,4,0.15
14250,50,72.69,13,0.2
14250,15,92.23,39,0.15
14251,53,91.15,25,0.1
14251,41,106.55,35,0.0
14252,51,41.53,40,0.15
14252,53,91.15,9,0.15
14252,20,117.05,31,0.25
14253,59,14.59,39,0.2
14254,34,47.7,40,0.15
14254,48,28.3,22,0.2
14255,29,93.83,6,0.15
14255,61,107.37,36,0.25
14255,4,92.55,24,0.1
14255,76,77.31,5,0.0
14256,44,4.04,28,0.15
14256,19,75.57,4,0.25
14256,65,67.59,29,0.0
14257,11,52.47,25,0.1
14258,41,106.55,36,0.0
14259,40,43.83,17,0.05
14259,14,105.59,1,0.25
14259,58,31.83,18,0.2
14260,53,91.15,37,0.15
14260,37,79.75,13,0.1
14260,58,31.83,38,0.15
14260,51,41.53,23,0.2
14261,1,52.08,32,0.15
14261,45,90.19,20,0.15
14262,53,91.15,23,0.1
14262,54,76.49,36,0.15
14263,42,49.93,13,0.25
14263,11,52.47,4,0.05
14263,32,31.76,36,0.15
14263,6,22.0,11,0.05
14264,68,114.35,12,0.0
14264,69,78.48,1,0.05
14264,51,41.53,37,0.25
14264,1,52.08,15,0.1
14264,16,95.15,6,0.15
14265,70,50.15,33,0.2
14265,35,47.29,8,0.15
14265,31,38.95,6,0.25
14266,55,6.73,14,0.0
14266,25,102.77,21,0.15
14267,6,22.0,15,0.2
14267,37,79.75,9,0.1
14268,15,92.23,10,0.15
14268,60,71.49,10,0.1
14268,16,95.15,7,0.0
14268,47,32.85,6,0.2
14269,70,50.15,27,0.05
14270,19,75.57,17,0.25
14270,14,105.59,20,0.2
14270,41,106.55,17,0.05
14271,6,22.0,20,0.1
14271,75,9.19,30,0.25
14271,45,90.19,10,0.2
14271,10,24.02,33,0.1
14271,17,102.38,37,0.2
14272,41,106.55,34,0.2
14272,47,32.85,37,0.1
14272,1,52.08,18,0.25
14272,69,78.48,2,0.15
14273,17,102.38,10,0.25
14273,38,106.26,34,0.1
14273,59,14.59,19,0.15
14273,65,67.59,33,0.15
14274,51,41.53,8,0.15
14274,55,6.73,17,0.05
14274,75,9.19,34,0.2
14274,44,4.04,17,0.0
14274,40,43.83,22,0.0
14275,59,14.59,13,0.1
14275,65,67.59,11,0.2
14275,15,92.23,3,0.15
14275,5,16.93,38,0.15
14276,62,72.54,3,0.15
14276,53,91.15,23,0.05
14276,10,24.02,16,0.05
14277,23,46.01,37,0.25
14277,60,71.49,27,0.0
14278,40,43.83,34,0.0
14278,8,94.05,7,0.1
14278,53,91.15,4,0.25
14278,74,32.54,13,0.1
14278,64,47.33,38,0.15
14279,26,110.61,11,0.05
14279,37,79.75,1,0.25
14279,15,92.23,34,0.1
14279,44,4.04,35,0.0
14280,51,41.53,23,0.15
14280,19,75.57,5,0.1
14280,70,50.15,1,0.2
14281,37,79.75,16,0.0
14281,47,32.85,3,0.0
14281,43,44.88,26,0.25
14281,27,15.49,27,0.2
14282,73,84.89,40,0.2
14282,11,52.47,31,0.2
14282,12,89.54,38,0.05
14282,47,32.85,40,0.15
14282,68,114.35,36,0.15
14283,9,39.18,5,0.15
14283,39,107.46,26,0.1
14283,38,106.26,2,0.2
14284,60,71.49,37,0.25
14284,38,106.26,11,0.2
14284,65,67.59,23,0.15
14284,25,102.77,30,0.05
14285,52,104.83,11,0.1
14285,41,106.55,20,0.15
14286,1,52.08,2,0.05
14286,60,71.49,15,0.25
14287,48,28.3,8,0.2
14287,68,114.35,6,0.05
14287,23,46.01,20,0.25
14288,34,47.7,5,0.25
14288,48,28.3,37,0.1
14288,68,114.35,19,0.15
14289,30,33.41,31,0.15
14289,70,50.15,19,0.1
14289,67,106.26,11,0.0
14289,37,79.75,2,0.0
14290,10,24.02,13,0.1
14290,69,78.48,10,0.2
14290,4,92.55,10,0.15
14290,21,79.15,6,0.0
14291,46,115.82,21,0.0
14291,37,79.75,14,0.05
14291,29,93.83,9,0.05
14291,50,72.69,25,0.05
14291,70,50.15,7,0.15
14292,64,47.33,2,0.2
14292,61,107.37,13,0.1
14292,74,32.54,40,0.1
14292,7,6.08,28,0.05
14292,17,102.38,39,0.0
14293,38,106.26,12,0.25
14294,66,117.42,28,0.2
14294,57,54.9,36,0.15
14294,73,84.89,29,0.15
14294,29,93.83,14,0.15
14295,26,110.61,27,0.25
14296,13,52.5,40,0.0
14296,2,88.95,34,0.0
14296,65,67.59,19,0.05
14296,55,6.73,4,0.2
14296,60,71.49,18,0.0
14297,70,50.15,25,0.1
14297,33,6.44,18,0.15
14298,23,46.01,22,0.05
14298,4,92.55,18,0.0
14298,36,105.7,22,0.2
14298,75,9.19,23,0.25
14298,34,47.7,1,0.05
14299,75,9.19,14,0.0
14299,68,114.35,7,0.05
14299,40,43.83,23,0.2
14299,27,15.49,32,0.1
14300,57,54.9,15,0.15
14300,23,46.01,2,0.1
14301,24,22.74,14,0.0
14302,20,117.05,10,0.1
14302,7,6.08,6,0.05
14302,1,52.08,38,0.2
14303,59,14.59,39,0.0
14303,45,90.19,31,0.0
14303,17,102.38,36,0.1
14304,1,52.08,15,0.15
14304,62,72.54,37,0.05
14305,1,52.08,30,0.15
14305,40,43.83,22,0.1
14306,38,106.26,1,0.1
14306,69,78.48,2,0.1
14307,44,4.04,10,0.15
14307,27,15.49,4,0.15
14307,39,107.46,19,0.2
14308,34,47.7,9,0.1
14308,68,114.35,23,0.15
14308,43,44.88,11,0.2
14308,11,52.47,14,0.05
14308,24,22.74,4,0.1
14309,22,38.34,31,0.15
14309,25,102.77,6,0.0
14309,10,24.02,4,0.25
14309,24,22.74,21,0.25
14310,73,84.89,32,0.15
14311,39,107.46,36,0.15
14311,58,31.83,5,0.05
14311,75,9.19,35,0.25
14312,48,28.3,15,0.05
14312,44,4.04,14,0.25
14312,57,54.9,24,0.25
14312,46,115.82,36,0.15
14312,64,47.33,25,0.15
14313,41,106.55,35,0.0
14313,14,105.59,15,0.1
14313,71,101.11,40,0.15
14313,50,72.69,26,0.15
14314,25,102.77,30,0.1
14315,12,89.54,18,0.15
14315,23,46.01,23,0.0
14315,3,105.47,6,0.1
14315,56,112.08,39,0.25
14315,62,72.54,29,0.2
14316,11,52.47,29,0.15
14316,75,9.19,26,0.2
14316,9,39.18,39,0.25
14317,9,39.18,33,0.15
14317,35,47.29,27,0.2
14317,16,95.15,6,0.15
14318,65,67.59,6,0.15
14318,18,48.96,18,0.05
14318,46,115.82,8,0.25
14318,23,46.01,33,0.25
14318,33,6.44,26,0.1
14319,33,6.44,19,0.25
14319,9,39.18,13,0.1
14320,73,84.89,2,0.05
14321,37,79.75,40,0.05
14321,4,92.55,10,0.15
14322,55,6.73,24,0.15
14322,19,75.57,38,0.0
14323,34,47.7,17,0.1
14323,12,89.54,31,0.0
14324,35,47.29,33,0.05
14325,12,89.54,22,0.15
14325,42,49.93,27,0.05
14325,41,106.55,36,0.25
14325,35,47.29,35,0.2
14325,49,16.19,29,0.15
14326,36,105.7,39,0.15
14326,19,75.57,25,0.0
14327,10,24.02,11,0.25
14327,48,28.3,12,0.2
14327,26,110.61,19,0.05
14327,76,77.31,14,0.05
14328,61,107.37,1,0.2
14329,5,16.93,12,0.1
14329,61,107.37,19,0.15
14329,45,90.19,10,0.25
14329,21,79.15,17,0.1
14330,16,95.15,39,0.1
14330,35,47.29,4,0.25
14330,4,92.55,17,0.15
14330,46,115.82,23,0.05
14330,10,24.02,35,0.05
14331,58,31.83,16,0.0
14331,45,90.19,8,0.25
14331,26,110.61,32,0.1
14331,55,6.73,21,0.15
14332,44,4.04,13,0.15
14332,35,47.29,25,0.15
14332,43,44.88,7,0.15
14332,26,110.61,22,0.2
14333,6,22.0,16,0.15
14333,72,83.44,31,0.2
14333,74,32.54,30,0.0
14333,14,105.59,31,0.05
14334,63,85.64,33,0.05
14334,65,67.59,11,0.25
14334,44,4.04,36,0.2
14334,58,31.83,40,0.25
14335,29,93.83,28,0.1
14335,20,117.05,19,0.2
14335,22,38.34,36,0.0
14335,65,67.59,9,0.15
14336,75,9.19,16,0.25
14336,69,78.48,31,0.1
14336,32,31.76,38,0.05
14336,7,6.08,38,0.2
14336,11,52.47,19,0.1
14337,39,107.46,39,0.1
14337,20,117.05,31,0.2
14338,7,6.08,28,0.0
14338,29,93.83,35,0.1
14338,26,110.61,4,0.2
14339,73,84.89,20,0.15
14339,19,75.57,19,0.2
14339,52,104.83,32,0.1
14339,74,32.54,30,0.0
14340,45,90.19,26,0.1
14341,70,50.15,28,0.15
14341,3,105.47,39,0.05
14341,46,115.82,29,0.15
14341,58,31.83,18,0.1
14341,24,22.74,3,0.1
14342,1,52.08,25,0.2
14342,20,117.05,22,0.15
14343,18,48.96,1,0.2
14343,14,105.59,8,0.0
14343,1,52.08,14,0.15
14344,21,79.15,16,0.25
14344,47,32.85,20,0.15
14344,50,72.69,7,0.1
14344,44,4.04,27,0.25
14345,33,6.44,33,0.25
14345,66,117.42,35,0.05
14345,7,6.08,40,0.1
14345,75,9.19,30,0.25
14346,28,104.38,7,0.25
14346,23,46.01,15,0.05
14346,77,72.37,19,0.1
14346,32,31.76,9,0.15
14347,66,117.42,3,0.05
14348,7,6.08,3,0.2
14348,74,32.54,28,0.15
14348,14,105.59,9,0.15
14349,75,9.19,21,0.0
14349,52,104.83,21,0.05
14349,60,71.49,27,0.2
14349,28,104.38,36,0.05
14350,18,48.96,37,0.1
14350,74,32.54,25,0.25
14350,51,41.53,7,0.15
14350,49,16.19,34,0.0
14351,9,39.18,40,0.0
14351,71,101.11,14,0.2
14352,45,90.19,26,0.0
14352,23,46.01,9,0.2
14352,54,76.49,22,0.05
14352,49,16.19,19,0.05
14352,46,115.82,33,0.0
14353,43,44.88,40,0.1
14353,13,52.5,9,0.05
14353,16,95.15,16,0.1
14353,58,31.83,25,0.05
14354,29,93.83,10,0.2
14354,74,32.54,3,0.25
14354,68,114.35,29,0.05
14354,27,15.49,6,0.15
14354,32,31.76,13,0.25
14355,50,72.69,40,0.15
14355,65,67.59,31,0.2
14355,5,16.93,29,0.25
14355,75,9.19,35,0.2
14356,34,47.7,39,0.1
14356,27,15.49,13,0.1
14356,35,47.29,16,0.05
14356,49,16.19,5,0.15
14357,29,93.83,9,0.05
14357,34,47.7,8,0.05
14357,3,105.47,25,0.15
14357,42,49.93,13,0.25
14357,69,78.48,30,0.2
14358,20,117.05,23,0.15
14358,2,88.95,31,0.1
14358,3,105.47,37,0.25
14359,10,24.02,19,0.15
14359,26,110.61,14,0.1
14360,35,47.29,15,0.25
14360,72,83.44,16,0.2
14361,55,6.73,19,0.15
14362,6,22.0,32,0.15
14362,23,46.01,24,0.2
14362,36,105.7,10,0.15
14362,59,14.59,35,0.15
14362,56,112.08,17,0.15
14363,20,117.05,12,0.25
14363,61,107.37,14,0.15
14364,47,32.85,25,0.15
14364,76,77.31,29,0.2
14364,41,106.55,19,0.1
14364,62,72.54,9,0.05
14365,22,38.34,3,0.1
14365,46,115.82,5,0.15
14365,60,71.49,19,0.0
14365,3,105.47,32,0.2
14365,31,38.95,39,0.2
14366,17,102.38,17,0.05
14367,17,102.38,4,0.0
14367,70,50.15,34,0.2
14367,21,79.15,22,0.25
14368,72,83.44,18,0.1
14368,36,105.7,37,0.15
14368,2,88.95,28,0.1
14368,48,28.3,33,0.1
14368,20,117.05,15,0.15
14369,75,9.19,2,0.05
14370,23,46.01,3,0.0
14370,37,79.75,13,0.15
14371,48,28.3,29,0.05
14371,28,104.38,14,0.25
14371,73,84.89,9,0.15
14372,34,47.7,30,0.1
14373,30,33.41,35,0.25
14373,9,39.18,7,0.0
14373,48,28.3,32,0.05
14373,20,117.05,34,0.0
14373,68,114.35,20,0.25
14374,27,15.49,36,0.0
14374,47,32.85,40,0.2
14374,13,52.5,20,0.0
14374,51,41.53,38,0.25
14375,60,71.49,29,0.15
14376,34,47.7,25,0.15
14376,42,49.93,5,0.2
14377,28,104.38,2,0.0
14377,50,72.69,39,0.05
14377,73,84.89,22,0.05
14377,40,43.83,37,0.1
14378,32,31.76,38,0.05
14379,56,112.08,32,0.25
14379,63,85.64,14,0.2
14379,67,106.26,1,0.05
14379,66,117.42,16,0.1
14380,7,6.08,11,0.1
14380,19,75.57,21,0.25
14380,44,4.04,32,0.2
14380,41,106.55,13,0.25
14380,58,31.83,38,0.2
14381,68,114.35,9,0.0
14381,53,91.15,35,0.15
14381,56,112.08,34,0.0
14381,18,48.96,3,0.25
14381,12,89.54,13,0.25
14382,66,117.42,7,0.15
14383,11,52.47,36,0.1
14383,27,15.49,31,0.0
14383,54,76.49,6,0.0
14383,49,16.19,7,0.05
14383,66,117.42,20,0.15
14384,73,84.89,31,0.25
14384,51,41.53,37,0.2
14384,59,14.59,5,0.25
14384,31,38.95,2,0.0
14384,66,117.42,7,0.05
14385,17,102.38,3,0.15
14386,63,85.64,28,0.25
14386,44,4.04,7,0.05
14387,47,32.85,21,0.15
14387,31,38.95,30,0.1
14387,64,47.33,8,0.1
14387,48,28.3,13,0.15
14387,59,14.59,29,0.15
14388,46,115.82,28,0.1
14389,5,16.93,17,0.05
14389,71,101.11,17,0.2
14389,26,110.61,36,0.05
14389,67,106.26,14,0.25
14389,30,33.41,4,0.2
14390,24,22.74,15,0.15
14391,64,47.33,40,0.05
14391,40,43.83,4,0.25
14392,21,79.15,37,0.0
14392,29,93.83,3,0.0
14392,8,94.05,11,0.25
14392,60,71.49,17,0.15
14392,62,72.54,1,0.1
14393,10,24.02,21,0.15
14393,53,91.15,21,0.05
14393,63,85.64,29,0.15
14393,58,31.83,30,0.25
14394,1,52.08,34,0.05
14394,7,6.08,2,0.0
14394,35,47.29,1,0.15
14394,29,93.83,13,0.2
14395,4,92.55,27,0.2
14395,77,72.37,12,0.05
14395,52,104.83,19,0.05
14395,27,15.49,13,0.05
14395,8,94.05,7,0.25
14396,38,106.26,23,0.1
14396,58,31.83,18,0.0
14396,39,107.46,36,0.1
14396,2,88.95,28,0.05
14397,60,71.49,9,0.2
14397,15,92.23,3,0.05
14397,58,31.83,21,0.1
14397,19,75.57,22,0.2
14397,16,95.15,37,0.2
14398,25,102.77,18,0.0
14398,30,33.41,1,0.25
14398,48,28.3,3,0.25
14399,67,106.26,9,0.05
14400,7,6.08,8,0.05
14400,3,105.47,6,0.0
14400,56,112.08,4,0.25
14400,40,43.83,16,0.15
14401,69,78.48,32,0.05
14401,68,114.35,31,0.15
14401,13,52.5,28,0.0
14402,69,78.48,38,0.1
14403,4,92.55,37,0.1
14403,36,105.7,5,0.2
14403,11,52.47,19,0.0
14404,1,52.08,2,0.1
14404,70,50.15,28,0.2
14404,21,79.15,20,0.25
14404,60,71.49,11,0.25
14405,8,94.05,39,0.0
14405,28,104.38,32,0.25
14406,4,92.55,27,0.25
14406,31,38.95,34,0.25
14406,45,90.19,15,0.0
14406,1,52.08,17,0.25
14407,12,89.54,24,0.15
14407,42,49.93,31,0.05
14407,38,106.26,30,0.0
14407,30,33.41,32,0.0
14408,58,31.83,35,0.25
14408,47,32.85,31,0.2
14408,64,47.33,19,0.1
14408,39,107.46,19,0.2
14408,8,94.05,25,0.1
14409,65,67.59,8,0.15
14409,41,106.55,1,0.0
14409,49,16.19,1,0.0
14409,47,32.85,18,0.05
14409,35,47.29,3,0.0
14410,17,102.38,39,0.25
14411,64,47.33,34,0.15
14411,21,79.15,21,0.15
14411,59,14.59,12,0.0
14411,3,105.47,29,0.1
14412,38,106.26,32,0.1
14413,70,50.15,15,0.2
14413,26,110.61,38,0.0
14414,34,47.7,19,0.05
14414,53,91.15,2,0.1
14414,52,104.83,12,0.0
14414,55,6.73,29,0.1
14415,25,102.77,9,0.0
14415,49,16.19,23,0.0
14415,14,105.59,36,0.05
14415,11,52.47,27,0.25
14416,15,92.23,5,0.2
14416,57,54.9,21,0.05
14416,44,4.04,36,0.05
14416,56,112.08,40,0.0
14416,49,16.19,9,0.25
14417,55,6.73,32,0.1
14417,40,43.83,24,0.1
14417,44,4.04,30,0.25
14417,66,117.42,13,0.15
14417,17,102.38,8,0.1
14418,53,91.15,11,0.0
14418,4,92.55,32,0.0
14418,15,92.23,18,0.15
14418,64,47.33,10,0.15
14418,2,88.95,3,0.15
14419,60,71.49,12,0.05
14419,19,75.57,32,0.0
14419,70,50.15,37,0.0
14419,58,31.83,2,0.1
14419,33,6.44,6,0.25
14420,57,54.9,16,0.1
14420,45,90.19,12,0.1
14420,62,72.54,16,0.25
14420,67,106.26,19,0.25
14420,60,71.49,23,0.0
14421,7,6.08,5,0.15
14421,32,31.76,28,0.2
14422,77,72.37,31,0.05
14422,18,48.96,6,0.15
14422,73,84.89,18,0.15
14422,23,46.01,31,0.05
14423,49,16.19,14,0.25
14423,51,41.53,16,0.25
14423,58,31.83,14,0.25
14423,75,9.19,39,0.15
14424,39,107.46,30,0.1
14424,5,16.93,32,0.0
14424,20,117.05,37,0.0
14424,62,72.54,4,0.2
14424,26,110.61,31,0.0
14425,72,83.44,29,0.25
14425,9,39.18,28,0.0
14425,43,44.88,31,0.25
14425,52,104.83,15,0.15
14425,36,105.7,31,0.2
14426,65,67.59,7,0.1
14426,42,49.93,26,0.1
14426,18,48.96,27,0.15
14426,43,44.88,20,0.05
14426,25,102.77,16,0.2
14427,52,104.83,27,0.0
14427,8,94.05,40,0.25
14427,55,6.73,27,0.2
14428,46,115.82,31,0.15
14429,61,107.37,34,0.1
14429,72,83.44,28,0.1
14430,20,117.05,35,0.25
14430,26,110.61,3,0.2
14430,17,102.38,33,0.1
14431,65,67.59,24,0.1
14431,59,14.59,3,0.1
14431,68,114.35,31,0.25
14431,27,15.49,23,0.15
14432,6,22.0,30,0.2
14433,58,31.83,17,0.2
14434,61,107.37,16,0.05
14434,2,88.95,39,0.15
14435,75,9.19,7,0.15
14435,58,31.83,25,0.0
14435,56,112.08,20,0.25
14436,4,92.55,29,0.0
14436,21,79.15,32,0.2
14437,17,102.38,14,0.0
14437,42,49.93,38,0.25
14437,7,6.08,27,0.05
14437,16,95.15,33,0.0
14438,1,52.08,38,0.15
14438,28,104.38,40,0.25
14439,63,85.64,1,0.1
14439,38,106.26,28,0.1
14439,12,89.54,9,0.2
14439,43,44.88,36,0.0
14439,1,52.08,37,0.15
14440,35,47.29,32,0.25
14440,55,6.73,31,0.05
14440,68,114.35,5,0.0
14441,20,117.05,1,0.1
14441,6,22.0,40,0.05
14442,57,54.9,15,0.25
14442,29,93.83,17,0.15
14442,27,15.49,33,0.2
14443,55,6.73,21,0.2
14443,75,9.19,9,0.25
14443,61,107.37,35,0.2
14444,52,104.83,28,0.15
14444,29,93.83,32,0.2
14445,6,22.0,12,0.15
14445,30,33.41,16,0.1
14446,67,106.26,7,0.25
14447,70,50.15,8,0.25
14447,37,79.75,15,0.1
14447,74,32.54,30,0.0
14447,61,107.37,39,0.2
14447,64,47.33,32,0.05
14448,9,39.18,5,0.05
14448,32,31.76,16,0.0
14448,8,94.05,10,0.15
14448,43,44.88,15,0.1
14449,41,106.55,36,0.05
14449,15,92.23,4,0.25
14450,38,106.26,24,0.1
14450,60,71.49,25,0.2
14451,10,24.02,32,0.0
14451,25,102.77,21,0.15
14451,61,107.37,4,0.05
14451,51,41.53,38,0.2
14452,62,72.54,37,0.1
14452,4,92.55,15,0.15
14452,70,50.15,15,0.0
14453,36,105.7,14,0.0
14453,33,6.44,4,0.05
14454,42,49.93,40,0.2
14454,53,91.15,15,0.25
14454,38,106.26,14,0.0
14455,2,88.95,37,0.05
14455,17,102.38,40,0.25
14455,63,85.64,9,0.05
14455,24,22.74,16,0.0
14456,12,89.54,29,0.0
14456,66,117.42,5,0.1
14456,70,50.15,4,0.05
14456,47,32.85,38,0.05
14456,3,105.47,18,0.25
14457,63,85.64,9,0.2
14457,69,78.48,8,0.0
14457,44,4.04,40,0.15
14457,33,6.44,5,0.0
14457,73,84.89,20,0.0
14458,76,77.31,6,0.2
14458,50,72.69,10,0.25
14459,44,4.04,4,0.05
14459,19,75.57,35,0.25
14459,72,83.44,25,0.15
14460,54,76.49,12,0.05
14460,35,47.29,32,0.2
14461,66,117.42,24,0.15
14461,25,102.77,4,0.05
14461,59,14.59,19,0.0
14461,75,9.19,26,0.1
14461,39,107.46,39,0.1
14462,24,22.74,40,0.0
14462,63,85.64,7,0.25
14462,55,6.73,5,0.25
14463,1,52.08,33,0.0
14463,15,92.23,25,0.05
14464,24,22.74,11,0.05
14465,21,79.15,5,0.15
14465,77,72.37,25,0.1
14465,15,92.23,12,0.0
14465,20,117.05,1,0.0
14465,73,84.89,4,0.25
14466,22,38.34,39,0.0
14466,20,117.05,13,0.0
14467,32,31.76,5,0.0
14467,46,115.82,3,0.25
14467,23,46.01,36,0.2
14468,4,92.55,13,0.05
14468,7,6.08,5,0.1
14468,28,104.38,14,0.0
14468,6,22.0,24,0.15
14469,74,32.54,24,0.15
14470,67,106.26,29,0.15
14470,40,43.83,34,0.15
14470,22,38.34,11,0.0
14471,68,114.35,12,0.05
14471,29,93.83,12,0.1
14471,12,89.54,12,0.1
14472,22,38.34,36,0.05
14472,50,72.69,1,0.25
14472,10,24.02,35,0.1
14472,52,104.83,28,0.15
14473,15,92.23,14,0.05
14473,31,38.95,19,0.0
14474,28,104.38,37,0.2
14474,68,114.35,37,0.05
14474,47,32.85,3,0.1
14474,43,44.88,23,0.2
14475,34,47.7,3,0.05
14476,25,102.77,16,0.1
14476,64,47.33,38,0.05
14476,23,46.01,37,0.05
14477,61,107.37,10,0.2
14478,56,112.08,2,0.15
14479,69,78.48,12,0.0
14479,33,6.44,7,0.1
14480,30,33.41,1,0.0
14480,66,117.42,38,0.05
14480,58,31.83,6,0.2
14481,4,92.55,23,0.25
14481,21,79.15,19,0.05
14482,27,15.49,9,0.0
14482,25,102.77,31,0.15
14482,76,77.31,22,0.05
14483,56,112.08,4,0.25
14484,63,85.64,24,0.1
14484,71,101.11,10,0.0
14485,64,47.33,11,0.25
14485,22,38.34,14,0.1
14485,63,85.64,9,0.2
14485,8,94.05,40,0.05
14485,32,31.76,3,0.0
14486,3,105.47,7,0.15
14487,67,106.26,30,0.0
14487,53,91.15,35,0.0
14487,20,117.05,31,0.2
14488,55,6.73,5,0.1
14488,75,9.19,30,0.1
14488,28,104.38,40,0.25
14488,8,94.05,25,0.0
14489,8,94.05,36,0.05
14489,4,92.55,4,0.0
14489,66,117.42,38,0.05
14489,63,85.64,21,0.1
14489,65,67.59,25,0.0
14490,5,16.93,14,0.15
14490,50,72.69,10,0.1
14490,15,92.23,14,0.05
14491,10,24.02,40,0.1
14491,22,38.34,24,0.05
14491,53,91.15,23,0.2
14492,13,52.5,19,0.0
14492,55,6.73,35,0.15
14492,67,106.26,7,0.05
14492,74,32.54,31,0.2
14493,14,105.59,33,0.05
14493,63,85.64,17,0.0
14493,58,31.83,28,0.0
14493,12,89.54,39,0.15
14494,48,28.3,5,0.05
14494,18,48.96,27,0.1
14494,23,46.01,4,0.15
14494,70,50.15,7,0.0
14494,35,47.29,19,0.15
14495,60,71.49,37,0.05
14495,62,72.54,34,0.15
14496,59,14.59,10,0.05
14496,47,32.85,2,0.1
14497,51,41.53,2,0.25
14497,70,50.15,6,0.25
14498,67,106.26,37,0.25
14499,73,84.89,26,0.1
14499,66,117.42,5,0.2
14500,5,16.93,31,0.0
14501,77,72.37,28,0.15
14502,6,22.0,13,0.15
14502,29,93.83,22,0.0
14502,16,95.15,11,0.1
14502,44,4.04,15,0.0
14503,46,115.82,19,0.05
14504,45,90.19,8,0.25
14504,19,75.57,6,0.15
14504,29,93.83,32,0.2
14504,67,106.26,14,0.05
14505,54,76.49,21,0.15
14505,55,6.73,19,0.15
14505,57,54.9,39,0.0
14505,18,48.96,39,0.25
14505,8,94.05,10,0.2
14506,49,16.19,32,0.15
14506,29,93.83,14,0.0
14506,56,112.08,17,0.25
14506,31,38.95,31,0.2
14506,27,15.49,5,0.2
14507,34,47.7,23,0.2
14507,51,41.53,2,0.15
14507,55,6.73,10,0.25
14507,33,6.44,23,0.1
14508,65,67.59,19,0.0
14508,2,88.95,20,0.25
14508,45,90.19,31,0.2
14508,38,106.26,36,0.25
14509,26,110.61,40,0.1
14509,72,83.44,26,0.15
14510,66,117.42,27,0.25
14510,38,106.26,25,0.2
14511,71,101.11,27,0.25
14512,43,44.88,14,0.25
14512,56,112.08,16,0.0
14512,10,24.02,19,0.1
14512,47,32.85,10,0.25
14513,36,105.7,15,0.15
14513,3,105.47,10,0.2
14513,6,22.0,27,0.25
14513,42,49.93,39,0.25
14513,73,84.89,22,0.2
14514,39,107.46,19,0.15
14514,51,41.53,4,0.05
14514,3,105.47,20,0.05
14515,64,47.33,25,0.05
14515,55,6.73,35,0.1
14515,76,77.31,8,0.05
14516,56,112.08,33,0.05
14516,72,83.44,22,0.0
14517,30,33.41,26,0.2
14517,12,89.54,34,0.1
14517,26,110.61,11,0.1
14517,23,46.01,22,0.05
14517,19,75.57,26,0.0
14518,38,106.26,13,0.05
14519,23,46.01,15,0.1
14519,7,6.08,26,0.0
14519,66,117.42,4,0.15
14520,6,22.0,5,0.0
14520,36,105.7,21,0.05
14520,24,22.74,37,0.25
14520,35,47.29,32,0.15
14520,40,43.83,40,0.1
14521,27,15.49,26,0.1
14521,35,47.29,22,0.15
14521,23,46.01,11,0.15
14521,1,52.08,21,0.2
14522,63,85.64,33,0.1
14522,20,117.05,26,0.0
14522,26,110.61,10,0.1
14522,32,31.76,26,0.05
14523,3,105.47,30,0.2
14523,16,95.15,19,0.2
14523,12,89.54,23,0.05
14524,13,52.5,6,0.0
14524,66,117.42,3,0.0
14524,11,52.47,30,0.1
14524,72,83.44,1,0.25
14525,64,47.33,23,0.05
14526,76,77.31,8,0.25
14527,56,112.08,34,0.2
14528,37,79.75,36,0.2
14528,12,89.54,28,0.2
14528,69,78.48,31,0.15
14528,43,44.88,21,0.1
14528,17,102.38,22,0.0
14529,11,52.47,37,0.05
14529,73,84.89,31,0.05
14530,42,49.93,35,0.25
14530,74,32.54,27,0.1
14531,34,47.7,11,0.05
14532,52,104.83,2,0.1
14532,76,77.31,16,0.0
14532,10,24.02,25,0.15
14532,17,102.38,30,0.05
14532,75,9.19,5,0.05
14533,68,114.35,12,0.25
14534,42,49.93,29,0.1
14534,48,28.3,26,0.1
14534,57,54.9,19,0.25
14534,19,75.57,16,0.1
14535,36,105.7,10,0.25
14535,43,44.88,9,0.2
14535,26,110.61,22,0.25
14535,10,24.02,24,0.2
14536,38,106.26,1,0.0
14536,28,104.38,21,0.15
14537,65,67.59,20,0.1
14537,23,46.01,13,0.1
14538,21,79.15,4,0.2
14539,65,67.59,25,0.2
14539,54,76.49,3,0.25
14540,20,117.05,29,0.15
14540,30,33.41,21,0.0
14540,42,49.93,3,0.2
14540,33,6.44,16,0.05
14540,50,72.69,23,0.05
14541,52,104.83,35,0.05
14541,59,14.59,24,0.15
14541,35,47.29,6,0.05
14542,77,72.37,21,0.2
14542,69,78.48,9,0.15
14542,73,84.89,36,0.0
14543,38,106.26,20,0.1
14543,19,75.57,1,0.2
14544,28,104.38,40,0.25
14545,7,6.08,16,0.1
14545,63,85.64,36,0.05
14546,68,114.35,39,0.25
14546,53,91.15,24,0.0
14547,21,79.15,13,0.25
14547,29,93.83,15,0.25
14548,50,72.69,23,0.25
14549,6,22.0,27,0.15
14549,36,105.7,14,0.1
14549,45,90.19,20,0.15
14549,40,43.83,33,0.15
14550,14,105.59,40,0.05
14550,75,9.19,8,0.2
14550,26,110.61,5,0.25
14551,46,115.82,28,0.1
14551,20,117.05,4,0.0
14551,54,76.49,30,0.25
14552,66,117.42,37,0.2
14552,15,92.23,37,0.2
14552,20,117.05,24,0.1
14552,30,33.41,24,0.2
14553,47,32.85,17,0.25
14553,39,107.46,9,0.2
14554,6,22.0,27,0.25
14554,70,50.15,37,0.25
14554,49,16.19,28,0.1
14554,30,33.41,15,0.0
14554,44,4.04,14,0.0
14555,23,46.01,30,0.25
14555,45,90.19,34,0.25
14555,29,93.83,6,0.05
14556,7,6.08,39,0.0
14557,49,16.19,32,0.15
14557,33,6.44,36,0.25
14557,52,104.83,17,0.25
14558,29,93.83,31,0.1
14558,75,9.19,16,0.05
14558,20,117.05,1,0.0
14558,23,46.01,14,0.25
14559,58,31.83,30,0.25
14559,50,72.69,27,0.0
14559,49,16.19,35,0.05
14559,9,39.18,23,0.2
14560,72,83.44,37,0.1
14560,51,41.53,27,0.2
14561,72,83.44,4,0.05
14561,13,52.5,7,0.25
14561,42,49.93,30,0.25
14561,12,89.54,13,0.05
14561,4,92.55,24,0.05
14562,70,50.15,25,0.05
14562,52,104.83,19,0.0
14562,27,15.49,6,0.25
14562,24,22.74,29,0.25
14563,40,43.83,17,0.25
14563,21,79.15,25,0.1
14564,48,28.3,14,0.2
14564,69,78.48,10,0.25
14564,61,107.37,23,0.05
14565,44,4.04,39,0.1
14565,42,49.93,23,0.25
14565,52,104.83,15,0.1
14565,67,106.26,22,0.1
14566,73,84.89,30,0.15
14566,24,22.74,3,0.25
14566,17,102.38,40,0.2
14566,13,52.5,25,0.25
14566,57,54.9,9,0.0
14567,61,107.37,3,0.1
14568,16,95.15,13,0.0
14568,75,9.19,29,0.15
14569,40,43.83,6,0.15
14570,45,90.19,33,0.0
14570,51,41.53,3,0.2
14570,71,101.11,37,0.0
14570,37,79.75,35,0.15
14570,4,92.55,28,0.25
14571,51,41.53,29,0.05
14571,13,52.5,27,0.05
14571,68,114.35,26,0.1
14571,12,89.54,29,0.15
14572,56,112.08,25,0.0
14573,23,46.01,8,0.2
14573,10,24.02,12,0.25
14573,55,6.73,7,0.1
14574,33,6.44,11,0.05
14574,9,39.18,23,0.25
14574,37,79.75,8,0.15
14574,47,32.85,17,0.15
14575,41,106.55,1,0.05
14575,49,16.19,39,0.2
14575,68,114.35,39,0.2
14575,17,102.38,39,0.1
14575,6,22.0,31,0.25
14576,2,88.95,7,0.15
14576,14,105.59,36,0.2
14576,1,52.08,32,0.2
14577,67,106.26,40,0.2
14577,18,48.96,20,0.25
14578,48,28.3,25,0.2
14578,59,14.59,27,0.25
14578,36,105.7,19,0.25
14579,64,47.33,7,0.1
14579,18,48.96,31,0.05
14579,71,101.11,35,0.0
14580,35,47.29,24,0.15
14580,8,94.05,11,0.1
14581,32,31.76,38,0.15
14581,23,46.01,8,0.1
14581,12,89.54,38,0.0
14581,4,92.55,25,0.0
14581,14,105.59,7,0.05
14582,64,47.33,32,0.2
14582,69,78.48,40,0.15
14582,7,6.08,18,0.15
14582,56,112.08,40,0.2
14582,47,32.85,18,0.05
14583,19,75.57,35,0.15
14584,52,104.83,11,0.25
14585,50,72.69,6,0.2
14586,58,31.83,2,0.1
14586,51,41.53,1,0.25
14586,52,104.83,21,0.15
14586,7,6.08,3,0.25
14587,59,14.59,26,0.25
14587,19,75.57,37,0.0
14587,38,106.26,7,0.25
14588,2,88.95,28,0.2
14588,1,52.08,24,0.25
14588,72,83.44,19,0.05
14589,71,101.11,4,0.1
14590,25,102.77,30,0.05
14590,20,117.05,7,0.1
14590,48,28.3,5,0.15
14590,44,4.04,22,0.0
14590,26,110.61,23,0.05
14591,5,16.93,5,0.25
14591,57,54.9,12,0.25
14592,63,85.64,6,0.1
14592,46,115.82,10,0.15
14593,25,102.77,7,0.1
14594,20,117.05,2,0.25
14594,3,105.47,36,0.1
14594,59,14.59,33,0.1
14595,12,89.54,17,0.0
14595,32,31.76,38,0.1
14595,21,79.15,5,0.1
14595,13,52.5,4,0.05
14595,65,67.59,7,0.2
14596,53,91.15,18,0.1
14596,77,72.37,28,0.25
14596,59,14.59,17,0.15
14596,25,102.77,37,0.1
14596,69,78.48,26,0.15
14597,32,31.76,27,0.0
14597,18,48.96,16,0.1
14598,19,75.57,22,0.2
14598,33,6.44,28,0.0
14598,52,104.83,36,0.05
14598,63,85.64,33,0.25
14598,47,32.85,19,0.05
14599,5,16.93,27,0.2
14599,57,54.9,19,0.05
14599,32,31.76,36,0.1
14599,59,14.59,3,0.25
14600,22,38.34,24,0.05
14600,4,92.55,22,0.0
14600,10,24.02,27,0.05
14600,73,84.89,19,0.1
14601,13,52.5,34,0.25
14601,1,52.08,39,0.1
14601,62,72.54,31,0.0
14601,6,22.0,22,0.2
14602,24,22.74,15,0.1
14602,39,107.46,26,0.0
14602,9,39.18,26,0.25
14602,14,105.59,4,0.15
14603,59,14.59,33,0.15
14603,28,104.38,19,0.1
14603,60,71.49,33,0.15
14603,38,106.26,15,0.05
14604,35,47.29,23,0.15
14604,49,16.19,37,0.05
14604,60,71.49,23,0.0
14604,9,39.18,28,0.15
14604,55,6.73,2,0.15
14605,76,77.31,37,0.05
14605,30,33.41,17,0.15
14605,28,104.38,1,0.2
14606,52,104.83,27,0.0
14606,23,46.01,9,0.05
14606,32,31.76,31,0.1
14606,38,106.26,19,0.0
14606,35,47.29,14,0.1
14607,17,102.38,4,0.05
14608,2,88.95,12,0.25
14608,74,32.54,2,0.25
14608,60,71.49,22,0.25
14608,77,72.37,19,0.05
14608,8,94.05,39,0.05
14609,50,72.69,22,0.25
14609,31,38.95,13,0.0
14610,15,92.23,4,0.25
14610,26,110.61,13,0.0
14610,59,14.59,19,0.05
14610,72,83.44,7,0.25
14611,19,75.57,3,0.0
14611,25,102.77,36,0.25
14612,3,105.47,25,0.1
14612,33,6.44,11,0.15
14612,36,105.7,39,0.15
14612,60,71.49,34,0.0
14613,67,106.26,38,0.15
14613,65,67.59,1,0.0
14614,52,104.83,9,0.2
14614,47,32.85,1,0.15
14614,32,31.76,16,0.2
14615,39,107.46,27,0.2
14616,49,16.19,33,0.15
14616,23,46.01,4,0.0
14616,32,31.76,16,0.0
14616,11,52.47,40,0.0
14617,77,72.37,7,0.25
14617,76,77.31,28,0.1
14617,18,48.96,21,0.1
14617,13,52.5,32,0.2
14618,72,83.44,17,0.25
14618,33,6.44,7,0.05
14618,62,72.54,35,0.05
14619,46,115.82,6,0.15
14620,56,112.08,39,0.05
14620,47,32.85,13,0.25
14620,59,14.59,17,0.0
14621,2,88.95,3,0.15
14621,54,76.49,5,0.05
14621,48,28.3,15,0.2
14622,36,105.7,2,0.0
14622,76,77.31,17,0.0
14623,70,50.15,21,0.05
14623,13,52.5,7,0.05
14623,12,89.54,20,0.2
14624,77,72.37,7,0.0
14624,49,16.19,21,0.0
14624,24,22.74,31,0.15
14625,47,32.85,8,0.1
14625,63,85.64,16,0.15
14625,49,16.19,4,0.2
14625,11,52.47,31,0.15
14626,48,28.3,17,0.1
14626,41,106.55,26,0.25
14626,40,43.83,26,0.1
14626,74,32.54,2,0.1
14626,1,52.08,6,0.2
14627,15,92.23,12,0.15
14628,38,106.26,17,0.0
14628,29,93.83,8,0.15
14628,59,14.59,5,0.15
14628,49,16.19,39,0.05
14629,27,15.49,15,0.05
14629,18,48.96,31,0.15
14630,5,16.93,22,0.2
14631,6,22.0,11,0.05
14631,34,47.7,37,0.0
14631,74,32.54,25,0.15
14631,45,90.19,11,0.0
14631,17,102.38,30,0.25
14632,23,46.01,20,0.0
14632,50,72.69,10,0.1
14632,65,67.59,23,0.1
14632,5,16.93,23,0.2
14633,63,85.64,27,0.15
14633,47,32.85,24,0.15
14633,6,22.0,32,0.05
14634,11,52.47,2,0.0
14635,15,92.23,11,0.15
14635,14,105.59,9,0.05
14635,31,38.95,13,0.15
14636,36,105.7,33,0.05
14637,26,110.61,20,0.2
14637,20,117.05,36,0.15
14637,19,75.57,6,0.05
14637,52,104.83,26,0.05
14637,59,14.59,28,0.0
14638,39,107.46,28,0.05
14638,55,6.73,3,0.15
14638,53,91.15,22,0.1
14639,43,44.88,19,0.25
14639,75,9.19,28,0.15
14640,17,102.38,2,0.0
14640,70,50.15,5,0.0
14640,38,106.26,37,0.1
14641,53,91.15,21,0.2
14641,13,52.5,26,0.2
14641,65,67.59,7,0.05
14642,36,105.7,33,0.2
14642,2,88.95,37,0.25
14643,7,6.08,20,0.1
14643,8,94.05,37,0.25
14643,73,84.89,17,0.25
14644,26,110.61,33,0.15
14644,33,6.44,35,0.15
14644,71,101.11,15,0.0
14644,4,92.55,8,0.25
14644,13,52.5,1,0.1
14645,24,22.74,20,0.2
14645,60,71.49,16,0.1
14645,13,52.5,38,0.0
14645,23,46.01,35,0.1
14646,4,92.55,23,0.2
14646,19,75.57,36,0.2
14647,13,52.5,26,0.05
14648,53,91.15,24,0.0
14648,30,33.41,30,0.25
14648,37,79.75,40,0.05
14648,8,94.05,26,0.0
14648,66,117.42,12,0.15
14649,28,104.38,13,0.1
14649,67,106.26,17,0.0
14650,61,107.37,12,0.15
14650,8,94.05,39,0.25
14651,1,52.08,20,0.0
14651,10,24.02,8,0.05
14652,14,105.59,39,0.05
14653,66,117.42,25,0.05
14653,22,38.34,5,0.25
14653,64,47.33,31,0.05
14653,2,88.95,20,0.25
14653,12,89.54,12,0.1
14654,55,6.73,39,0.05
14654,54,76.49,17,0.05
14655,41,106.55,35,0.25
14655,38,106.26,25,0.25
14655,46,115.82,36,0.05
14656,11,52.47,7,0.2
14656,36,105.7,24,0.2
14657,68,114.35,16,0.05
14657,44,4.04,26,0.15
14657,50,72.69,27,0.0
14657,61,107.37,31,0.15
14658,44,4.04,19,0.15
14658,10,24.02,25,0.05
14658,27,15.49,40,0.1
14659,42,49.93,12,0.2
14660,71,101.11,15,0.2
14660,34,47.7,35,0.15
14661,46,115.82,39,0.05
14661,31,38.95,4,0.25
14661,59,14.59,20,0.1
14662,11,52.47,34,0.2
14662,65,67.59,32,0.0
14662,35,47.29,21,0.05
14662,32,31.76,31,0.1
14662,36,105.7,28,0.25
14663,24,22.74,13,0.0
14663,31,38.95,39,0.0
14663,2,88.95,10,0.15
14663,46,115.82,26,0.25
14664,8,94.05,18,0.25
14664,73,84.89,8,0.2
14664,61,107.37,7,0.05
14664,19,75.57,40,0.2
14664,55,6.73,36,0.0
14665,51,41.53,28,0.05
14665,60,71.49,6,0.2
14666,14,105.59,1,0.15
14666,68,114.35,16,0.0
14666,32,31.76,37,0.25
14666,71,101.11,28,0.0
14667,76,77.31,12,0.15
14667,1,52.08,7,0.1
14667,15,92.23,20,0.1
14667,3,105.47,29,0.15
14667,31,38.95,12,0.2
14668,32,31.76,9,0.2
14668,11,52.47,27,0.05
14668,20,117.05,36,0.25
14668,17,102.38,16,0.05
14669,20,117.05,23,0.05
14669,32,31.76,26,0.2
14669,68,114.35,35,0.2
14669,77,72.37,6,0.05
14669,6,22.0,37,0.0
14670,8,94.05,3,0.1
14670,3,105.47,22,0.25
14670,43,44.88,38,0.05
14670,74,32.54,26,0.15
14671,3,105.47,23,0.15
14671,5,16.93,7,0.2
14671,41,106.55,40,0.0
14671,51,41.53,37,0.0
14672,35,47.29,29,0.05
14672,21,79.15,5,0.15
14672,68,114.35,4,0.1
14673,8,94.05,26,0.25
14673,14,105.59,36,0.15
14673,25,102.77,35,0.05
14673,55,6.73,18,0.0
14673,53,91.15,1,0.0
14674,67,106.26,17,0.0
14674,70,50.15,7,0.25
14675,49,16.19,34,0.15
14676,7,6.08,2,0.1
14676,26,110.61,16,0.25
14676,61,107.37,20,0.2
14677,65,67.59,5,0.05
14677,60,71.49,33,0.25
14677,35,47.29,17,0.25
14678,44,4.04,33,0.1
14679,1,52.08,14,0.2
14679,43,44.88,25,0.25
14679,28,104.38,2,0.05
14679,56,112.08,17,0.25
14679,61,107.37,31,0.05
14680,72,83.44,4,0.0
14681,61,107.37,37,0.1
14682,74,32.54,39,0.1
14682,73,84.89,38,0.0
14682,69,78.48,31,0.0
14682,14,105.59,26,0.15
14682,13,52.5,26,0.1
14683,57,54.9,1,0.15
14683,45,90.19,19,0.1
14683,12,89.54,21,0.05
14684,20,117.05,3,0.05
14684,64,47.33,10,0.0
14685,29,93.83,35,0.25
14685,46,115.82,1,0.1
14685,57,54.9,38,0.15
14685,38,106.26,8,0.05
14685,41,106.55,24,0.0
14686,17,102.38,23,0.25
14686,61,107.37,35,0.25
14686,36,105.7,12,0.25
14686,27,15.49,33,0.15
14686,71,101.11,7,0.15
14687,36,105.7,19,0.2
14687,55,6.73,10,0.2
14687,52,104.83,6,0.1
14687,35,47.29,9,0.0
14688,66,117.42,24,0.15
14688,16,95.15,11,0.15
14688,51,41.53,13,0.25
14688,70,50.15,13,0.15
14689,70,50.15,33,0.25
14689,75,9.19,33,0.1
14690,8,94.05,24,0.05
14690,26,110.61,13,0.2
14690,15,92.23,8,0.25
14690,76,77.31,26,0.15
14690,37,79.75,11,0.25
14691,31,38.95,11,0.25
14692,41,106.55,1,0.2
14693,59,14.59,1,0.1
14693,15,92.23,1,0.15
14693,45,90.19,10,0.25
14693,33,6.44,13,0.05
14693,18,48.96,24,0.15
14694,47,32.85,11,0.2
14694,65,67.59,35,0.25
14695,26,110.61,7,0.1
14696,30,33.41,4,0.1
14696,60,71.49,18,0.2
14696,21,79.15,24,0.0
14697,45,90.19,19,0.25
14697,39,107.46,1,0.2
14697,31,38.95,30,0.15
14697,17,102.38,36,0.05
14697,11,52.47,1,0.1
14698,58,31.83,32,0.05
14698,31,38.95,26,0.15
14698,41,106.55,24,0.25
14698,9,39.18,2,0.0
14699,26,110.61,29,0.1
14699,53,91.15,35,0.25
14700,27,15.49,8,0.0
14700,9,39.18,12,0.1
14701,17,102.38,14,0.0
14701,39,107.46,2,0.1
14702,34,47.7,32,0.25
14702,46,115.82,14,0.2
14702,17,102.38,35,0.0
14703,76,77.31,4,0.15
14703,14,105.59,37,0.25
14703,58,31.83,1,0.25
14703,11,52.47,28,0.1
14703,19,75.57,27,0.25
14704,74,32.54,39,0.05
14704,24,22.74,23,0.05
14705,9,39.18,24,0.1
14705,22,38.34,25,0.1
14705,70,50.15,13,0.1
14705,15,92.23,16,0.15
14705,14,105.59,6,0.15
14706,76,77.31,37,0.15
14706,47,32.85,18,0.05
14706,52,104.83,12,0.0
14706,53,91.15,5,0.0
14707,7,6.08,26,0.1
14707,27,15.49,22,0.05
14708,29,93.83,6,0.15
14708,24,22.74,8,0.05
14709,51,41.53,37,0.0
14710,68,114.35,34,0.15
14710,19,75.57,25,0.1
14710,32,31.76,7,0.2
14710,58,31.83,1,0.15
14711,77,72.37,31,0.05
14711,13,52.5,7,0.15
14711,76,77.31,17,0.15
14711,64,47.33,19,0.15
14711,9,39.18,12,0.25
14712,46,115.82,16,0.15
14712,39,107.46,27,0.05
14712,43,44.88,6,0.15
14713,73,84.89,2,0.2
14713,32,31.76,7,0.15
14713,26,110.61,9,0.15
14713,33,6.44,38,0.25
14714,57,54.9,38,0.2
14714,11,52.47,7,0.1
14715,35,47.29,12,0.2
14716,13,52.5,17,0.1
14716,22,38.34,26,0.2
14716,66,117.42,10,0.15
14717,66,117.42,27,0.25
14717,58,31.83,10,0.25
14718,18,48.96,18,0.05
14719,54,76.49,25,0.15
14720,37,79.75,3,0.1
14721,17,102.38,14,0.2
14721,33,6.44,9,0.25
14721,14,105.59,13,0.15
14721,20,117.05,37,0.25
14721,67,106.26,5,0.25
14722,21,79.15,24,0.05
14722,36,105.7,34,0.25
14722,39,107.46,20,0.05
14723,47,32.85,19,0.05
14723,67,106.26,20,0.05
14724,13,52.5,29,0.05
14724,7,6.08,25,0.2
14724,54,76.49,16,0.1
14724,30,33.41,14,0.0
14725,17,102.38,33,0.05
14725,15,92.23,36,0.15
14725,19,75.57,37,0.25
14725,57,54.9,25,0.15
14726,5,16.93,17,0.05
14726,26,110.61,25,0.15
14726,14,105.59,40,0.0
14727,29,93.83,20,0.15
14727,17,102.38,8,0.0
14727,30,33.41,13,0.25
14728,72,83.44,1,0.15
14728,75,9.19,12,0.25
14729,21,79.15,31,0.05
14729,44,4.04,38,0.15
14729,31,38.95,26,0.1
14730,67,106.26,29,0.05
14730,34,47.7,30,0.1
14730,3,105.47,14,0.25
14730,45,90.19,30,0.25
14730,14,105.59,36,0.2
14731,39,107.46,9,0.1
14731,61,107.37,11,0.1
14731,44,4.04,25,0.2
14732,71,101.11,27,0.2
14733,13,52.5,37,0.1
14733,32,31.76,23,0.0
14734,1,52.08,1,0.0
14734,42,49.93,27,0.2
14734,60,71.49,26,0.05
14734,73,84.89,29,0.2
14734,75,9.19,10,0.15
14735,55,6.73,13,0.1
14735,49,16.19,37,0.15
14735,42,49.93,1,0.25
14736,39,107.46,17,0.15
14736,51,41.53,1,0.05
14736,28,104.38,9,0.1
14736,15,92.23,40,0.25
14736,73,84.89,31,0.15
14737,57,54.9,22,0.05
14737,39,107.46,16,0.25
14737,54,76.49,29,0.1
14737,64,47.33,16,0.1
14738,41,106.55,13,0.25
14738,53,91.15,22,0.1
14739,45,90.19,19,0.0
14740,24,22.74,20,0.15
14740,71,101.11,5,0.05
14740,36,105.7,32,0.2
14740,65,67.59,17,0.1
14741,71,101.11,40,0.2
14741,26,110.61,38,0.15
14742,76,77.31,16,0.0
14742,63,85.64,30,0.15
14742,74,32.54,9,0.15
14742,13,52.5,32,0.0
14742,27,15.49,22,0.1
14743,7,6.08,12,0.15
14743,4,92.55,36,0.25
14743,18,48.96,18,0.25
14743,64,47.33,40,0.2
14744,30,33.41,33,0.05
14744,34,47.7,34,0.1
14744,54,76.49,28,0.15
14744,52,104.83,19,0.1
14745,31,38.95,29,0.15
14745,52,104.83,16,0.05
14746,55,6.73,21,0.2
14746,61,107.37,12,0.25
14746,25,102.77,19,0.05
14747,39,107.46,1,0.2
14747,61,107.37,37,0.05
14747,23,46.01,11,0.15
14748,48,28.3,15,0.15
14748,9,39.18,4,0.2
14749,14,105.59,10,0.05
14750,25,102.77,21,0.05
14750,13,52.5,7,0.25
14750,56,112.08,32,0.05
14751,57,54.9,28,0.05
14751,77,72.37,39,0.25
14751,41,106.55,29,0.05
14751,18,48.96,7,0.15
14752,2,88.95,20,0.0
14753,54,76.49,29,0.1
14753,64,47.33,37,0.05
14753,29,93.83,9,0.15
14754,70,50.15,24,0.2
14754,57,54.9,7,0.1
14754,13,52.5,39,0.05
14754,65,67.59,14,0.1
14754,20,117.05,37,0.05
14755,25,102.77,33,0.2
14755,65,67.59,39,0.0
14755,66,117.42,29,0.25
14756,75,9.19,6,0.0
14756,9,39.18,28,0.0
14757,36,105.7,14,0.0
14757,65,67.59,38,0.0
14757,53,91.15,14,0.1
14757,76,77.31,38,0.25
14758,53,91.15,13,0.15
14758,63,85.64,34,0.2
14759,72,83.44,13,0.0
14759,4,92.55,31,0.2
14759,26,110.61,33,0.25
14760,68,114.35,1,0.0
14761,22,38.34,31,0.05
14761,62,72.54,27,0.2
14762,67,106.26,38,0.0
14762,31,38.95,16,0.25
14762,56,112.08,29,0.25
14762,49,16.19,21,0.2
14763,45,90.19,32,0.0
14763,40,43.83,38,0.0
14764,70,50.15,27,0.2
14765,77,72.37,17,0.0
14765,56,112.08,6,0.2
14765,10,24.02,16,0.25
14765,32,31.76,24,0.1
14765,35,47.29,3,0.15
14766,63,85.64,3,0.0
14766,65,67.59,5,0.1
14767,34,47.7,24,0.25
14767,69,78.48,11,0.0
14767,46,115.82,39,0.05
14768,77,72.37,21,0.2
14768,3,105.47,13,0.2
14768,30,33.41,35,0.25
14769,23,46.01,29,0.25
14769,49,16.19,3,0.25
14770,24,22.74,8,0.15
14770,9,39.18,13,0.2
14770,51,41.53,19,0.15
14770,33,6.44,22,0.0
14770,77,72.37,35,0.2
14771,26,110.61,9,0.0
14771,62,72.54,26,0.0
14771,32,31.76,6,0.05
14772,49,16.19,1,0.0
14772,19,75.57,26,0.0
14772,52,104.83,11,0.1
14772,30,33.41,37,0.05
14773,29,93.83,28,0.2
14774,20,117.05,2,0.2
14774,49,16.19,28,0.1
14774,70,50.15,20,0.05
14774,8,94.05,32,0.25
14775,55,6.73,29,0.25
14775,50,72.69,15,0.25
14775,17,102.38,10,0.25
14775,71,101.11,4,0.0
14775,4,92.55,3,0.1
14776,19,75.57,11,0.1
14776,41,106.55,10,0.0
14776,7,6.08,34,0.25
14777,13,52.5,33,0.15
14777,38,106.26,26,0.25
14778,42,49.93,38,0.15
14779,8,94.05,23,0.25
14779,42,49.93,27,0.2
14780,56,112.08,35,0.05
14781,17,102.38,14,0.1
14782,4,92.55,19,0.1
14782,47,32.85,22,0.1
14782,35,47.29,22,0.1
14782,29,93.83,39,0.25
14783,63,85.64,11,0.05
14784,69,78.48,11,0.25
14784,4,92.55,35,0.0
14784,71,101.11,19,0.1
14784,35,47.29,38,0.1
14785,20,117.05,22,0.1
14785,38,106.26,17,0.0
14785,45,90.19,1,0.15
14785,1,52.08,15,0.15
14785,22,38.34,37,0.1
14786,50,72.69,18,0.2
14786,28,104.38,3,0.05
14786,68,114.35,32,0.2
14786,38,106.26,24,0.2
14786,25,102.77,19,0.2
14787,53,91.15,15,0.25
14788,11,52.47,14,0.15
14788,25,102.77,17,0.1
14788,26,110.61,32,0.15
14788,57,54.9,8,0.0
14788,67,106.26,31,0.2
14789,56,112.08,7,0.15
14789,25,102.77,7,0.1
14789,22,38.34,23,0.1
14790,18,48.96,21,0.05
14791,75,9.19,21,0.05
14791,70,50.15,33,0.1
14791,1,52.08,6,0.15
14792,30,33.41,7,0.25
14792,32,31.76,25,0.2
14792,59,14.59,32,0.2
14792,54,76.49,13,0.15
14792,51,41.53,7,0.0
14793,52,104.83,2,0.25
14793,2,88.95,33,0.05
14794,43,44.88,10,0.2
14794,17,102.38,14,0.2
14794,44,4.04,26,0.15
14794,76,77.31,12,0.1
14794,60,71.49,21,0.15
14795,4,92.55,26,0.25
14795,65,67.59,25,0.2
14795,74,32.54,27,0.25
14795,77,72.37,13,0.2
14795,73,84.89,23,0.25
14796,30,33.41,6,0.25
14797,24,22.74,31,0.25
14797,20,117.05,14,0.0
14797,50,72.69,31,0.25
14798,56,112.08,5,0.2
14798,64,47.33,7,0.2
14798,55,6.73,36,0.1
14799,47,32.85,33,0.15
14799,20,117.05,24,0.25
14799,70,50.15,33,0.25
14799,75,9.19,35,0.2
14799,48,28.3,3,0.05
14800,50,72.69,18,0.0
14800,65,67.59,11,0.0
14800,73,84.89,23,0.2
14801,3,105.47,9,0.2
14802,27,15.49,3,0.2
14803,73,84.89,27,0.05
14804,14,105.59,6,0.25
14804,30,33.41,13,0.05
14804,40,43.83,21,0.2
14804,55,6.73,40,0.0
14805,63,85.64,1,0.05
14805,69,78.48,27,0.1
14806,44,4.04,36,0.1
14806,57,54.9,10,0.0
14806,12,89.54,39,0.0
14807,8,94.05,10,0.25
14807,31,38.95,38,0.2
14808,52,104.83,40,0.15
14808,25,102.77,7,0.2
14808,11,52.47,40,0.25
14808,19,75.57,8,0.0
14808,70,50.15,32,0.05
14809,5,16.93,17,0.0
14810,11,52.47,40,0.25
14810,24,22.74,32,0.05
14810,19,75.57,38,0.25
14811,44,4.04,25,0.0
14811,68,114.35,18,0.05
14811,6,22.0,8,0.1
14811,69,78.48,24,0.2
14812,72,83.44,16,0.05
14813,22,38.34,7,0.25
14813,65,67.59,16,0.15
14813,16,95.15,28,0.1
14814,75,9.19,7,0.0
14814,42,49.93,31,0.0
14814,64,47.33,32,0.0
14815,24,22.74,31,0.15
14816,69,78.48,18,0.0
14816,42,49.93,8,0.2
14816,4,92.55,6,0.15
14816,25,102.77,25,0.25
14816,30,33.41,4,0.2
14817,41,106.55,39,0.0
14817,19,75.57,11,0.05
14818,15,92.23,4,0.0
14818,73,84.89,10,0.25
14818,35,47.29,18,0.25
14818,49,16.19,11,0.0
14819,29,93.83,37,0.05
14819,6,22.0,35,0.2
14819,44,4.04,25,0.15
14819,34,47.7,13,0.05
14819,12,89.54,8,0.25
14820,11,52.47,31,0.2
14820,68,114.35,31,0.15
14820,35,47.29,15,0.15
14820,44,4.04,40,0.1
14820,67,106.26,30,0.2
14821,1,52.08,27,0.0
14821,6,22.0,2,0.25
14821,29,93.83,24,0.1
14821,2,88.95,14,0.1
14822,72,83.44,20,0.15
14822,61,107.37,6,0.0
14822,56,112.08,16,0.2
14822,44,4.04,33,0.1
14822,15,92.23,22,0.2
14823,38,106.26,33,0.1
14823,57,54.9,20,0.15
14824,21,79.15,40,0.2
14824,32,31.76,35,0.1
14824,30,33.41,32,0.2
14824,2,88.95,16,0.25
14825,73,84.89,2,0.05
14825,77,72.37,34,0.05
14825,7,6.08,29,0.15
14825,37,79.75,20,0.0
14825,61,107.37,19,0.15
14826,1,52.08,5,0.1
14826,24,22.74,28,0.0
14826,77,72.37,29,0.1
14826,6,22.0,38,0.1
14827,55,6.73,39,0.0
14827,28,104.38,27,0.2
14828,14,105.59,18,0.25
14829,49,16.19,8,0.2
14829,62,72.54,23,0.15
14829,13,52.5,20,0.05
14829,61,107.37,24,0.05
14830,50,72.69,19,0.15
14830,47,32.85,3,0.2
14831,18,48.96,3,0.0
14831,22,38.34,19,0.15
14831,64,47.33,13,0.0
14832,38,106.26,25,0.1
14833,23,46.01,33,0.0
14833,49,16.19,13,0.15
14833,74,32.54,8,0.2
14834,54,76.49,4,0.15
14834,3,105.47,27,0.0
14835,18,48.96,17,0.05
14835,7,6.08,30,0.25
14835,74,32.54,37,0.1
14836,71,101.11,25,0.25
14837,74,32.54,39,0.0
14837,61,107.37,18,0.15
14837,52,104.83,35,0.25
14837,49,16.19,16,0.25
14837,59,14.59,23,0.15
14838,18,48.96,11,0.25
14838,27,15.49,6,0.1
14838,63,85.64,6,0.05
14838,9,39.18,18,0.15
14839,16,95.15,24,0.2
14840,56,112.08,25,0.2
14841,67,106.26,1,0.0
14841,73,84.89,28,0.15
14841,76,77.31,25,0.05
14841,17,102.38,23,0.1
14841,10,24.02,40,0.1
14842,41,106.55,10,0.15
14842,58,31.83,35,0.25
14842,27,15.49,31,0.15
14843,52,104.83,20,0.1
14844,32,31.76,18,0.1
14844,20,117.05,14,0.1
14844,56,112.08,30,0.2
14844,59,14.59,40,0.1
14845,64,47.33,11,0.15
14845,24,22.74,15,0.05
14845,69,78.48,39,0.2
14846,72,83.44,10,0.0
14846,43,44.88,30,0.0
14846,21,79.15,31,0.15
14846,49,16.19,19,0.25
14847,32,31.76,38,0.05
14847,40,43.83,16,0.25
14847,43,44.88,1,0.05
14848,29,93.83,25,0.15
14848,24,22.74,16,0.05
14848,59,14.59,30,0.15
14848,54,76.49,6,0.2
14849,54,76.49,25,0.0
14849,32,31.76,16,0.1
14849,27,15.49,19,0.05
14849,22,38.34,38,0.05
14849,2,88.95,36,0.15
14850,68,114.35,29,0.15
14851,53,91.15,20,0.2
14851,21,79.15,21,0.25
14851,17,102.38,28,0.05
14851,39,107.46,22,0.15
14852,61,107.37,33,0.05
14852,11,52.47,35,0.25
14852,13,52.5,2,0.25
14852,2,88.95,6,0.2
14853,34,47.7,19,0.25
14854,50,72.69,13,0.2
14854,18,48.96,3,0.2
14854,42,49.93,29,0.15
14854,48,28.3,22,0.15
14854,14,105.59,3,0.0
14855,50,72.69,18,0.05
14855,67,106.26,24,0.1
14855,35,47.29,5,0.05
14855,59,14.59,15,0.2
14855,33,6.44,22,0.05
14856,42,49.93,2,0.15
14857,4,92.55,14,0.05
14857,23,46.01,16,0.25
14858,24,22.74,29,0.25
14858,76,77.31,17,0.05
14858,27,15.49,8,0.1
14858,53,91.15,6,0.0
14858,8,94.05,17,0.05
14859,48,28.3,39,0.25
14859,67,106.26,6,0.2
14859,10,24.02,27,0.15
14860,11,52.47,19,0.2
14860,12,89.54,25,0.25
14860,66,117.42,2,0.2
14860,22,38.34,15,0.05
14861,67,106.26,13,0.05
14862,2,88.95,27,0.25
14862,58,31.83,35,0.05
14862,11,52.47,19,0.1
14863,71,101.11,33,0.0
14863,56,112.08,24,0.1
14863,35,47.29,6,0.15
14864,21,79.15,27,0.15
14864,9,39.18,32,0.2
14864,64,47.33,38,0.1
14864,63,85.64,3,0.1
14864,30,33.41,32,0.1
14865,67,106.26,34,0.1
14865,37,79.75,17,0.15
14865,5,16.93,31,0.2
14866,13,52.5,38,0.15
14866,12,89.54,25,0.05
14866,71,101.11,29,0.0
14867,31,38.95,19,0.15
14868,28,104.38,5,0.25
14868,27,15.49,19,0.15
14869,15,92.23,18,0.1
14869,7,6.08,16,0.0
14869,72,83.44,13,0.15
14869,35,47.29,1,0.25
14869,74,32.54,18,0.0
14870,63,85.64,6,0.05
14870,66,117.42,37,0.15
14870,12,89.54,4,0.1
14870,59,14.59,33,0.0
14871,67,106.26,40,0.0
14871,47,32.85,29,0.05
14872,30,33.41,4,0.0
14872,64,47.33,33,0.2
14872,63,85.64,28,0.15
14873,36,105.7,40,0.05
14873,56,112.08,26,0.25
14874,4,92.55,21,0.05
14874,75,9.19,13,0.2
14874,3,105.47,18,0.05
14875,1,52.08,3,0.2
14875,63,85.64,21,0.15
14875,24,22.74,32,0.25
14876,45,90.19,8,0.0
14876,64,47.33,35,0.1
14876,28,104.38,23,0.15
14876,77,72.37,17,0.0
14877,41,106.55,13,0.05
14877,58,31.83,3,0.2
14877,29,93.83,10,0.0
14877,6,22.0,35,0.0
14877,77,72.37,27,0.0
14878,50,72.69,22,0.1
14878,70,50.15,26,0.25
14878,47,32.85,24,0.1
14878,39,107.46,20,0.2
14878,20,117.05,4,0.15
14879,6,22.0,18,0.25
14879,15,92.23,9,0.25
14880,59,14.59,30,0.2
14880,8,94.05,37,0.25
14880,74,32.54,6,0.2
14881,49,16.19,11,0.1
14881,38,106.26,25,0.0
14881,23,46.01,3,0.15
14881,64,47.33,15,0.15
14881,61,107.37,30,0.05
14882,35,47.29,4,0.25
14882,4,92.55,13,0.15
14882,44,4.04,37,0.15
14882,15,92.23,12,0.05
14882,26,110.61,14,0.2
14883,59,14.59,25,0.05
14883,58,31.83,13,0.1
14883,50,72.69,16,0.1
14883,12,89.54,31,0.25
14884,44,4.04,37,0.0
14884,45,90.19,11,0.1
14884,23,46.01,4,0.1
14885,32,31.76,25,0.2
14885,50,72.69,17,0.05
14885,42,49.93,19,0.2
14885,44,4.04,7,0.0
14885,74,32.54,34,0.2
14886,56,112.08,14,0.1
14887,5,16.93,22,0.05
14888,7,6.08,26,0.05
14888,8,94.05,3,0.05
14888,64,47.33,30,0.2
14889,30,33.41,9,0.25
14889,37,79.75,14,0.05
14889,53,91.15,11,0.0
14889,49,16.19,29,0.2
14889,2,88.95,29,0.25
14890,76,77.31,12,0.05
14890,29,93.83,4,0.0
14890,17,102.38,20,0.0
14891,57,54.9,2,0.1
14891,33,6.44,8,0.1
14891,58,31.83,11,0.2
14892,47,32.85,13,0.05
14893,72,83.44,34,0.2
14893,77,72.37,18,0.25
14893,16,95.15,16,0.15
14894,16,95.15,24,0.25
14894,18,48.96,17,0.25
14895,20,117.05,10,0.1
14895,44,4.04,39,0.1
14895,13,52.5,30,0.25
14895,37,79.75,15,0.25
14895,9,39.18,6,0.15
14896,55,6.73,9,0.0
14896,72,83.44,6,0.25
14896,64,47.33,37,0.25
14896,1,52.08,28,0.0
14897,5,16.93,33,0.1
14897,63,85.64,1,0.05
14897,60,71.49,25,0.2
14898,14,105.59,32,0.25
14898,16,95.15,25,0.05
14898,76,77.31,38,0.25
14898,19,75.57,15,0.0
14898,64,47.33,4,0.1
14899,68,114.35,19,0.05
14899,62,72.54,14,0.15
14900,51,41.53,31,0.15
14901,1,52.08,28,0.2
14901,29,93.83,12,0.1
14902,24,22.74,22,0.25
14903,53,91.15,22,0.15
14903,59,14.59,30,0.1
14903,28,104.38,35,0.05
14903,8,94.05,22,0.15
14903,1,52.08,6,0.0
14904,40,43.83,2,0.1
14904,64,47.33,36,0.05
14905,3,105.47,20,0.25
14906,75,9.19,33,0.2
14907,71,101.11,33,0.25
14907,19,75.57,30,0.05
14907,14,105.59,36,0.05
14908,51,41.53,39,0.1
14908,35,47.29,32,0.15
14909,59,14.59,11,0.2
14909,35,47.29,26,0.1
14909,7,6.08,19,0.1
14909,38,106.26,13,0.2
14910,10,24.02,5,0.1
14911,70,50.15,6,0.15
14911,64,47.33,29,0.05
14911,44,4.04,39,0.2
14911,48,28.3,17,0.1
14912,35,47.29,20,0.15
14913,22,38.34,2,0.1
14914,76,77.31,13,0.05
14914,16,95.15,40,0.25
14914,44,4.04,32,0.0
14915,67,106.26,19,0.1
14915,56,112.08,25,0.0
14916,34,47.7,32,0.05
14917,65,67.59,18,0.15
14917,61,107.37,3,0.2
14917,71,101.11,33,0.25
14917,17,102.38,8,0.0
14917,47,32.85,26,0.25
14918,58,31.83,7,0.05
14918,71,101.11,6,0.2
14918,20,117.05,38,0.2
14918,17,102.38,3,0.15
14918,21,79.15,31,0.05
14919,51,41.53,30,0.15
14919,54,76.49,2,0.15
14919,33,6.44,12,0.0
14920,32,31.76,27,0.0
14920,41,106.55,16,0.25
14920,31,38.95,11,0.1
14920,42,49.93,20,0.0
14921,58,31.83,1,0.2
14921,22,38.34,3,0.1
14921,28,104.38,32,0.1
14921,74,32.54,14,0.25
14922,10,24.02,14,0.2
14922,59,14.59,23,0.05
14923,34,47.7,38,0.2
14924,62,72.54,13,0.1
14924,33,6.44,30,0.25
14924,46,115.82,33,0.2
14924,14,105.59,18,0.15
14924,24,22.74,27,0.15
14925,18,48.96,36,0.0
14926,13,52.5,40,0.05
14926,2,88.95,24,0.0
14927,44,4.04,10,0.25
14927,77,72.37,3,0.1
14928,63,85.64,39,0.0
14928,75,9.19,23,0.1
14929,74,32.54,5,0.0
14929,38,106.26,2,0.0
14929,17,102.38,10,0.15
14929,34,47.7,25,0.2
14929,27,15.49,10,0.05
14930,37,79.75,4,0.1
14930,27,15.49,14,0.25
14930,77,72.37,21,0.2
14930,4,92.55,37,0.25
14930,18,48.96,2,0.15
14931,46,115.82,5,0.15
14931,38,106.26,13,0.1
14932,62,72.54,24,0.0
14932,49,16.19,10,0.15
14932,19,75.57,28,0.25
14933,25,102.77,26,0.15
14934,40,43.83,6,0.05
14934,15,92.23,17,0.15
14934,70,50.15,15,0.2
14934,72,83.44,2,0.15
14935,12,89.54,37,0.2
14935,65,67.59,15,0.2
14936,49,16.19,35,0.0
14936,64,47.33,39,0.25
14936,2,88.95,8,0.1
14936,70,50.15,8,0.1
14937,3,105.47,11,0.0
14937,7,6.08,12,0.1
14937,10,24.02,33,0.1
14938,5,16.93,1,0.05
14938,20,117.05,27,0.25
14939,18,48.96,24,0.2
14939,62,72.54,8,0.0
14939,26,110.61,23,0.2
14939,55,6.73,39,0.15
14940,67,106.26,27,0.0
14940,73,84.89,20,0.0
14940,19,75.57,40,0.05
14940,21,79.15,23,0.25
14940,59,14.59,29,0.25
14941,64,47.33,5,0.1
14941,14,105.59,24,0.2
14941,33,6.44,19,0.1
14942,40,43.83,15,0.1
14942,17,102.38,22,0.15
14942,1,52.08,36,0.15
14942,74,32.54,6,0.25
14943,65,67.59,35,0.1
14943,74,32.54,23,0.1
14943,73,84.89,5,0.2
14943,18,48.96,27,0.1
14944,34,47.7,13,0.05
14944,22,38.34,8,0.1
14944,27,15.49,21,0.15
14945,24,22.74,37,0.15
14945,13,52.5,17,0.2
14945,68,114.35,4,0.15
14945,39,107.46,33,0.15
14946,56,112.08,39,0.05
14947,61,107.37,6,0.1
14947,63,85.64,33,0.15
14947,34,47.7,40,0.25
14947,68,114.35,3,0.15
14947,38,106.26,31,0.0
14948,45,90.19,19,0.25
14948,35,47.29,34,0.05
14949,33,6.44,37,0.0
14950,36,105.7,5,0.25
14950,24,22.74,30,0.0
14951,16,95.15,34,0.2
14951,3,105.47,40,0.05
14951,54,76.49,34,0.25
14951,34,47.7,31,0.1
14951,62,72.54,34,0.0
14952,40,43.83,13,0.0
14952,63,85.64,7,0.25
14952,59,14.59,3,0.1
14953,36,105.7,40,0.05
14954,21,79.15,2,0.05
14955,62,72.54,30,0.05
14955,51,41.53,3,0.15
14955,16,95.15,17,0.0
14955,69,78.48,33,0.2
14955,22,38.34,7,0.15
14956,21,79.15,31,0.1
14956,69,78.48,30,0.15
14957,4,92.55,8,0.15
14957,63,85.64,34,0.15
14957,11,52.47,22,0.2
14957,73,84.89,5,0.0
14957,47,32.85,10,0.2
14958,4,92.55,12,0.05
14958,43,44.88,6,0.1
14959,23,46.01,6,0.1
14959,42,49.93,25,0.1
14960,67,106.26,36,0.0
14960,11,52.47,25,0.25
14960,65,67.59,28,0.15
14961,35,47.29,27,0.25
14961,48,28.3,8,0.1
14962,36,105.7,14,0.2
14963,76,77.31,8,0.25
14963,61,107.37,20,0.05
14963,66,117.42,15,0.2
14963,58,31.83,26,0.25
14964,47,32.85,35,0.0
14964,28,104.38,11,0.15
14964,73,84.89,16,0.0
14964,14,105.59,9,0.25
14965,28,104.38,21,0.05
14965,64,47.33,4,0.0
14966,66,117.42,28,0.05
14966,68,114.35,31,0.05
14966,41,106.55,9,0.1
14966,73,84.89,17,0.05
14966,43,44.88,7,0.2
14967,12,89.54,23,0.25
14967,27,15.49,12,0.2
14967,44,4.04,40,0.15
14967,2,88.95,10,0.0
14967,16,95.15,11,0.1
14968,13,52.5,15,0.0
14969,68,114.35,22,0.0
14969,59,14.59,27,0.05
14969,45,90.19,40,0.1
14969,52,104.83,16,0.25
14969,26,110.61,35,0.25
14970,27,15.49,14,0.0
14971,76,77.31,15,0.1
14972,32,31.76,24,0.05
