OrderID,CustomerID,EmployeeID,OrderDate,ShipVia,Freight
10248,SMORH,2,1996-07-02,1,54.45
10249,MYVXC,2,1996-07-16,1,12.13
10250,VYHBU,9,1996-07-01,1,12.38
10251,GEEGS,6,1996-07-01,3,102.12
10252,KBWLG,2,1996-07-11,3,29.02
10253,LPVQG,3,1996-07-15,2,145.25
10254,PUQHW,5,1996-07-15,3,57.41
10255,TWGGZ,6,1996-07-24,1,229.8
10256,XKTZQ,9,1996-07-09,1,42.64
10257,FMMRL,4,1996-07-28,2,206.51
10258,WVGUX,7,1996-07-09,3,149.87
10259,KBWLG,1,1996-07-09,1,94.55
10260,XLAVG,5,1996-07-18,2,220.69
10261,UDJOJ,1,1996-07-15,3,200.59
10262,DTZKB,3,1996-07-07,3,82.28
10263,JVTVC,4,1996-07-14,2,189.55
10264,FGLEI,4,1996-07-14,1,88.9
10265,LPVQG,3,1996-07-28,1,83.77
10266,JCWVH,9,1996-07-13,3,109.41
10267,QEFYE,9,1996-07-24,1,114.14
10268,TINQA,6,1996-07-06,2,69.88
10269,ALFKI,7,1996-08-19,3,194.27
10270,SKSEF,9,1996-08-21,1,221.09
10271,VBYNW,6,1996-08-21,2,211.73
10272,TINQA,9,1996-08-03,1,138.64
10273,TCJVQ,4,1996-08-24,2,189.91
10274,JEYCD,9,1996-08-19,3,151.29
10275,RBMPA,7,1996-08-04,1,210.8
10276,OUKVF,3,1996-08-07,3,80.98
10277,VEYUQ,6,1996-08-23,3,141.85
10278,PLRKR,6,1996-08-27,1,156.33
10279,EDMNO,6,1996-08-03,2,96.58
10280,BOGAS,6,1996-08-18,1,52.3
10281,AROUT,1,1996-08-16,1,156.48
10282,GEEGS,3,1996-08-18,2,114.84
10283,TRYSX,7,1996-08-23,2,129.62
10284,YVQCH,9,1996-08-24,3,93.69
10285,WPBNO,5,1996-08-17,3,12.24
10286,RBMPA,5,1996-08-06,3,18.98
10287,ALFKI,1,1996-08-20,2,244.94
10288,FLETF,8,1996-08-01,1,137.54
10289,TRYSX,6,1996-09-27,1,247.88
10290,CKKWE,9,1996-09-20,3,169.52
10291,BNYBJ,1,1996-09-02,1,27.34
10292,PUQHW,3,1996-09-13,2,184.23
10293,SKSEF,4,1996-09-06,3,100.22
10294,LPREO,3,1996-09-16,2,105.11
10295,AKZQT,1,1996-09-14,1,176.6
10296,AKZQT,8,1996-09-21,2,247.95
10297,VTJBP,2,1996-09-05,3,240.74
10298,ALPBF,9,1996-09-03,3,138.85
10299,RBMPA,7,1996-09-24,2,152.5
10300,ALFKI,8,1996-09-20,2,15.16
10301,SDLSY,6,1996-09-14,2,67.61
10302,LPREO,7,1996-09-11,1,42.05
10303,XVNBZ,5,1996-09-26,3,104.32
10304,SGTEY,4,1996-09-22,2,106.65
10305,XVNBZ,4,1996-09-10,3,70.61
10306,QDSIQ,7,1996-09-26,2,189.41
10307,TCJVQ,9,1996-09-20,2,66.74
10308,SPPRI,3,1996-09-08,1,94.53
10309,NGCTP,5,1996-09-14,2,40.8
10310,CKKWE,5,1996-09-09,1,74.25
10311,IEOWD,2,1996-09-21,3,79.86
10312,FGLEI,9,1996-09-14,3,133.91
10313,YVQCH,1,1996-09-11,1,47.9
10314,RBMPA,3,1996-09-10,1,104.0
10315,CKKWE,2,1996-09-18,2,126.8
10316,KVIFE,4,1996-09-02,1,130.57
10317,OUKVF,5,1996-09-19,2,56.23
10318,BKURQ,4,1996-09-14,1,71.11
10319,POBYN,2,1996-09-04,1,31.28
10320,MAPTB,5,1996-09-22,1,8.86
10321,ALFKI,9,1996-10-05,2,230.85
10322,LPVQG,3,1996-10-26,2,166.43
10323,VLLAI,5,1996-10-22,3,161.15
10324,UQVLY,9,1996-10-09,2,15.27
10325,MNXAG,6,1996-10-18,2,138.95
10326,VYHBU,4,1996-10-05,1,215.94
10327,QEFYE,1,1996-10-18,2,38.36
10328,POBYN,4,1996-10-05,3,234.67
10329,YVQCH,1,1996-10-15,3,95.16
10330,HOAFN,1,1996-10-15,3,37.09
10331,PFEIS,9,1996-10-06,2,234.7
10332,ZPMLW,6,1996-10-21,2,65.65
10333,TRYSX,7,1996-10-12,3,127.52
10334,BOGAS,3,1996-10-02,1,48.25
10335,XVNBZ,9,1996-10-22,2,202.59
10336,ALPBF,1,1996-10-01,1,25.33
10337,YLWKF,1,1996-10-13,2,140.81
10338,JCWVH,4,1996-10-03,3,249.78
10339,POBYN,9,1996-10-04,3,24.66
10340,XVNBZ,1,1996-11-21,1,34.51
10341,GHUHP,5,1996-11-12,2,226.27
10342,VYHBU,4,1996-11-17,3,86.32
10343,TRYSX,5,1996-11-20,3,95.96
10344,OUKVF,6,1996-11-08,1,20.39
10345,BNYBJ,3,1996-11-10,1,94.21
10346,YUXHC,4,1996-11-11,3,192.22
10347,SDLSY,5,1996-11-15,3,161.0
10348,QDSIQ,9,1996-11-06,1,31.83
10349,ETXRP,5,1996-11-11,1,50.39
10350,WBBZO,7,1996-11-24,1,94.07
10351,KBWLG,8,1996-11-08,3,7.14
10352,DTZKB,3,1996-11-02,3,126.75
10353,KVIFE,7,1996-11-19,2,120.72
10354,GHUHP,7,1996-11-27,3,234.46
10355,YVQCH,7,1996-11-27,3,24.02
10356,SVGTT,7,1996-11-18,2,232.91
10357,KVMJK,3,1996-11-21,1,146.9
10358,XKTZQ,5,1996-11-27,1,243.68
10359,SVGTT,2,1996-11-03,3,180.22
10360,HIVZZ,4,1996-11-20,1,207.1
10361,ALZAL,8,1996-11-03,2,238.49
10362,BNYBJ,4,1996-11-08,3,150.48
10363,TINQA,9,1996-11-11,1,60.69
10364,ETXRP,6,1996-11-25,3,152.71
10365,PFEIS,4,1996-11-05,2,242.92
10366,ALFKI,8,1996-12-19,3,203.47
10367,SVGTT,4,1996-12-01,2,135.15
10368,WBBZO,6,1996-12-11,3,32.29
10369,GEEGS,8,1996-12-09,3,151.41
10370,HLHVL,4,1996-12-25,3,135.88
10371,JLWBL,9,1996-12-20,3,214.3
10372,SHRPR,9,1996-12-23,1,120.28
10373,UQVLY,7,1996-12-04,1,33.9
10374,PFEIS,6,1996-12-14,2,242.57
10375,IEOWD,6,1996-12-07,2,58.19
10376,FLETF,9,1996-12-04,2,99.08
10377,OYUGL,3,1996-12-06,1,138.78
10378,KHKRV,5,1996-12-15,1,133.13
10379,PUQHW,4,1996-12-19,3,206.74
10380,YJAXX,3,1996-12-21,2,90.22
10381,JEYCD,9,1996-12-25,3,54.62
10382,PFEIS,7,1996-12-16,1,120.24
10383,PSNQQ,2,1996-12-18,2,220.11
10384,DTZKB,6,1996-12-26,1,208.34
10385,JEYCD,7,1996-12-14,1,219.52
10386,GHUHP,1,1996-12-10,3,148.99
10387,MYVXC,5,1996-12-02,3,239.56
10388,KIWFL,7,1996-12-11,2,189.6
10389,MYVXC,8,1996-12-21,1,147.09
10390,JVTVC,1,1996-12-07,2,205.5
10391,SKSEF,1,1996-12-26,2,83.52
10392,LPVQG,5,1996-12-14,2,30.11
10393,OYUGL,8,1996-12-17,1,147.8
10394,KVMJK,2,1997-01-05,1,23.1
10395,VXJHA,3,1997-01-16,3,146.39
10396,HOAFN,4,1997-01-05,2,44.38
10397,AKZQT,5,1997-01-12,2,147.98
10398,JCWVH,8,1997-01-10,3,33.96
10399,KVIFE,7,1997-01-14,1,193.96
10400,VTJBP,9,1997-01-14,2,181.99
10401,ETXRP,1,1997-01-28,3,22.86
10402,UCGRS,2,1997-01-26,1,132.83
10403,FMMRL,2,1997-01-20,3,26.89
10404,VEYUQ,1,1997-01-12,1,200.6
10405,CKKWE,3,1997-01-28,1,97.59
10406,MNXAG,7,1997-01-16,1,142.97
10407,KHKRV,3,1997-01-08,2,173.07
10408,THSQN,1,1997-01-22,1,204.22
10409,JLWBL,7,1997-01-11,1,29.38
10410,DTZKB,2,1997-01-15,3,230.13
10411,SHRPR,1,1997-01-06,3,105.72
10412,VEYUQ,1,1997-01-17,1,98.42
10413,PLRKR,4,1997-01-04,1,243.63
10414,POBYN,7,1997-01-27,3,22.04
10415,PLRKR,6,1997-01-25,1,184.12
10416,JEYCD,8,1997-01-27,1,171.49
10417,YUXHC,5,1997-01-15,3,224.05
10418,DTZKB,1,1997-01-25,1,49.75
10419,POBYN,3,1997-01-26,2,25.59
10420,UAXMI,9,1997-01-07,1,240.11
10421,VLLAI,5,1997-01-14,2,105.04
10422,WBBZO,9,1997-01-19,2,79.11
10423,ALFKI,8,1997-01-25,2,87.5
10424,VEYUQ,7,1997-01-15,1,195.32
10425,HIVZZ,6,1997-01-19,3,43.47
10426,ALFKI,5,1997-02-10,2,167.94
10427,WSEBX,4,1997-02-20,2,194.37
10428,RBMPA,9,1997-02-21,2,106.18
10429,KHKRV,8,1997-02-25,2,246.05
10430,TCJVQ,3,1997-02-25,2,41.55
10431,KHKRV,4,1997-02-01,2,115.61
10432,HOAFN,9,1997-02-01,3,35.24
10433,VTJBP,4,1997-02-27,3,144.49
10434,PSNQQ,5,1997-02-01,3,197.98
10435,LPREO,7,1997-02-09,1,82.58
10436,BOGAS,4,1997-02-17,2,242.65
10437,AKZQT,5,1997-02-12,3,114.59
10438,ALFKI,8,1997-02-25,1,152.32
10439,VEYUQ,6,1997-02-17,3,42.53
10440,CKKWE,5,1997-02-19,2,195.5
10441,YUXHC,3,1997-02-11,3,232.88
10442,WVGUX,2,1997-02-12,1,40.99
10443,YVQCH,9,1997-02-23,3,129.89
10444,SGTEY,8,1997-02-23,1,242.0
10445,VYHBU,5,1997-03-18,1,50.08
10446,YUXHC,7,1997-03-24,1,34.16
10447,FLETF,9,1997-03-18,1,151.48
10448,TCJVQ,5,1997-03-28,3,98.87
10449,VYHBU,5,1997-03-03,1,136.5
10450,JEYCD,3,1997-03-02,2,39.24
10451,SPPRI,4,1997-03-22,2,93.35
10452,PLRKR,5,1997-03-06,2,242.81
10453,INWFA,3,1997-03-11,2,174.05
10454,KIWFL,8,1997-03-07,1,195.22
10455,MNXAG,2,1997-03-26,2,24.45
10456,WSEBX,6,1997-03-03,3,74.56
10457,MXKGV,3,1997-03-24,1,102.3
10458,XTUBQ,3,1997-03-24,3,199.88
10459,FGLEI,7,1997-03-17,2,10.41
10460,XLAVG,9,1997-03-07,3,164.53
10461,YJAXX,3,1997-03-03,1,235.45
10462,JEYCD,3,1997-03-05,2,91.91
10463,UQVLY,5,1997-03-22,3,181.76
10464,WPBNO,2,1997-03-16,1,233.66
10465,SVGTT,7,1997-03-19,1,63.01
10466,VBYNW,7,1997-03-09,1,201.38
10467,WSEBX,7,1997-03-07,3,246.04
10468,VLLAI,8,1997-03-13,1,16.58
10469,SPPRI,6,1997-03-01,3,176.87
10470,KVMJK,2,1997-03-13,3,141.97
10471,ALFKI,3,1997-04-26,2,152.29
10472,OUKVF,8,1997-04-10,2,245.29
10473,FLETF,7,1997-04-11,1,125.46
10474,VEYUQ,7,1997-04-02,2,115.84
10475,JCWVH,4,1997-04-20,2,102.62
10476,THSQN,2,1997-04-12,1,52.37
10477,XLAVG,2,1997-04-10,1,85.12
10478,HLHVL,6,1997-04-17,3,71.57
10479,RNTHV,8,1997-04-06,1,83.17
10480,KBWLG,3,1997-04-04,2,179.4
10481,MNXAG,6,1997-04-02,3,187.12
10482,WPBNO,9,1997-04-04,1,244.07
10483,KVMJK,8,1997-04-15,3,128.99
10484,WVGUX,4,1997-04-03,1,232.17
10485,KVMJK,2,1997-04-24,1,180.57
10486,VEYUQ,3,1997-04-03,2,142.0
10487,IEOWD,8,1997-04-21,3,217.08
10488,OYUGL,1,1997-04-01,2,55.19
10489,LPREO,5,1997-04-17,3,217.6
10490,WSEBX,2,1997-04-13,1,235.08
10491,DTZKB,1,1997-04-14,3,29.26
10492,HOAFN,8,1997-04-21,1,157.11
10493,RBMPA,8,1997-04-13,2,38.54
10494,TCJVQ,2,1997-04-22,2,26.32
10495,MAPTB,5,1997-04-12,1,222.71
10496,FMMRL,1,1997-04-14,1,103.23
10497,GHUHP,9,1997-04-18,3,57.9
10498,PSZOY,7,1997-05-12,1,135.71
10499,WVGUX,8,1997-05-15,1,99.22
10500,TWGGZ,6,1997-05-28,1,139.85
10501,MYVXC,2,1997-05-09,1,44.05
10502,YJAXX,3,1997-05-15,2,106.86
10503,MNXAG,2,1997-05-06,3,18.81
10504,LPREO,4,1997-05-02,1,73.26
10505,SGTEY,6,1997-05-03,3,142.67
10506,ALFKI,8,1997-05-06,3,196.38
10507,KBWLG,1,1997-05-10,2,71.37
10508,MXKGV,4,1997-05-06,3,102.29
10509,WSEBX,2,1997-05-22,2,138.86
10510,ZPMLW,5,1997-05-03,3,88.48
10511,WPBNO,4,1997-05-02,3,64.73
10512,QDSIQ,8,1997-05-11,1,230.04
10513,JCWVH,2,1997-05-03,2,137.72
10514,KHKRV,1,1997-05-02,3,158.92
10515,ALFKI,9,1997-06-10,1,70.53
10516,SDLSY,2,1997-06-17,3,196.88
10517,PFEIS,4,1997-06-17,2,100.43
10518,XKTZQ,3,1997-06-26,3,142.46
10519,SDLSY,7,1997-06-02,3,25.35
10520,BKURQ,8,1997-06-13,3,13.87
10521,YUXHC,1,1997-06-21,1,5.73
10522,UAXMI,4,1997-06-01,1,142.08
10523,ORDDL,4,1997-06-11,2,89.75
10524,AROUT,1,1997-06-24,2,235.04
10525,KBWLG,8,1997-06-21,1,195.08
10526,MNXAG,3,1997-06-10,2,82.01
10527,WPBNO,6,1997-06-11,1,18.7
10528,YUXHC,3,1997-06-27,3,82.79
10529,IWQPR,3,1997-06-10,1,184.06
10530,YJAXX,2,1997-06-08,2,98.78
10531,SGTEY,3,1997-06-09,2,76.41
10532,VTJBP,3,1997-06-18,3,49.82
10533,ALPBF,5,1997-06-15,2,127.57
10534,BNYBJ,2,1997-07-11,2,114.21
10535,VTJBP,3,1997-07-13,1,161.48
10536,MYVXC,9,1997-07-15,1,45.06
10537,ETXRP,8,1997-07-13,3,112.77
10538,UCGRS,7,1997-07-03,1,115.16
10539,PSZOY,5,1997-07-08,2,46.06
10540,VBYNW,8,1997-07-14,3,53.06
10541,AKZQT,3,1997-07-23,1,30.61
10542,BNYBJ,5,1997-07-19,2,66.24
10543,BNYBJ,1,1997-07-09,3,89.48
10544,BNYBJ,9,1997-07-23,2,168.78
10545,ALZAL,4,1997-07-03,3,95.7
10546,OUKVF,9,1997-07-02,2,152.54
10547,YUXHC,8,1997-07-10,1,238.55
10548,PFEIS,3,1997-07-18,3,85.7
10549,QEFYE,1,1997-07-05,3,137.46
10550,XLAVG,8,1997-07-08,1,130.17
10551,VBYNW,4,1997-07-03,2,34.35
10552,CKKWE,8,1997-07-10,2,5.34
10553,LPVQG,7,1997-07-11,1,236.23
10554,VTJBP,9,1997-07-09,1,121.66
10555,FMMRL,9,1997-07-17,1,80.79
10556,CKKWE,4,1997-07-18,3,222.19
10557,VBYNW,4,1997-07-17,2,144.02
10558,MZTXS,8,1997-07-14,1,56.12
10559,ALFKI,1,1997-08-05,3,5.66
10560,YVQCH,8,1997-08-11,2,113.44
10561,GHUHP,2,1997-08-10,2,213.47
10562,SKSEF,2,1997-08-01,3,125.77
10563,XTUBQ,8,1997-08-24,2,218.85
10564,FGLEI,5,1997-08-28,2,197.76
10565,PSNQQ,9,1997-08-16,3,40.44
10566,FLETF,1,1997-08-02,2,106.04
10567,ZPMLW,4,1997-08-02,3,95.72
10568,TRYSX,4,1997-08-08,2,9.89
10569,DTZKB,2,1997-08-03,1,74.51
10570,KIWFL,9,1997-08-09,2,9.22
10571,JVTVC,5,1997-08-27,2,50.46
10572,HOAFN,4,1997-08-26,2,139.01
10573,VLLAI,8,1997-08-12,3,237.46
10574,WSEBX,1,1997-08-28,3,73.25
10575,ALFKI,4,1997-08-21,2,32.41
10576,VXJHA,7,1997-08-24,2,123.46
10577,XKTZQ,6,1997-08-04,2,170.6
10578,LPREO,2,1997-08-23,1,142.75
10579,MNXAG,6,1997-08-26,1,136.19
10580,WVGUX,6,1997-08-09,3,5.65
10581,NGCTP,5,1997-08-23,2,91.21
10582,GEEGS,2,1997-08-22,1,128.13
10583,ALZAL,1,1997-08-05,3,13.65
10584,JCWVH,1,1997-09-13,3,208.98
10585,AMPEQ,2,1997-09-06,2,37.3
10586,GHUHP,2,1997-09-22,3,210.64
10587,MNXAG,1,1997-09-13,3,203.38
10588,WPBNO,4,1997-09-07,1,153.97
10589,VEYUQ,6,1997-09-03,1,161.76
10590,FLETF,9,1997-09-05,2,169.9
10591,YWUSA,5,1997-09-07,3,132.84
10592,SHRPR,1,1997-09-22,1,7.34
10593,WBBZO,5,1997-09-01,2,81.01
10594,PLRKR,4,1997-09-16,1,117.62
10595,IWQPR,2,1997-09-08,1,108.52
10596,PSZOY,4,1997-09-19,3,173.59
10597,THSQN,2,1997-09-01,2,123.27
10598,JLWBL,9,1997-09-05,2,28.15
10599,GHUHP,8,1997-09-25,3,160.3
10600,BKURQ,5,1997-09-28,1,150.82
10601,TINQA,7,1997-09-24,1,201.75
10602,PFEIS,1,1997-09-19,1,149.28
10603,KIWFL,3,1997-09-02,3,126.68
10604,UQVLY,1,1997-09-01,2,31.89
10605,KVIFE,3,1997-09-11,3,174.23
10606,DTZKB,4,1997-09-23,3,175.46
10607,YWUSA,7,1997-09-28,3,65.75
10608,ALFKI,1,1997-10-04,3,248.45
10609,OYUGL,4,1997-10-19,1,67.81
10610,RNTHV,7,1997-10-14,1,121.41
10611,WBBZO,5,1997-10-17,3,66.47
10612,NGCTP,4,1997-10-16,1,190.13
10613,KVIFE,8,1997-10-08,3,36.51
10614,KVIFE,3,1997-10-18,3,18.69
10615,ALFKI,5,1997-10-26,1,162.69
10616,ALZAL,8,1997-10-20,1,73.51
10617,TINQA,2,1997-10-21,1,230.26
10618,MZTXS,3,1997-10-16,2,40.49
10619,AMPEQ,5,1997-10-28,1,193.26
10620,FMMRL,6,1997-10-08,1,91.54
10621,XLAVG,7,1997-10-10,2,135.52
10622,SKSEF,7,1997-10-09,1,16.71
10623,SGTEY,2,1997-10-17,1,221.89
10624,KVIFE,3,1997-10-03,2,159.36
10625,VXJHA,4,1997-10-01,2,46.5
10626,SHRPR,4,1997-10-07,1,36.2
10627,UCGRS,6,1997-10-28,3,237.57
10628,QEFYE,9,1997-10-25,3,208.09
10629,HIVZZ,2,1997-10-01,3,176.1
10630,SMORH,2,1997-10-16,3,200.06
10631,PUQHW,2,1997-11-22,1,18.52
10632,WPBNO,9,1997-11-03,2,108.13
10633,OYUGL,9,1997-11-11,2,60.88
10634,OYUGL,8,1997-11-03,2,162.5
10635,WSEBX,2,1997-11-11,1,94.7
10636,MAPTB,3,1997-11-04,3,66.42
10637,CKKWE,8,1997-11-05,1,83.33
10638,HIVZZ,2,1997-11-21,3,84.0
10639,LPREO,3,1997-11-02,2,44.82
10640,AMPEQ,3,1997-11-12,1,204.17
10641,VXJHA,9,1997-11-16,3,73.11
10642,RBMPA,4,1997-11-06,2,181.81
10643,BOGAS,6,1997-11-02,2,126.04
10644,MYVXC,6,1997-11-22,2,149.78
10645,FMMRL,8,1997-11-06,3,58.86
10646,ORDDL,9,1997-11-01,2,217.95
10647,MZTXS,7,1997-11-23,3,236.81
10648,SMORH,7,1997-11-01,3,89.05
10649,OUKVF,8,1997-11-22,3,80.3
10650,UAXMI,8,1997-11-11,2,209.92
10651,SMORH,3,1997-11-21,3,67.22
10652,GHUHP,9,1997-11-26,3,116.6
10653,VYHBU,6,1997-11-10,2,69.39
10654,WVGUX,7,1997-11-17,3,79.3
10655,VEYUQ,2,1997-11-06,3,223.85
10656,RNTHV,5,1997-11-27,1,99.2
10657,SGTEY,3,1997-11-15,1,53.6
10658,PLRKR,4,1997-11-02,1,83.52
10659,MYVXC,9,1997-11-05,3,12.13
10660,YUXHC,9,1997-11-21,3,121.36
10661,NGCTP,8,1997-11-20,1,132.32
10662,YJAXX,1,1997-11-21,3,199.75
10663,JEYCD,4,1997-11-21,3,195.56
10664,ALFKI,8,1997-12-08,3,228.57
10665,YVQCH,6,1997-12-09,3,111.42
10666,VLLAI,4,1997-12-10,3,225.9
10667,ALPBF,4,1997-12-21,1,48.82
10668,PSZOY,1,1997-12-21,1,151.72
10669,ETXRP,7,1997-12-21,3,34.64
10670,INWFA,4,1997-12-05,1,181.18
10671,KVIFE,5,1997-12-05,1,223.69
10672,KIWFL,5,1997-12-07,2,85.65
10673,MZTXS,5,1997-12-03,2,151.2
10674,YUXHC,4,1997-12-14,1,23.75
10675,LPVQG,1,1997-12-17,3,139.94
10676,RNTHV,8,1997-12-06,1,53.78
10677,XVNBZ,5,1997-12-11,2,175.26
10678,OYUGL,1,1997-12-14,1,143.37
10679,IWQPR,6,1997-12-07,2,226.1
10680,PLRKR,8,1997-12-10,1,185.78
10681,CKKWE,7,1998-01-05,1,33.99
10682,YLWKF,2,1998-01-24,1,121.12
10683,FGLEI,9,1998-01-12,1,14.34
10684,ZPMLW,6,1998-01-14,2,106.97
10685,BOGAS,7,1998-01-23,1,208.67
10686,HIVZZ,8,1998-01-27,1,46.33
10687,PLRKR,4,1998-01-23,3,117.64
10688,MAPTB,5,1998-01-04,3,221.61
10689,QEFYE,7,1998-01-14,2,64.33
10690,HLHVL,3,1998-01-14,3,147.4
10691,AMPEQ,1,1998-01-20,3,134.22
10692,RBMPA,3,1998-01-25,2,67.0
10693,JLWBL,3,1998-01-24,2,123.27
10694,ORDDL,7,1998-01-13,1,210.35
10695,SVGTT,1,1998-01-05,2,230.54
10696,MNXAG,9,1998-01-20,3,203.91
10697,YLWKF,5,1998-01-17,1,101.66
10698,FFFYR,8,1998-01-09,2,36.71
10699,SGTEY,1,1998-01-23,1,44.75
10700,QDSIQ,4,1998-01-07,3,243.02
10701,YJAXX,7,1998-01-28,3,141.58
10702,QEFYE,7,1998-01-09,3,76.93
10703,FLETF,7,1998-01-27,1,58.45
10704,TINQA,6,1998-01-07,1,245.96
10705,VBYNW,3,1998-01-10,1,184.83
10706,KVIFE,9,1998-01-15,2,193.79
10707,VTJBP,1,1998-01-22,2,45.49
10708,PFEIS,2,1998-01-16,2,175.9
10709,ALFKI,4,1998-02-03,1,8.7
10710,YVQCH,6,1998-02-22,1,50.3
10711,JCWVH,1,1998-02-01,1,227.3
10712,HIVZZ,7,1998-02-23,3,99.59
10713,TRYSX,7,1998-02-26,3,101.01
10714,WSEBX,4,1998-02-20,1,101.42
10715,VYHBU,9,1998-02-02,2,64.26
10716,EDMNO,1,1998-02-02,3,114.94
10717,SPPRI,4,1998-02-12,3,17.45
10718,IWQPR,7,1998-02-22,3,109.03
10719,CKKWE,8,1998-02-11,3,95.24
10720,PUQHW,1,1998-02-09,1,43.37
10721,YWUSA,1,1998-02-12,2,18.93
10722,YUXHC,4,1998-02-18,1,146.74
10723,XVNBZ,6,1998-02-21,1,6.82
10724,EDMNO,5,1998-02-04,1,224.46
10725,SMORH,1,1998-02-15,1,62.91
10726,YVQCH,5,1998-02-05,1,103.53
10727,TCJVQ,6,1998-03-05,2,43.56
10728,QDSIQ,2,1998-03-23,3,51.16
10729,FLETF,2,1998-03-16,1,205.83
10730,UCGRS,2,1998-03-19,1,148.9
10731,YVQCH,4,1998-03-13,1,120.12
10732,PUQHW,1,1998-03-20,1,66.16
10733,PFEIS,3,1998-03-18,3,214.89
10734,SVGTT,9,1998-03-17,1,138.84
10735,KBWLG,3,1998-03-20,2,234.69
10736,VLLAI,5,1998-03-05,3,182.03
10737,IWQPR,8,1998-03-23,2,130.54
10738,BNYBJ,7,1998-03-03,3,66.37
10739,YUXHC,2,1998-03-28,2,195.84
10740,HLHVL,6,1998-03-21,1,169.7
10741,JVTVC,4,1998-03-16,3,78.65
10742,ZPMLW,2,1998-03-04,1,155.43
10743,VEYUQ,7,1998-03-05,2,177.89
10744,UAXMI,9,1998-03-24,2,188.03
10745,SVGTT,5,1998-03-06,1,212.81
10746,FFFYR,6,1998-03-04,2,176.62
10747,SGTEY,7,1998-03-22,1,48.42
10748,SDLSY,7,1998-03-01,1,45.66
10749,XKTZQ,3,1998-03-09,1,149.76
10750,DTZKB,6,1998-03-20,1,95.97
10751,ZPMLW,8,1998-03-16,3,67.09
10752,IWQPR,4,1998-03-27,2,133.78
10753,JCWVH,3,1998-03-24,3,16.07
10754,JCWVH,1,1998-03-09,3,98.75
10755,GHUHP,9,1998-03-11,3,170.62
10756,KIWFL,2,1998-03-01,3,76.39
10757,ALFKI,9,1998-04-27,1,13.36
10758,POBYN,4,1998-04-15,1,231.41
10759,INWFA,9,1998-04-18,1,20.73
10760,PUQHW,8,1998-04-09,2,80.67
10761,SGTEY,7,1998-04-13,3,238.53
10762,RBMPA,9,1998-04-07,1,106.05
10763,VXJHA,9,1998-04-05,1,29.19
10764,THSQN,2,1998-04-04,1,183.75
10765,SMORH,2,1998-04-20,1,151.32
10766,ZPMLW,2,1998-04-16,1,79.83
10767,WBBZO,5,1998-04-14,3,38.48
10768,FLETF,9,1998-04-15,3,116.76
10769,AKZQT,8,1998-04-16,3,113.32
10770,VBYNW,6,1998-04-11,1,177.66
10771,VYHBU,6,1998-04-17,3,182.74
10772,XVNBZ,6,1998-04-12,2,245.01
10773,YWUSA,3,1998-04-15,1,23.87
10774,AMPEQ,3,1998-04-09,1,140.51
10775,OUKVF,3,1998-04-09,2,231.39
10776,KBWLG,1,1998-05-20,2,182.16
10777,VEYUQ,2,1998-05-02,2,30.11
10778,UAXMI,1,1998-05-19,1,80.1
10779,YLWKF,7,1998-05-18,1,189.7
10780,HOAFN,5,1998-05-22,3,91.05
10781,JLWBL,7,1998-05-11,3,27.55
10782,ETXRP,8,1998-05-16,2,240.15
10783,AROUT,2,1998-05-09,1,109.33
10784,KVMJK,2,1998-05-20,2,92.48
10785,RBMPA,5,1998-05-26,2,85.24
10786,SVGTT,3,1998-05-07,2,135.28
10787,VBYNW,4,1998-05-18,3,97.9
10788,KHKRV,4,1998-05-05,3,171.0
10789,AMPEQ,1,1998-05-07,2,16.08
10790,XLAVG,5,1998-05-14,1,161.62
10791,QDSIQ,8,1998-05-14,2,101.57
10792,YWUSA,9,1998-05-04,1,160.02
10793,TCJVQ,9,1998-05-22,3,29.73
10794,SPPRI,6,1998-05-15,2,28.63
10795,ORDDL,8,1998-05-06,1,62.8
10796,CKKWE,5,1998-05-10,1,169.18
10797,YUXHC,1,1998-05-17,3,55.77
10798,MNXAG,4,1998-05-01,2,165.64
10799,OYUGL,5,1998-05-28,3,195.14
10800,LPREO,2,1998-05-22,1,208.1
10801,YWUSA,6,1998-05-26,1,75.57
10802,SMORH,5,1998-05-22,1,104.84
10803,SPPRI,6,1998-06-22,1,221.17
10804,YLWKF,4,1998-06-12,3,167.51
10805,JEYCD,4,1998-06-20,1,151.34
10806,QDSIQ,2,1998-06-17,2,98.83
10807,TRYSX,4,1998-06-17,3,55.21
10808,PSZOY,5,1998-06-16,2,103.07
10809,EDMNO,3,1998-06-28,1,180.31
10810,AKZQT,1,1998-06-14,3,174.58
10811,MZTXS,5,1998-06-19,2,231.74
10812,WVGUX,2,1998-06-23,2,227.99
10813,ETXRP,5,1998-06-17,2,43.69
10814,ALFKI,5,1998-07-13,3,163.34
10815,JLWBL,9,1998-07-06,2,48.95
10816,KVMJK,8,1998-07-09,2,156.29
10817,LPVQG,5,1998-07-09,1,37.94
10818,IWQPR,4,1998-07-09,1,191.77
10819,SMORH,7,1998-07-08,3,42.02
10820,MAPTB,2,1998-07-03,3,114.03
10821,TINQA,1,1998-07-27,1,129.62
10822,AMPEQ,1,1998-07-27,1,216.48
10823,ALFKI,4,1998-07-10,2,85.85
10824,OYUGL,6,1998-07-28,1,94.95
10825,ALFKI,9,1998-07-10,1,45.57
10826,RNTHV,7,1998-07-25,1,136.63
10827,KHKRV,6,1998-07-17,2,12.86
10828,ALFKI,2,1998-08-12,1,243.38
10829,POBYN,2,1998-08-21,3,179.14
10830,PLRKR,1,1998-08-09,1,212.62
10831,YLWKF,2,1998-08-10,1,228.77
10832,JVTVC,2,1998-08-08,3,242.01
10833,WSEBX,1,1998-08-25,3,170.67
10834,MXKGV,5,1998-08-18,3,37.75
10835,JLWBL,9,1998-08-14,3,186.6
10836,GNWWW,5,1998-09-12,3,124.08
10837,GNWWW,9,1998-09-23,1,75.17
10838,ALFKI,9,1998-09-03,2,166.83
10839,XKTZQ,6,1998-09-05,1,232.01
10840,LPREO,6,1998-09-18,3,18.36
10841,JLWBL,4,1998-09-05,2,70.92
10842,LPVQG,6,1998-09-04,1,136.66
10843,ORDDL,4,1998-09-22,1,198.07
10844,JEYCD,7,1998-09-01,1,34.32
10845,NGCTP,8,1998-09-12,2,201.3
10846,BNYBJ,9,1998-09-12,3,221.66
10847,RBMPA,7,1998-09-06,2,164.19
10848,VEYUQ,2,1998-09-15,3,185.62
10849,YVQCH,2,1998-09-01,2,74.62
10850,OUKVF,9,1998-09-02,2,36.66
10851,ALFKI,9,1998-10-04,1,57.64
10852,QDSIQ,5,1998-10-03,1,217.69
10853,MAPTB,4,1998-10-23,2,102.73
10854,SGTEY,4,1998-10-17,3,142.15
10855,AKZQT,4,1998-10-21,1,229.32
10856,BKURQ,6,1998-10-06,1,30.98
10857,RBMPA,9,1998-10-28,2,117.21
10858,GNWWW,8,1998-10-25,3,25.31
10859,HLHVL,3,1998-10-28,2,191.56
10860,MAPTB,1,1998-10-04,2,169.66
10861,DTZKB,4,1998-10-28,2,88.87
10862,DTZKB,7,1998-10-04,1,78.06
10863,SHRPR,1,1998-10-09,1,224.05
10864,JVTVC,4,1998-10-18,2,23.92
10865,VEYUQ,1,1998-10-11,2,55.82
10866,OUKVF,2,1998-10-19,2,238.49
10867,ALFKI,5,1998-11-14,3,9.81
10868,QEFYE,6,1998-11-15,1,28.47
10869,GEEGS,2,1998-11-11,1,71.12
10870,KVIFE,2,1998-11-06,2,44.57
10871,OYUGL,6,1998-11-10,2,243.69
10872,PSZOY,7,1998-11-02,2,194.88
10873,DFGYY,1,1998-11-25,1,55.83
10874,ZPMLW,3,1998-11-13,1,26.12
10875,AMPEQ,6,1998-11-16,2,14.93
10876,KIWFL,6,1998-11-09,2,179.17
10877,YWUSA,8,1998-11-05,3,22.8
10878,WVGUX,4,1998-11-08,1,218.42
10879,YLWKF,7,1998-12-14,3,218.34
10880,UQVLY,5,1998-12-26,3,214.98
10881,KHKRV,1,1998-12-01,2,234.98
10882,SPPRI,4,1998-12-21,1,111.48
10883,VTJBP,1,1998-12-23,3,132.1
10884,FGLEI,6,1998-12-04,1,77.56
10885,RBMPA,6,1998-12-01,3,115.9
10886,LPREO,3,1998-12-28,2,249.65
10887,SDLSY,2,1998-12-06,1,126.54
10888,PUQHW,2,1998-12-21,3,13.48
10889,SPPRI,5,1998-12-09,3,222.21
10890,SGTEY,4,1998-12-01,3,204.46
10891,PSZOY,4,1998-12-15,2,38.61
10892,RNTHV,7,1998-12-02,1,41.72
10893,ALFKI,2,1999-01-23,1,172.44
10894,GEEGS,6,1999-01-23,2,119.9
10895,PSNQQ,8,1999-01-10,1,210.22
10896,YUXHC,3,1999-01-06,2,5.29
10897,UAXMI,7,1999-01-19,3,219.74
10898,IEOWD,4,1999-01-28,2,241.95
10899,EDMNO,6,1999-01-07,1,212.89
10900,HOAFN,9,1999-01-12,1,10.47
10901,THSQN,4,1999-01-26,1,56.8
10902,PLRKR,2,1999-01-19,3,140.48
10903,WVGUX,5,1999-01-11,1,167.87
10904,KEHQT,1,1999-01-17,2,37.54
10905,OUKVF,3,1999-01-04,1,245.91
10906,FGLEI,1,1999-01-01,3,249.3
10907,SDLSY,3,1999-01-26,1,44.89
10908,ALFKI,3,1999-02-11,1,136.06
10909,XLAVG,3,1999-02-23,1,23.15
10910,THSQN,3,1999-02-11,2,23.62
10911,NGCTP,7,1999-02-13,1,73.84
10912,EDMNO,5,1999-02-25,3,41.59
10913,ALZAL,9,1999-02-25,2,155.51
10914,GEEGS,9,1999-02-04,2,238.08
10915,POBYN,6,1999-02-12,2,44.33
10916,PUQHW,6,1999-02-16,3,124.53
10917,TRYSX,9,1999-02-09,1,81.71
10918,TCJVQ,2,1999-02-01,1,230.6
10919,HOAFN,1,1999-03-04,2,38.76
10920,ALPBF,5,1999-03-11,3,38.15
10921,YJAXX,5,1999-03-02,1,43.4
10922,DTZKB,8,1999-03-12,1,69.27
10923,FMMRL,4,1999-03-21,1,153.7
10924,GBDKX,5,1999-03-20,3,107.88
10925,SDLSY,8,1999-03-23,1,38.63
10926,YWUSA,8,1999-03-04,1,158.71
10927,TCJVQ,6,1999-03-07,2,117.49
10928,QEFYE,9,1999-03-09,2,125.36
10929,AKZQT,6,1999-03-04,3,11.4
10930,NGCTP,9,1999-03-23,2,160.12
10931,KVIFE,4,1999-03-04,2,238.29
10932,CVUQF,2,1999-03-05,2,72.12
10933,JVTVC,1,1999-03-10,1,62.54
10934,ALFKI,4,1999-04-03,1,54.21
10935,KEHQT,9,1999-04-02,3,191.57
10936,EDMNO,8,1999-04-28,1,28.19
10937,QDSIQ,7,1999-04-13,1,213.59
10938,YJAXX,1,1999-04-05,3,246.64
10939,AKZQT,5,1999-04-04,1,115.13
10940,TWGGZ,9,1999-04-04,1,55.11
10941,BNYBJ,4,1999-04-08,3,243.84
10942,YWUSA,6,1999-04-26,3,152.41
10943,WSEBX,4,1999-04-19,1,109.95
10944,SVGTT,3,1999-04-06,1,157.43
10945,WPBNO,9,1999-04-16,2,204.82
10946,TWGGZ,1,1999-04-12,3,233.71
10947,ALFKI,9,1999-05-06,1,235.2
10948,PSZOY,9,1999-05-18,1,188.07
10949,MYVXC,1,1999-05-01,1,58.43
10950,SDLSY,4,1999-05-20,3,155.75
10951,FWOFX,7,1999-05-24,3,175.71
10952,POBYN,4,1999-05-11,1,183.2
10953,CKKWE,7,1999-05-18,1,10.62
10954,JVTVC,2,1999-05-15,1,101.05
10955,ORDDL,1,1999-05-03,3,114.31
10956,PUQHW,3,1999-06-07,1,87.16
10957,KVMJK,1,1999-06-19,3,229.63
10958,KBWLG,1,1999-06-11,3,208.2
10959,ALZAL,9,1999-06-17,2,130.48
10960,GEEGS,3,1999-06-08,1,108.85
10961,JLWBL,5,1999-06-10,1,165.93
10962,QEFYE,3,1999-06-05,1,148.2
10963,BNYBJ,4,1999-06-23,2,149.64
10964,SKSEF,1,1999-06-28,3,37.01
10965,WVGUX,2,1999-06-13,2,117.1
10966,KVMJK,5,1999-06-07,1,151.98
10967,ALFKI,6,1999-07-16,2,30.18
10968,SMLJL,2,1999-07-19,3,197.12
10969,CFXGH,5,1999-07-26,3,131.37
10970,HLHVL,1,1999-07-28,3,182.97
10971,LBUUY,2,1999-07-08,2,34.22
10972,KVIFE,7,1999-07-08,1,36.5
10973,BOGAS,1,1999-07-23,1,80.34
10974,JVTVC,7,1999-07-03,1,98.44
10975,YWUSA,4,1999-07-14,3,126.43
10976,PSZOY,8,1999-07-01,2,220.13
10977,VYHBU,4,1999-07-28,3,46.18
10978,IWQPR,8,1999-07-21,2,112.46
10979,XVNBZ,4,1999-07-10,2,113.13
10980,ALZAL,4,1999-07-19,1,102.63
10981,HOAFN,6,1999-07-18,2,33.82
10982,ALFKI,9,1999-08-19,2,31.71
10983,JCWVH,1,1999-08-27,2,5.54
10984,OYUGL,3,1999-08-20,2,48.27
10985,NGCTP,5,1999-08-07,2,87.23
10986,MAPTB,4,1999-08-15,1,89.34
10987,WSEBX,2,1999-08-08,3,78.42
10988,QDSIQ,8,1999-08-21,2,160.44
10989,VLLAI,1,1999-08-09,1,237.01
10990,CFBZD,3,1999-08-26,3,102.82
10991,SGTEY,5,1999-08-14,1,37.42
10992,PUQHW,3,1999-08-23,3,149.76
10993,XTUBQ,8,1999-08-06,2,184.41
10994,WBBZO,1,1999-08-20,3,124.12
10995,DTZKB,7,1999-08-03,2,58.25
10996,JVTVC,6,1999-08-17,3,217.9
10997,QDSIQ,8,1999-08-25,2,175.08
10998,FLETF,7,1999-09-01,2,80.48
10999,BKURQ,5,1999-09-05,2,25.54
11000,YWUSA,6,1999-09-10,1,51.97
11001,JEYCD,8,1999-09-19,1,22.8
11002,KEHQT,9,1999-09-17,2,31.28
11003,KBWLG,8,1999-09-25,3,63.17
11004,WVGUX,3,1999-09-10,1,202.45
11005,RLXGK,1,1999-09-04,3,146.3
11006,FGLEI,8,1999-09-18,2,119.03
11007,SHRPR,7,1999-09-05,3,154.92
11008,XTUBQ,8,1999-09-11,3,240.35
11009,FLETF,5,1999-09-11,3,239.24
11010,MNXAG,4,1999-09-01,3,15.79
11011,ALFKI,1,1999-10-22,1,121.6
11012,ALPBF,6,1999-10-18,1,164.9
11013,PSNQQ,9,1999-10-01,3,140.89
11014,GEEGS,4,1999-10-09,3,11.54
11015,RTJFF,6,1999-10-04,3,182.79
11016,VEYUQ,8,1999-10-07,3,34.73
11017,TINQA,5,1999-10-14,1,229.62
11018,DTZKB,6,1999-10-18,3,208.37
11019,RNTHV,1,1999-10-08,1,213.71
11020,VXJHA,6,1999-10-08,1,78.13
11021,KBWLG,9,1999-10-13,2,194.02
11022,EIMER,2,1999-10-07,2,235.08
11023,TINQA,2,1999-10-20,2,163.53
11024,AROUT,6,1999-10-02,1,30.79
11025,TRYSX,7,1999-10-17,1,177.77
11026,EDMNO,1,1999-10-25,1,89.55
11027,ALFKI,2,1999-11-11,3,122.5
11028,EDMNO,6,1999-11-15,3,188.25
11029,SMORH,4,1999-11-07,2,238.04
11030,YJAXX,4,1999-11-25,3,129.33
11031,ALFKI,2,1999-11-03,2,94.62
11032,MNXAG,4,1999-11-24,1,131.37
11033,OUKVF,1,1999-11-16,3,114.63
11034,SDLSY,6,1999-11-13,2,115.37
11035,PFEIS,7,1999-12-20,2,76.97
11036,VBYNW,7,1999-12-11,1,142.35
11037,BNFBU,4,1999-12-08,2,141.59
11038,CFBZD,4,1999-12-12,3,15.37
11039,EUSVY,8,1999-12-10,2,174.48
11040,JCWVH,8,1999-12-04,1,218.32
11041,QEFYE,3,1999-12-13,2,81.27
11042,HOAFN,7,1999-12-14,3,194.01
11043,RLXGK,8,1999-12-08,2,118.43
11044,JEYCD,1,1999-12-28,3,145.29
11045,ALFKI,5,2000-01-23,3,155.62
11046,PUQHW,8,2000-01-26,1,168.59
11047,OMRHM,7,2000-01-24,1,152.62
11048,PNUAE,6,2000-01-15,3,234.8
11049,LPREO,6,2000-01-08,2,79.51
11050,SMORH,7,2000-01-01,3,98.93
11051,XTUBQ,3,2000-01-16,1,81.87
11052,FFFYR,9,2000-01-09,1,201.04
11053,JEYCD,9,2000-01-17,3,174.66
11054,VXJHA,8,2000-01-27,3,70.89
11055,RTJFF,5,2000-01-13,3,128.78
11056,ALFKI,6,2000-02-04,3,130.43
11057,UQVLY,5,2000-02-17,1,130.75
11058,SHRPR,5,2000-02-14,1,53.31
11059,HIVZZ,4,2000-02-10,3,195.0
11060,RBMPA,7,2000-02-05,3,187.41
11061,LPREO,6,2000-02-10,2,20.43
11062,FGLEI,2,2000-02-17,3,245.19
11063,FFFYR,5,2000-02-22,2,100.65
11064,PFEIS,7,2000-02-28,3,27.03
11065,PCKSN,4,2000-02-14,2,16.4
11066,CKKWE,5,2000-02-02,1,103.98
11067,JLWBL,3,2000-03-24,2,53.7
11068,VBYNW,7,2000-03-21,2,91.62
11069,HIVZZ,3,2000-03-09,2,70.33
11070,TRYSX,3,2000-03-25,2,194.24
11071,EIMER,6,2000-03-03,2,92.66
11072,JCWVH,9,2000-03-20,2,88.73
11073,XLAVG,6,2000-03-03,2,125.35
11074,TWGGZ,1,2000-03-21,3,56.4
11075,VLLAI,4,2000-03-08,1,133.19
11076,CKKWE,3,2000-03-02,1,46.43
11077,ALFKI,3,2000-04-19,2,104.82
11078,PNUAE,8,2000-04-07,1,232.49
11079,WVGUX,5,2000-04-17,2,204.93
11080,KFOGD,6,2000-04-23,2,195.02
11081,YJAXX,4,2000-04-03,1,237.83
11082,JLWBL,4,2000-04-19,1,216.84
11083,KVIFE,3,2000-04-28,3,184.94
11084,CVUQF,3,2000-04-09,2,82.45
11085,CFXGH,3,2000-04-27,2,32.42
11086,TWGGZ,3,2000-04-24,3,110.51
11087,HLHVL,8,2000-04-12,3,228.18
11088,JEYCD,3,2000-04-06,1,162.65
11089,TINQA,8,2000-04-16,1,131.43
11090,XTUBQ,7,2000-04-21,1,240.73
11091,ALFKI,7,2000-05-20,2,207.95
11092,ALPBF,1,2000-05-14,1,136.15
11093,LPREO,3,2000-05-21,1,88.38
11094,GEEGS,1,2000-05-11,1,168.15
11095,QEFYE,2,2000-05-01,2,220.63
11096,HIVZZ,5,2000-05-20,1,174.11
11097,SMORH,1,2000-05-02,3,113.66
11098,LPVQG,7,2000-05-21,3,70.45
11099,OBZUY,7,2000-05-22,3,150.84
11100,ZOXOL,5,2000-06-13,1,150.58
11101,TINQA,4,2000-06-12,3,69.61
11102,YWUSA,5,2000-06-08,3,95.3
11103,TWGGZ,5,2000-06-24,3,222.09
11104,CFBZD,1,2000-06-13,2,17.22
11105,KEHQT,7,2000-06-08,1,228.32
11106,CVUQF,7,2000-06-04,3,235.92
11107,PZDII,4,2000-06-10,3,57.53
11108,OYUGL,2,2000-06-14,2,152.24
11109,SMLJL,2,2000-06-07,1,148.83
11110,GHUHP,2,2000-06-21,2,113.68
11111,RTJFF,2,2000-06-27,3,70.44
11112,CFXGH,6,2000-06-11,1,57.7
11113,ALFKI,6,2000-07-27,1,182.41
11114,QEFYE,8,2000-07-11,2,189.95
11115,KIWFL,3,2000-07-17,1,34.41
11116,LPVQG,2,2000-07-24,3,99.33
11117,UCGRS,6,2000-07-23,1,137.09
11118,JEYCD,3,2000-07-10,1,138.02
11119,BNFBU,2,2000-07-25,1,42.17
11120,DTZKB,4,2000-07-12,1,22.94
11121,PUQHW,1,2000-07-22,1,65.72
11122,RLXGK,3,2000-07-23,1,245.32
11123,YLWKF,1,2000-07-11,3,43.68
11124,ALFKI,7,2000-08-03,1,16.28
11125,EDMNO,5,2000-08-19,3,20.51
11126,CFBZD,4,2000-08-20,2,59.22
11127,TRYSX,7,2000-08-21,2,27.98
11128,MYVXC,9,2000-08-25,2,163.99
11129,GHUHP,5,2000-08-21,3,104.91
11130,NGCTP,3,2000-08-04,2,236.73
11131,KIWFL,1,2000-08-23,2,52.15
11132,POBYN,4,2000-08-22,3,155.58
11133,ORDDL,9,2000-08-19,1,200.14
11134,AMPEQ,8,2000-08-15,1,79.08
11135,GBDKX,8,2000-09-19,2,70.26
11136,RNTHV,2,2000-09-17,2,13.73
11137,POBYN,6,2000-09-15,3,249.01
11138,BNFBU,8,2000-09-02,1,10.34
11139,JLWBL,2,2000-09-27,1,150.12
11140,WPBNO,5,2000-09-04,2,17.32
11141,AMPEQ,8,2000-09-09,1,22.31
11142,RTJFF,4,2000-09-26,1,40.5
11143,HOAFN,6,2000-09-17,3,8.29
11144,ALFKI,9,2000-10-02,1,174.55
11145,COJQZ,6,2000-10-22,1,233.38
11146,OELNJ,8,2000-10-16,3,63.45
11147,UAXMI,2,2000-10-19,3,129.47
11148,KZCRH,8,2000-10-09,1,154.83
11149,YLWKF,9,2000-10-20,1,238.56
11150,HIVZZ,8,2000-10-15,1,191.84
11151,PZDII,3,2000-10-02,1,248.26
11152,VXJHA,1,2000-10-17,1,97.93
11153,LBUUY,6,2000-10-01,3,153.54
11154,WPBNO,4,2000-10-14,1,143.45
11155,SGPZQ,1,2000-10-06,1,226.79
11156,JEYCD,1,2000-10-09,2,171.54
11157,BNFBU,6,2000-10-18,3,233.21
11158,WSEBX,8,2000-10-24,1,208.57
11159,MZTXS,1,2000-10-19,1,77.65
11160,ALFKI,4,2000-11-10,2,18.31
11161,KFOGD,3,2000-11-21,2,229.68
11162,XLAVG,7,2000-11-23,3,243.19
11163,BOGAS,1,2000-11-26,1,104.37
11164,KEHQT,8,2000-11-19,1,195.42
11165,EUSVY,5,2000-11-21,3,142.86
11166,POBYN,7,2000-11-18,3,172.45
11167,BKURQ,3,2000-11-27,3,241.47
11168,UDJOJ,4,2000-11-24,1,48.3
11169,UAXMI,3,2000-11-05,2,110.24
11170,FWOFX,1,2000-11-27,3,119.43
11171,XTUBQ,8,2000-11-17,3,206.51
11172,LPVQG,8,2000-11-03,1,179.98
11173,ALFKI,6,2000-11-11,3,101.41
11174,HLHVL,8,2000-12-24,1,5.83
11175,XLAVG,9,2000-12-05,1,70.12
11176,COJQZ,3,2000-12-21,2,225.64
11177,RLXGK,1,2000-12-02,1,114.48
11178,SPPRI,2,2000-12-24,2,100.0
11179,OYUGL,9,2000-12-09,1,204.67
11180,AMPEQ,9,2000-12-10,2,38.09
11181,SGTEY,7,2000-12-03,1,136.73
11182,ALFKI,5,2001-01-07,2,18.2
11183,UCGRS,6,2001-01-20,1,169.24
11184,PSNQQ,5,2001-01-20,1,132.17
11185,YJAXX,2,2001-01-21,2,23.45
11186,FFFYR,8,2001-01-27,1,60.72
11187,ETXRP,9,2001-01-05,2,173.3
11188,MNXAG,7,2001-01-19,1,246.0
11189,MXKGV,5,2001-01-01,3,210.18
11190,MYWSA,6,2001-01-16,2,113.02
11191,TRYSX,6,2001-01-09,3,137.59
11192,OUKVF,8,2001-01-13,3,149.83
11193,GEEGS,7,2001-01-18,1,54.01
11194,KZCRH,5,2001-01-14,2,242.29
11195,POBYN,6,2001-01-02,1,161.26
11196,FLETF,5,2001-01-14,2,237.82
11197,ALFKI,7,2001-02-07,3,127.0
11198,JLWBL,7,2001-02-12,1,63.47
11199,YJAXX,9,2001-02-26,1,39.08
11200,QDSIQ,8,2001-02-21,1,150.82
11201,RLXGK,8,2001-02-19,2,236.81
11202,HIVZZ,1,2001-02-20,1,175.83
11203,VXJHA,2,2001-02-16,2,182.73
11204,COJQZ,8,2001-02-13,3,50.96
11205,OUKVF,3,2001-02-01,2,201.96
11206,TWGGZ,9,2001-02-15,1,151.14
11207,KIWFL,5,2001-02-25,2,209.14
11208,YNUTD,6,2001-02-18,2,101.6
11209,KVMJK,9,2001-02-27,1,69.56
11210,HIEWN,5,2001-03-05,2,224.61
11211,GEEGS,7,2001-03-12,2,98.07
11212,SVGTT,5,2001-03-22,2,110.4
11213,CFXGH,6,2001-03-21,2,183.61
11214,PZDII,4,2001-03-16,3,105.62
11215,PCKSN,2,2001-03-21,2,216.46
11216,OMRHM,2,2001-03-20,2,107.24
11217,TCJVQ,6,2001-03-28,3,173.56
11218,YCHNL,8,2001-03-26,2,191.29
11219,TINQA,6,2001-03-11,1,167.22
11220,KIWFL,5,2001-03-02,2,74.69
11221,GHUHP,3,2001-03-15,1,38.41
11222,SPPRI,2,2001-03-24,3,75.33
11223,JEYCD,3,2001-03-25,1,245.16
11224,OELNJ,2,2001-03-04,2,75.05
11225,ALFKI,5,2001-04-06,1,145.76
11226,TCJVQ,1,2001-04-20,1,77.18
11227,PZDII,5,2001-04-05,3,141.55
11228,SMORH,8,2001-04-10,2,61.79
11229,JVTVC,5,2001-04-24,2,36.22
11230,YNUTD,1,2001-04-19,1,88.75
11231,SVGTT,6,2001-04-01,3,158.2
11232,KVIFE,1,2001-04-10,3,59.78
11233,YDKXG,3,2001-04-18,3,116.33
11234,KHKRV,4,2001-04-12,2,166.64
11235,ZOXOL,9,2001-04-28,2,91.59
11236,YVQCH,9,2001-04-05,1,94.48
11237,AEQYP,5,2001-04-20,2,201.85
11238,VLLAI,7,2001-04-21,1,126.23
11239,OELNJ,5,2001-04-02,3,34.08
11240,ALFKI,1,2001-05-15,2,76.02
11241,JLWBL,8,2001-05-21,3,148.42
11242,UDJOJ,9,2001-05-07,1,201.29
11243,INWFA,5,2001-05-03,1,58.39
11244,GHUHP,5,2001-05-14,1,155.65
11245,KBWLG,5,2001-05-06,2,89.23
11246,WMXST,9,2001-05-19,1,39.36
11247,YJAXX,6,2001-05-25,1,207.79
11248,KEHQT,1,2001-05-01,3,29.51
11249,YCHNL,2,2001-05-14,3,30.25
11250,YUXHC,1,2001-05-27,2,127.14
11251,PCKSN,5,2001-05-16,2,66.53
11252,UAXMI,7,2001-05-07,3,58.58
11253,OMRHM,9,2001-05-06,1,141.91
11254,OMRHM,6,2001-05-18,3,41.46
11255,YLWKF,3,2001-06-24,3,219.45
11256,FWOFX,3,2001-06-27,2,240.28
11257,HLHVL,6,2001-06-16,3,182.38
11258,LPREO,1,2001-06-19,3,130.31
11259,KVMJK,4,2001-06-05,1,126.49
11260,UDJOJ,2,2001-06-03,3,195.66
11261,SVGTT,4,2001-06-05,2,74.15
11262,ZOXOL,8,2001-06-03,2,63.9
11263,LPVQG,8,2001-06-11,3,90.68
11264,GIJPO,5,2001-06-22,1,30.41
11265,PWGYK,3,2001-06-07,3,135.97
11266,SMLJL,3,2001-06-07,3,28.46
11267,JEYCD,7,2001-06-01,3,27.03
11268,ALFKI,9,2001-07-10,2,244.76
11269,PUQHW,8,2001-07-10,2,227.26
11270,OUKVF,8,2001-07-15,3,78.52
11271,DTZKB,8,2001-07-25,1,123.22
11272,KVMJK,2,2001-07-28,3,64.58
11273,PSZOY,7,2001-07-12,3,182.09
11274,LPREO,4,2001-07-15,3,18.26
11275,HLHVL,2,2001-07-15,1,57.52
11276,KFOGD,7,2001-07-13,2,190.1
11277,IWQPR,3,2001-07-18,2,249.19
11278,ALFKI,2,2001-08-22,1,38.98
11279,KZCRH,4,2001-08-25,1,88.55
11280,MNXAG,9,2001-08-11,3,61.17
11281,HDHPW,2,2001-08-06,2,66.4
11282,DJSTV,7,2001-08-07,2,95.8
11283,KFOGD,9,2001-08-21,2,224.12
11284,CKKWE,5,2001-08-26,3,6.23
11285,YUXHC,2,2001-08-04,2,149.97
11286,WVGUX,1,2001-08-16,2,5.8
11287,PSNQQ,2,2001-08-24,2,66.89
11288,EMNVE,5,2001-08-13,3,28.43
11289,AEQYP,8,2001-08-17,2,131.95
11290,SGTEY,6,2001-08-25,3,224.74
11291,VTJBP,8,2001-09-02,2,191.83
11292,KZCRH,8,2001-09-03,3,18.51
11293,QEFYE,7,2001-09-21,2,134.71
11294,PCOZG,7,2001-09-09,3,175.03
11295,YLWKF,5,2001-09-06,2,77.59
11296,OYUGL,5,2001-09-23,1,211.71
11297,EIMER,9,2001-09-17,2,17.2
11298,LBUUY,3,2001-09-15,3,191.52
11299,ALFKI,9,2001-10-04,2,238.75
11300,PFEIS,3,2001-10-10,3,226.33
11301,WBBZO,8,2001-10-01,3,77.57
11302,KVMJK,4,2001-10-05,3,94.83
11303,PWGYK,7,2001-10-16,2,230.35
11304,SGTEY,1,2001-10-07,3,189.54
11305,WZZOG,4,2001-10-26,2,31.35
11306,MXKGV,3,2001-10-05,2,9.66
11307,OUKVF,3,2001-10-07,3,152.12
11308,ALFKI,1,2001-11-01,1,174.88
11309,AROUT,2,2001-11-20,3,183.18
11310,HOAFN,4,2001-11-04,1,144.34
11311,AEQYP,8,2001-11-24,1,34.73
11312,VTJBP,5,2001-11-11,2,47.76
11313,GBWAC,4,2001-11-08,1,190.7
11314,PCKSN,5,2001-11-21,2,129.57
11315,NDYSD,9,2001-11-06,2,21.22
11316,KEHQT,4,2001-11-05,2,47.48
11317,LBUUY,3,2001-11-27,2,93.25
11318,ZMZNK,7,2001-11-10,3,43.66
11319,COJQZ,6,2001-12-20,2,49.94
11320,NDYSD,2,2001-12-09,3,42.47
11321,JCWVH,2,2001-12-07,3,165.3
11322,DFGYY,1,2001-12-08,1,109.95
11323,GQSFS,7,2001-12-16,3,131.44
11324,WBBZO,3,2001-12-17,1,120.61
11325,KZCRH,4,2001-12-11,2,101.97
11326,BKURQ,8,2001-12-17,3,107.33
11327,ALFKI,5,2002-01-11,3,132.75
11328,AMPEQ,6,2002-01-13,3,41.27
11329,LPVQG,6,2002-01-01,1,122.52
11330,SVGTT,6,2002-01-27,2,236.46
11331,PCOZG,4,2002-01-18,3,68.41
11332,AROUT,7,2002-01-23,3,153.45
11333,WBBZO,4,2002-01-22,1,150.91
11334,EDMNO,4,2002-01-25,2,177.62
11335,JCWVH,4,2002-01-02,2,132.04
11336,MAPTB,6,2002-01-04,3,218.24
11337,OMRHM,8,2002-01-26,3,7.76
11338,YDKXG,6,2002-01-23,3,196.52
11339,KBWLG,3,2002-01-15,2,95.09
11340,VEYUQ,6,2002-01-07,2,77.92
11341,OELNJ,1,2002-01-05,2,216.97
11342,UDJOJ,8,2002-01-24,2,191.01
11343,ALFKI,5,2002-02-22,2,173.17
11344,GBWAC,6,2002-02-04,2,233.48
11345,MYVXC,5,2002-02-02,2,43.9
11346,ORDDL,3,2002-02-25,3,115.0
11347,TFXGR,1,2002-02-28,3,67.94
11348,YCHNL,9,2002-02-23,1,36.72
11349,PFEIS,3,2002-02-10,3,148.54
11350,YUXHC,3,2002-02-19,1,197.58
11351,GBDKX,3,2002-03-13,2,35.66
11352,VLLAI,6,2002-03-15,3,230.67
11353,TLYEZ,1,2002-03-22,2,228.15
11354,BNYBJ,5,2002-03-20,1,181.38
11355,MXKGV,4,2002-03-03,2,104.66
11356,GQSFS,7,2002-03-11,1,242.96
11357,AMPEQ,7,2002-03-09,1,207.8
11358,SPPRI,8,2002-03-25,2,107.47
11359,JVTVC,2,2002-03-12,3,106.58
11360,LPREO,3,2002-03-23,1,146.76
11361,TLYEZ,1,2002-03-06,2,205.62
11362,ALFKI,1,2002-04-11,2,188.01
11363,SVGTT,2,2002-04-22,3,175.14
11364,RLXGK,8,2002-04-06,3,154.39
11365,DJSTV,6,2002-04-19,3,126.22
11366,SPPNZ,3,2002-04-08,1,95.93
11367,JJYFM,9,2002-04-07,1,60.66
11368,UAXMI,9,2002-04-16,2,232.33
11369,XLAVG,8,2002-04-25,2,112.83
11370,KFOGD,1,2002-04-12,3,72.69
11371,ALZAL,5,2002-04-11,3,115.63
11372,PFEIS,6,2002-04-21,1,34.98
11373,UAXMI,4,2002-04-25,3,7.59
11374,GBWAC,5,2002-04-02,3,160.0
11375,DJSTV,9,2002-04-21,3,189.47
11376,ALFKI,5,2002-05-27,1,104.71
11377,SVGTT,7,2002-05-13,2,24.81
11378,DTZKB,9,2002-05-23,1,77.02
11379,ZTSVE,4,2002-05-13,3,149.08
11380,PSNQQ,7,2002-05-23,1,86.89
11381,PLRKR,6,2002-05-01,1,206.2
11382,NXNXC,6,2002-05-04,3,110.96
11383,KIODW,2,2002-05-02,2,83.8
11384,CVUQF,1,2002-05-07,3,170.84
11385,SHRPR,5,2002-05-18,3,192.75
11386,UCGRS,5,2002-05-13,1,52.39
11387,JLWBL,8,2002-05-14,3,154.5
11388,KIWFL,4,2002-05-01,2,210.06
11389,TLYEZ,9,2002-05-05,2,55.43
11390,DFGYY,8,2002-05-27,3,27.17
11391,EMNVE,3,2002-06-05,1,201.35
11392,MXKGV,7,2002-06-24,2,61.93
11393,NXNXC,2,2002-06-18,3,49.11
11394,TWGGZ,2,2002-06-08,1,119.76
11395,MNXAG,8,2002-06-12,3,123.05
11396,MXDEI,4,2002-06-21,2,12.03
11397,TWGGZ,2,2002-06-07,2,198.68
11398,MYWSA,6,2002-06-03,3,97.88
11399,ALFKI,5,2002-07-01,1,158.63
11400,EIMER,2,2002-07-16,2,231.45
11401,GNWWW,3,2002-07-04,2,137.24
11402,PCKSN,8,2002-07-22,1,126.85
11403,HLHVL,2,2002-07-05,2,52.3
11404,KVIFE,8,2002-07-02,2,80.7
11405,GIJPO,6,2002-07-24,3,75.3
11406,ZPMLW,1,2002-07-12,1,203.23
11407,GIJPO,8,2002-07-13,2,80.06
11408,ETXRP,1,2002-07-02,2,160.79
11409,RBMPA,7,2002-07-11,3,151.0
11410,JEYCD,9,2002-07-19,2,73.48
11411,PFEIS,2,2002-07-16,1,73.81
11412,EUSVY,5,2002-07-20,2,133.46
11413,RTJFF,7,2002-07-21,1,124.72
11414,ALFKI,6,2002-08-12,1,197.1
11415,SVGTT,6,2002-08-09,1,111.25
11416,YWUSA,2,2002-08-03,1,166.95
11417,GIJPO,7,2002-08-03,3,42.7
11418,ALZAL,1,2002-08-09,1,248.54
11419,PCKSN,7,2002-08-05,3,18.01
11420,IWQPR,8,2002-08-03,2,86.59
11421,VYHBU,3,2002-08-16,1,223.56
11422,EIMER,1,2002-08-19,2,166.16
11423,QEFYE,7,2002-08-26,2,21.92
11424,VYHBU,9,2002-08-23,3,22.53
11425,OMRHM,2,2002-09-13,3,5.76
11426,DDOTR,7,2002-09-16,2,15.38
11427,KEHQT,3,2002-09-22,3,49.35
11428,AKZQT,5,2002-09-14,3,65.22
11429,GNWWW,7,2002-09-06,2,94.19
11430,SAWUR,7,2002-09-08,1,225.7
11431,IMETZ,3,2002-09-26,1,45.64
11432,SPPRI,9,2002-09-09,3,38.69
11433,ALFKI,7,2002-09-09,3,117.81
11434,JVTVC,1,2002-09-17,1,205.34
11435,SDLSY,9,2002-09-03,1,9.59
11436,ALFKI,8,2002-10-25,1,151.65
11437,KZCRH,2,2002-10-20,2,103.05
11438,JCWVH,8,2002-10-07,2,159.25
11439,HDHPW,6,2002-10-28,1,169.46
11440,YLWKF,8,2002-10-27,1,169.16
11441,GNWWW,8,2002-10-16,2,191.35
11442,EIMER,3,2002-10-27,1,140.1
11443,OUKVF,5,2002-10-07,2,193.94
11444,CVUQF,5,2002-10-14,3,234.47
11445,YDKXG,6,2002-10-09,2,121.68
11446,ALFKI,2,2002-11-11,3,20.61
11447,DKAUS,2,2002-11-11,3,218.35
11448,KIODW,7,2002-11-10,1,230.74
11449,BNFBU,4,2002-11-17,3,80.26
11450,PCOZG,1,2002-11-06,1,45.18
11451,OMRHM,4,2002-11-06,2,93.82
11452,GHUHP,4,2002-11-24,1,77.57
11453,ALPBF,5,2002-11-08,3,187.45
11454,POBYN,4,2002-11-10,3,9.47
11455,PSNQQ,9,2002-11-18,1,229.66
11456,TFXGR,7,2002-11-14,1,145.99
11457,HAQTM,1,2002-12-16,3,249.59
11458,RLXGK,3,2002-12-23,3,191.39
11459,SVGTT,1,2002-12-27,3,152.88
11460,MXDEI,4,2002-12-06,1,64.46
11461,ZMZNK,1,2002-12-05,1,149.43
11462,YUXHC,9,2002-12-12,3,114.25
11463,VLLAI,1,2002-12-23,1,164.33
11464,GQSFS,7,2002-12-26,2,237.18
11465,HDHPW,1,2002-12-25,3,18.62
11466,PUQHW,6,2002-12-26,1,122.47
11467,EUSVY,8,2002-12-19,2,161.16
11468,HIEWN,8,2002-12-24,1,124.11
11469,ALFKI,1,2003-01-21,1,84.23
11470,ZOXOL,5,2003-01-09,1,182.62
11471,FGLEI,3,2003-01-03,2,194.16
11472,HIEWN,8,2003-01-27,3,100.43
11473,OYUGL,2,2003-01-11,1,9.41
11474,XKTZQ,5,2003-01-11,3,177.37
11475,ALPBF,4,2003-01-28,2,25.56
11476,TCJVQ,1,2003-01-23,1,213.09
11477,AHYQD,5,2003-01-22,3,246.42
11478,RPWJE,2,2003-01-13,2,198.92
11479,QNFGQ,4,2003-01-12,2,204.73
11480,GBDKX,8,2003-01-03,1,36.65
11481,BOGAS,1,2003-01-15,3,30.32
11482,NDYSD,5,2003-01-28,2,159.08
11483,UQVLY,9,2003-01-05,3,200.92
11484,KZCRH,1,2003-01-21,3,24.8
11485,ALFKI,3,2003-02-01,2,235.22
11486,ZPMLW,4,2003-02-14,1,192.36
11487,TCJVQ,4,2003-02-24,2,243.43
11488,RNTHV,8,2003-02-17,1,217.8
11489,OUXAV,1,2003-02-18,2,50.82
11490,YDKXG,6,2003-02-22,2,233.57
11491,PUQHW,3,2003-02-20,2,186.1
11492,JEYCD,7,2003-02-04,1,45.4
11493,ZTSVE,2,2003-02-28,3,24.26
11494,SMORH,1,2003-03-14,2,172.59
11495,XVNBZ,2,2003-03-16,3,66.68
11496,PLRKR,3,2003-03-26,1,218.15
11497,KIODW,8,2003-03-26,2,43.09
11498,VYHBU,1,2003-03-22,2,37.52
11499,EDMNO,8,2003-03-10,2,243.31
11500,CFBZD,6,2003-03-02,3,37.26
11501,PFEIS,8,2003-03-03,3,156.82
11502,CFBZD,3,2003-03-20,3,217.21
11503,OYUGL,8,2003-03-09,2,58.25
11504,ALFKI,2,2003-04-08,3,193.22
11505,SHRPR,3,2003-04-24,1,135.0
11506,RBMPA,1,2003-04-13,1,20.62
11507,LPVQG,4,2003-04-19,3,32.0
11508,GHSFC,5,2003-04-19,1,78.63
11509,KFOGD,7,2003-04-09,1,197.19
11510,NXNXC,2,2003-04-20,3,171.63
11511,LPREO,6,2003-04-08,3,102.87
11512,XVNBZ,5,2003-04-15,2,84.31
11513,TFXGR,7,2003-04-24,1,29.72
11514,TLYEZ,3,2003-04-05,1,13.12
11515,GZJQE,3,2003-04-27,2,65.71
11516,ALFKI,8,2003-05-09,1,184.84
11517,TINQA,3,2003-05-25,1,198.55
11518,OELNJ,5,2003-05-24,3,59.02
11519,JEYCD,9,2003-05-14,3,118.76
11520,RPWJE,3,2003-05-16,1,172.61
11521,SMORH,6,2003-05-12,2,67.86
11522,XVNBZ,3,2003-05-16,2,202.63
11523,OAHDC,4,2003-05-14,2,99.39
11524,TINQA,9,2003-05-20,1,77.77
11525,ZOXOL,1,2003-05-26,2,248.08
11526,MZTXS,3,2003-05-27,3,141.51
11527,PLRKR,2,2003-05-22,3,50.4
11528,YVQCH,6,2003-05-02,3,47.91
11529,KHKRV,3,2003-05-23,1,218.12
11530,EDMNO,3,2003-06-15,3,63.1
11531,XXSWY,1,2003-06-05,1,224.67
11532,CSYLN,3,2003-06-10,1,201.45
11533,BNFBU,3,2003-06-14,3,58.31
11534,KBWLG,6,2003-06-14,1,136.99
11535,PLRKR,4,2003-06-20,3,144.89
11536,CKKWE,5,2003-06-19,2,228.58
11537,TINQA,1,2003-06-12,2,84.25
11538,CFBZD,5,2003-06-09,1,38.31
11539,ALFKI,5,2003-07-22,2,231.58
11540,SMORH,2,2003-07-23,3,75.68
11541,SMORH,9,2003-07-18,1,246.75
11542,KZCRH,1,2003-07-23,2,213.01
11543,YLWKF,5,2003-07-02,1,5.54
11544,MXKGV,6,2003-07-14,3,63.3
11545,LSKJL,8,2003-07-13,3,13.43
11546,XLAVG,5,2003-07-16,3,245.47
11547,LBUUY,7,2003-07-05,2,179.8
11548,ALFKI,4,2003-08-20,3,164.34
11549,AHYQD,5,2003-08-17,3,8.43
11550,PCOZG,8,2003-08-21,2,209.28
11551,POBYN,3,2003-08-07,2,241.26
11552,HAQTM,2,2003-08-26,1,106.24
11553,ESKGK,8,2003-08-24,1,161.91
11554,DDOTR,9,2003-08-17,1,23.83
11555,AEQYP,6,2003-08-20,1,147.26
11556,ETXRP,1,2003-08-13,1,116.23
11557,WZZOG,8,2003-08-25,1,217.81
11558,DXKIC,8,2003-08-16,1,33.95
11559,IEOWD,4,2003-09-19,2,168.66
11560,AHYQD,3,2003-09-21,1,101.14
11561,AKZQT,3,2003-09-07,1,107.77
11562,VBYNW,5,2003-09-26,2,89.08
11563,HOAFN,8,2003-09-01,3,94.39
11564,OUKVF,1,2003-09-14,3,165.39
11565,PZDII,8,2003-09-11,1,68.24
11566,ESKGK,4,2003-09-13,1,22.1
11567,ALFKI,5,2003-10-18,2,195.48
11568,DTZKB,4,2003-10-22,3,42.97
11569,DTZKB,1,2003-10-01,3,65.12
11570,QNFGQ,2,2003-10-24,1,43.45
11571,INWFA,7,2003-10-15,2,73.81
11572,SPPNZ,5,2003-10-20,1,126.98
11573,ZOXOL,6,2003-10-11,1,163.39
11574,XKTZQ,2,2003-10-12,3,236.95
11575,OUXAV,3,2003-10-14,1,211.54
11576,PZDII,1,2003-10-28,3,75.44
11577,ALFKI,7,2003-10-23,1,202.42
11578,HDHPW,1,2003-10-17,1,247.59
11579,SHRPR,5,2003-10-02,1,6.05
11580,OYUGL,5,2003-10-04,3,75.29
11581,GQSFS,3,2003-10-10,1,211.94
11582,ALFKI,3,2003-11-24,2,83.46
11583,DKAUS,5,2003-11-21,2,63.54
11584,EIMER,8,2003-11-18,2,182.01
11585,SVGTT,9,2003-11-23,1,224.79
11586,GEEGS,1,2003-11-23,2,184.28
11587,KFOGD,3,2003-11-22,3,208.68
11588,TKZGB,8,2003-11-05,1,14.61
11589,TKZGB,9,2003-11-03,3,162.3
11590,AMPEQ,5,2003-11-19,3,65.58
11591,EMNVE,4,2003-11-24,2,117.62
11592,MAPTB,1,2003-11-09,2,208.73
11593,KEHQT,1,2003-11-15,1,138.61
11594,JEYCD,4,2003-11-12,1,170.36
11595,ZMZNK,2,2003-11-18,3,152.9
11596,UCGRS,7,2003-11-17,1,244.1
11597,MAPTB,5,2003-12-09,3,121.28
11598,ONAMJ,1,2003-12-01,2,85.43
11599,JMUPQ,8,2003-12-10,2,60.95
11600,CVUQF,2,2003-12-13,2,158.64
11601,JVTVC,1,2003-12-24,2,138.27
11602,GZJQE,4,2003-12-25,1,11.94
11603,TOWCZ,2,2003-12-03,2,179.53
11604,SVGTT,1,2003-12-03,2,244.69
11605,KVIFE,1,2003-12-27,1,75.83
11606,BAQLL,6,2003-12-06,1,213.75
11607,IEOWD,1,2003-12-22,3,160.2
11608,MHXGD,7,2003-12-19,1,195.59
11609,OAHDC,8,2003-12-07,3,145.68
11610,ALFKI,2,2004-01-17,3,233.72
11611,IEOWD,3,2004-01-06,3,38.4
11612,RPWJE,7,2004-01-08,3,19.97
11613,WZZOG,5,2004-01-19,3,104.83
11614,HIEWN,2,2004-01-05,1,211.86
11615,XTUBQ,2,2004-01-26,2,84.98
11616,MYWSA,2,2004-01-05,3,136.56
11617,NXNXC,5,2004-01-02,3,182.74
11618,UCGRS,8,2004-01-07,2,215.15
11619,RTJFF,7,2004-01-21,3,234.82
11620,LBGIQ,2,2004-01-26,2,191.08
11621,ALFKI,9,2004-02-02,2,165.44
11622,UCGRS,9,2004-02-09,2,12.26
11623,AKZQT,8,2004-02-09,2,242.64
11624,XVNBZ,1,2004-02-02,3,44.6
11625,DTZKB,5,2004-02-03,3,115.46
11626,DDOTR,3,2004-02-08,1,137.16
11627,RNTHV,8,2004-02-01,3,153.77
11628,KVMJK,5,2004-02-17,1,129.35
11629,VEYUQ,9,2004-02-05,2,20.4
11630,GBDKX,4,2004-02-14,3,58.55
11631,FDCEW,4,2004-02-26,2,115.97
11632,XTUBQ,3,2004-02-06,1,245.22
11633,GHSFC,6,2004-02-04,2,25.13
11634,BNFBU,1,2004-02-24,2,50.76
11635,MYWSA,5,2004-02-02,1,206.98
11636,TLYEZ,2,2004-02-24,3,133.36
11637,UAXMI,9,2004-03-25,2,220.79
11638,AHYQD,4,2004-03-12,3,169.06
11639,RTJFF,8,2004-03-25,3,206.33
11640,HIVZZ,2,2004-03-25,1,225.68
11641,IWQPR,4,2004-03-04,1,56.37
11642,QJRQX,9,2004-03-02,3,226.55
11643,NOELM,9,2004-03-12,2,131.45
11644,DXKIC,2,2004-03-25,3,47.29
11645,DXKIC,8,2004-03-08,3,6.09
11646,SKSEF,1,2004-03-04,2,179.8
11647,ALFKI,6,2004-04-01,3,205.09
11648,OUXAV,8,2004-04-13,1,122.78
11649,SMORH,8,2004-04-09,1,107.58
11650,BAQLL,1,2004-04-25,3,59.69
11651,TRYSX,8,2004-04-27,1,166.48
11652,GHUHP,4,2004-04-15,3,218.28
11653,IMETZ,3,2004-04-17,2,25.04
11654,QDSIQ,3,2004-04-15,2,159.21
11655,WZZOG,1,2004-04-11,1,211.18
11656,IMETZ,6,2004-04-21,3,18.57
11657,RLXGK,2,2004-04-23,2,107.19
11658,RZMXB,4,2004-04-26,3,203.61
11659,ALFKI,8,2004-05-06,2,174.74
11660,HAQTM,8,2004-05-05,3,43.67
11661,PCOZG,3,2004-05-04,1,91.06
11662,ESKGK,4,2004-05-10,1,108.31
11663,ALPBF,7,2004-05-20,1,61.36
11664,PCOZG,9,2004-05-26,1,173.54
11665,GVOIG,1,2004-05-20,3,123.51
11666,YUXHC,4,2004-05-18,1,114.98
11667,RZMXB,1,2004-05-28,1,188.49
11668,KFOGD,7,2004-05-01,1,172.92
11669,YJAXX,1,2004-05-05,1,241.48
11670,XOJOS,4,2004-05-13,2,218.29
11671,FWOFX,6,2004-05-04,1,135.14
11672,VLLAI,2,2004-05-24,1,188.8
11673,EUSVY,8,2004-05-10,3,146.72
11674,RNTHV,3,2004-05-04,3,130.25
11675,BKURQ,5,2004-06-22,3,73.08
11676,YWUSA,2,2004-06-24,2,244.16
11677,XTUBQ,8,2004-06-03,3,38.06
11678,NOELM,6,2004-06-12,1,206.56
11679,UDJOJ,7,2004-06-03,1,96.01
11680,LBUUY,5,2004-06-07,2,194.31
11681,YWUSA,5,2004-06-05,3,209.34
11682,MHXGD,9,2004-06-19,2,68.12
11683,PZDII,5,2004-06-27,2,193.55
11684,MXKGV,2,2004-06-22,2,214.9
11685,BNFBU,2,2004-06-14,3,208.05
11686,KZCRH,4,2004-06-22,1,125.07
11687,MXDEI,1,2004-06-12,2,243.01
11688,YLWKF,2,2004-06-03,3,49.37
11689,MZTXS,6,2004-06-04,1,149.68
11690,HAQTM,9,2004-06-02,3,213.11
11691,ALFKI,2,2004-07-27,1,121.32
11692,SMLJL,9,2004-07-08,3,115.03
11693,KVMJK,9,2004-07-19,2,74.15
11694,CSYLN,7,2004-07-04,1,226.14
11695,RTJFF,2,2004-07-15,3,125.64
11696,HBKZL,9,2004-07-21,1,183.06
11697,GEEGS,2,2004-07-01,1,134.41
11698,DJSTV,1,2004-07-16,1,157.58
11699,IMETZ,2,2004-07-03,2,214.49
11700,VLLAI,2,2004-07-20,3,229.0
11701,HDHPW,1,2004-07-02,1,98.41
11702,CVUQF,9,2004-07-11,2,45.98
11703,LHTHA,4,2004-07-28,3,222.99
11704,HAQTM,7,2004-07-13,3,180.68
11705,MOYAF,8,2004-07-21,3,123.2
11706,ALFKI,2,2004-08-25,3,10.81
11707,PFEIS,6,2004-08-22,3,205.66
11708,KHKRV,8,2004-08-28,1,60.12
11709,PNUAE,8,2004-08-01,1,180.75
11710,ZOXOL,8,2004-08-21,3,137.79
11711,GQSFS,1,2004-08-01,2,248.9
11712,KVMJK,6,2004-08-03,2,83.82
11713,WMXST,6,2004-08-04,2,143.02
11714,QDSIQ,4,2004-08-28,3,164.88
11715,BOGAS,6,2004-08-21,2,149.68
11716,HLHVL,7,2004-08-02,3,237.51
11717,SPPNZ,1,2004-09-22,3,193.98
11718,TKZGB,6,2004-09-14,1,17.89
11719,RZMXB,9,2004-09-01,2,126.95
11720,OUKVF,7,2004-09-01,2,183.93
11721,ZTSVE,9,2004-09-18,3,10.06
11722,KEHQT,8,2004-09-09,1,132.36
11723,DFGYY,7,2004-09-04,1,173.78
11724,CKKWE,9,2004-09-17,1,19.67
11725,SKSEF,4,2004-09-22,1,236.72
11726,WMXST,2,2004-09-06,2,113.71
11727,YCHNL,2,2004-09-14,1,27.72
11728,LPREO,3,2004-09-19,2,52.12
11729,CKKWE,8,2004-09-16,1,94.11
11730,OBZUY,4,2004-09-14,3,203.67
11731,GHUHP,5,2004-09-16,3,200.18
11732,LSKJL,7,2004-09-26,2,114.5
11733,ALFKI,4,2004-10-19,1,55.1
11734,SHRPR,6,2004-10-14,1,65.78
11735,VYHBU,7,2004-10-01,3,64.59
11736,KFOGD,2,2004-10-12,1,32.31
11737,XKTZQ,9,2004-10-13,3,35.56
11738,JJYFM,5,2004-10-10,1,153.56
11739,QYLBO,3,2004-10-06,1,165.8
11740,TLYEZ,1,2004-10-26,1,122.66
11741,DTZKB,9,2004-10-13,3,109.85
11742,MZTXS,4,2004-10-24,1,105.96
11743,KIWFL,8,2004-10-27,1,153.28
11744,NGCTP,9,2004-10-04,1,242.11
11745,FFFYR,6,2004-10-22,2,236.24
11746,ALFKI,6,2004-11-07,2,172.35
11747,THSQN,2,2004-11-11,3,58.04
11748,LPCSB,8,2004-11-25,1,86.1
11749,HLHVL,3,2004-11-24,3,191.13
11750,HOAFN,3,2004-11-12,2,226.19
11751,TKZGB,4,2004-11-16,2,35.41
11752,PCKSN,7,2004-11-06,3,168.32
11753,SPPNZ,4,2004-11-03,1,147.24
11754,LSKJL,9,2004-11-19,1,174.1
11755,ZOXOL,4,2004-11-21,1,244.66
11756,UQVLY,2,2004-11-12,2,151.44
11757,RLXGK,9,2004-11-10,3,58.96
11758,HAWET,2,2004-12-05,1,148.73
11759,UCGRS,9,2004-12-19,1,6.18
11760,SGPZQ,1,2004-12-12,3,201.42
11761,KSFNV,8,2004-12-21,1,141.16
11762,GHUHP,9,2004-12-19,3,205.45
11763,SAWUR,3,2004-12-17,1,21.09
11764,EMNVE,3,2004-12-19,1,127.18
11765,KSFNV,7,2004-12-21,1,139.38
11766,CKKWE,1,2004-12-23,3,202.91
11767,UDJOJ,8,2004-12-24,3,231.19
11768,MIRTJ,5,2004-12-16,1,113.52
11769,KIODW,9,2004-12-07,2,202.87
11770,QNFGQ,7,2004-12-24,1,219.38
11771,PSNQQ,7,2004-12-20,2,20.46
11772,OYUGL,1,2004-12-24,3,145.43
11773,ALFKI,6,2005-01-26,2,194.63
11774,CVUQF,4,2005-01-02,1,230.8
11775,DDOTR,8,2005-01-28,2,82.29
11776,HBKZL,5,2005-01-13,3,123.91
11777,MXDEI,9,2005-01-28,1,7.04
11778,NOELM,7,2005-01-14,3,68.36
11779,XPVSE,6,2005-01-28,2,151.44
11780,SVGTT,3,2005-01-11,2,195.29
11781,HIVZZ,5,2005-01-28,2,161.62
11782,HOAFN,6,2005-01-13,1,33.88
11783,ETXRP,6,2005-01-08,1,194.49
11784,ALFKI,1,2005-02-20,2,42.83
11785,MIRTJ,7,2005-02-07,2,55.71
11786,GHUHP,4,2005-02-17,1,66.58
11787,NOELM,2,2005-02-25,1,112.28
11788,YCHNL,3,2005-02-22,2,39.45
11789,BAQLL,2,2005-02-18,2,162.8
11790,EMNVE,1,2005-02-06,2,78.36
11791,CFBZD,3,2005-02-16,1,207.62
11792,ORXPP,6,2005-03-02,3,42.22
11793,EMNVE,8,2005-03-04,1,128.01
11794,CVUQF,7,2005-03-03,3,73.03
11795,YVQCH,6,2005-03-10,3,83.54
11796,QJRQX,7,2005-03-03,1,101.04
11797,GHUHP,8,2005-03-24,3,182.43
11798,FJSFT,6,2005-03-21,1,198.76
11799,ETXRP,9,2005-03-09,3,248.36
11800,BAQLL,5,2005-03-05,1,200.8
11801,JCWVH,3,2005-03-25,2,207.24
11802,HAQTM,8,2005-03-27,3,5.71
11803,COJQZ,1,2005-03-21,2,74.74
11804,DFEOL,4,2005-03-05,3,219.68
11805,GHUHP,4,2005-03-25,3,155.22
11806,CSFEG,2,2005-03-08,3,14.03
11807,IJIGR,9,2005-03-23,3,216.42
11808,ALFKI,5,2005-04-11,1,69.17
11809,THSQN,4,2005-04-05,3,5.33
11810,XLAVG,8,2005-04-09,3,42.42
11811,HBKZL,5,2005-04-16,2,159.22
11812,QGHTL,2,2005-04-05,3,16.53
11813,OAHDC,9,2005-04-12,2,32.35
11814,COJQZ,5,2005-04-05,2,89.78
11815,OUKVF,4,2005-04-21,1,148.83
11816,CBNDM,8,2005-04-21,3,206.26
11817,GEEGS,6,2005-04-02,1,11.49
11818,XXSWY,4,2005-04-13,1,193.37
11819,XOJOS,9,2005-04-07,1,13.37
11820,XXSWY,7,2005-04-03,1,131.69
11821,PWGYK,4,2005-04-16,3,17.82
11822,ALFKI,9,2005-05-27,1,24.74
11823,AKZQT,2,2005-05-27,2,95.84
11824,MDMOQ,2,2005-05-07,1,128.84
11825,GVOIG,1,2005-05-15,3,231.97
11826,VYHBU,2,2005-05-27,1,244.85
11827,DDOTR,6,2005-05-13,2,53.15
11828,MEMFP,6,2005-05-15,2,5.59
11829,OMRHM,2,2005-05-16,3,159.02
11830,SDLSY,2,2005-05-11,2,180.18
11831,JVTVC,4,2005-05-10,1,28.55
11832,UCGRS,2,2005-05-10,3,239.58
11833,OUXAV,6,2005-06-17,2,248.97
11834,KSFNV,2,2005-06-06,3,80.12
11835,CVUQF,2,2005-06-09,3,144.13
11836,UQVLY,4,2005-06-26,2,238.84
11837,COJQZ,4,2005-06-15,3,157.74
11838,FNDZJ,7,2005-06-27,3,240.18
11839,LPCSB,2,2005-06-16,1,176.87
11840,MEMFP,6,2005-06-22,3,169.18
11841,CBNDM,5,2005-06-28,2,167.91
11842,WSEBX,3,2005-06-06,2,139.02
11843,ALFKI,1,2005-07-01,2,75.93
11844,GQSFS,9,2005-07-12,3,194.29
11845,DFEOL,5,2005-07-15,1,45.79
11846,FNDZJ,4,2005-07-01,1,21.22
11847,CLYBE,4,2005-07-15,2,143.22
11848,WZZOG,7,2005-07-13,3,150.97
11849,OBZUY,9,2005-07-14,1,197.09
11850,DFEOL,1,2005-07-23,1,235.39
11851,NOELM,1,2005-07-17,3,125.59
11852,ALFKI,4,2005-08-15,2,102.43
11853,DTZKB,5,2005-08-09,3,150.12
11854,DDOTR,6,2005-08-26,1,84.39
11855,LBUUY,9,2005-08-27,1,50.16
11856,MXKGV,5,2005-08-06,3,205.71
11857,TRYSX,8,2005-08-12,1,41.55
11858,HAQTM,3,2005-08-27,1,92.89
11859,PWGYK,9,2005-08-18,2,49.02
11860,MXKGV,7,2005-08-18,2,159.57
11861,JTDYX,7,2005-08-24,2,40.24
11862,JXNIV,5,2005-08-05,2,124.88
11863,FNDZJ,3,2005-08-19,1,137.13
11864,BNYBJ,6,2005-08-01,3,154.34
11865,TINQA,6,2005-09-12,3,222.45
11866,TCJVQ,9,2005-09-07,2,220.73
11867,NOELM,1,2005-09-22,3,33.54
11868,YCHNL,3,2005-09-22,2,182.29
11869,FGLEI,9,2005-09-22,1,69.73
11870,MEMFP,7,2005-09-02,2,179.17
11871,QEFYE,3,2005-09-26,2,212.57
11872,MYVXC,9,2005-09-13,2,79.55
11873,NGCTP,5,2005-09-07,1,124.14
11874,GHSFC,5,2005-09-10,2,53.57
11875,CFXGH,7,2005-09-06,1,223.76
11876,AHYQD,5,2005-09-20,1,177.02
11877,SKSEF,3,2005-09-06,2,10.29
11878,ALFKI,1,2005-10-20,2,7.47
11879,RLXGK,1,2005-10-28,2,230.75
11880,KVIFE,3,2005-10-13,2,153.23
11881,IWQPR,8,2005-10-24,3,133.22
11882,OBZUY,4,2005-10-26,1,185.69
11883,ZLZHX,6,2005-10-02,3,124.64
11884,AOGJM,2,2005-10-23,2,116.25
11885,ALPBF,5,2005-10-11,3,124.31
11886,ALFKI,7,2005-11-20,2,31.03
11887,PYDDY,2,2005-11-04,2,187.36
11888,RPWJE,7,2005-11-27,3,162.63
11889,ZTSVE,1,2005-11-11,1,118.21
11890,GVNBB,9,2005-11-01,3,46.84
11891,SKSEF,6,2005-11-15,2,180.58
11892,VLLAI,7,2005-11-08,3,34.36
11893,TYMYS,5,2005-11-06,3,96.0
11894,PCOZG,3,2005-11-24,2,14.29
11895,BKURQ,7,2005-11-08,2,49.91
11896,TWGGZ,8,2005-12-04,3,61.21
11897,FWOFX,4,2005-12-19,3,84.45
11898,BOGAS,5,2005-12-13,2,142.59
11899,ZTSVE,9,2005-12-19,3,73.91
11900,JEYCD,9,2005-12-13,2,197.88
11901,COJQZ,7,2005-12-12,2,80.51
11902,CSFEG,6,2005-12-05,3,73.04
11903,IJIGR,6,2005-12-13,2,232.31
11904,CFXGH,5,2005-12-07,1,80.73
11905,OUKVF,7,2005-12-02,2,61.64
11906,SPPRI,8,2005-12-23,2,104.5
11907,YLWKF,4,2005-12-22,1,219.59
11908,IWQPR,3,2005-12-02,2,202.41
11909,ALFKI,1,2006-01-01,1,219.69
11910,FDCEW,1,2006-01-10,3,127.38
11911,TLYEZ,7,2006-01-22,3,128.77
11912,XVNBZ,8,2006-01-01,1,245.16
11913,HOAFN,4,2006-01-23,2,235.55
11914,TINQA,4,2006-01-01,3,220.95
11915,YDKXG,1,2006-01-08,2,7.54
11916,MOYAF,1,2006-01-13,1,48.67
11917,VEYUQ,9,2006-01-10,2,215.17
11918,BHJHW,6,2006-01-12,2,192.91
11919,VBTNL,7,2006-01-25,3,137.98
11920,JEYCD,1,2006-01-24,2,45.41
11921,DIJBL,3,2006-01-15,2,172.04
11922,ALFKI,4,2006-02-08,1,122.28
11923,PYDDY,6,2006-02-22,3,159.62
11924,XVNBZ,8,2006-02-06,1,150.03
11925,EDMNO,6,2006-02-25,1,219.79
11926,EIMER,1,2006-02-11,1,34.09
11927,KVMJK,8,2006-02-04,2,15.97
11928,JEYCD,3,2006-02-28,3,181.01
11929,TCJVQ,9,2006-02-28,3,119.02
11930,PFEIS,7,2006-02-10,3,19.34
11931,KZCRH,2,2006-02-21,3,167.26
11932,YLWKF,2,2006-02-15,2,166.63
11933,JJYFM,5,2006-02-19,1,129.23
11934,HAWET,9,2006-02-14,1,177.18
11935,WSEBX,6,2006-02-27,3,78.78
11936,AROUT,3,2006-02-07,1,38.14
11937,VYHBU,2,2006-03-27,1,151.46
11938,PSZOY,4,2006-03-21,1,19.26
11939,PFEIS,2,2006-03-13,3,216.38
11940,AHYQD,1,2006-03-24,3,126.13
11941,NWRRN,3,2006-03-14,2,174.82
11942,MXDEI,8,2006-03-10,1,63.96
11943,TWGGZ,6,2006-03-20,3,220.2
11944,SKSEF,2,2006-03-22,2,145.03
11945,DTZKB,3,2006-03-22,1,86.23
11946,LSKJL,4,2006-03-23,2,210.16
11947,LPREO,7,2006-03-16,2,162.28
11948,SKSEF,2,2006-03-07,2,14.54
11949,ONAMJ,9,2006-03-01,3,233.3
11950,DWIDV,7,2006-03-13,3,54.31
11951,QEFYE,6,2006-03-09,3,177.33
11952,KIWFL,8,2006-03-19,1,63.36
11953,ALFKI,5,2006-04-03,3,224.22
11954,MHXGD,7,2006-04-01,3,185.1
11955,AHYQD,3,2006-04-03,3,168.39
11956,LSKJL,9,2006-04-21,2,187.82
11957,DJSTV,4,2006-04-24,3,75.31
11958,AOGJM,5,2006-04-06,1,214.3
11959,TKZGB,1,2006-04-26,3,42.14
11960,GNWWW,6,2006-04-27,3,50.17
11961,UAXMI,4,2006-04-16,3,102.89
11962,ALZAL,1,2006-04-08,1,147.09
11963,FWHII,7,2006-04-16,3,163.54
11964,ALFKI,2,2006-05-19,3,50.67
11965,TINQA,2,2006-05-11,1,237.52
11966,KZCRH,3,2006-05-11,2,68.71
11967,TCJVQ,3,2006-05-26,3,101.78
11968,KIWFL,8,2006-05-16,1,237.69
11969,FWHII,6,2006-05-07,3,18.45
11970,IWQPR,2,2006-05-02,1,206.3
11971,LPCSB,1,2006-05-15,2,55.27
11972,SVGTT,4,2006-05-05,1,25.47
11973,LPVQG,5,2006-05-04,1,131.67
11974,INWFA,4,2006-05-21,3,57.71
11975,TKZGB,4,2006-06-10,1,101.26
11976,FWOFX,2,2006-06-08,3,165.84
11977,DJSTV,9,2006-06-14,3,174.18
11978,XLAVG,6,2006-06-14,3,53.55
11979,LPVQG,7,2006-06-27,3,130.13
11980,BNFBU,7,2006-06-11,1,220.8
11981,ZPMLW,6,2006-06-20,3,48.98
11982,HAWET,9,2006-06-06,2,63.41
11983,DFGYY,6,2006-06-23,3,52.67
11984,ALFKI,2,2006-07-05,2,48.03
11985,LPREO,1,2006-07-14,2,194.41
11986,VTJBP,4,2006-07-03,1,84.6
11987,LHTHA,3,2006-07-06,1,204.59
11988,GIJPO,9,2006-07-26,3,28.9
11989,FWOFX,3,2006-07-04,1,121.24
11990,NGCTP,4,2006-07-10,1,30.5
11991,RBMPA,7,2006-07-08,2,25.96
11992,ALFKI,3,2006-08-20,3,246.06
11993,OELNJ,5,2006-08-07,1,164.18
11994,VRCXB,7,2006-08-18,1,24.18
11995,ORDDL,7,2006-08-02,3,187.23
11996,VHQKB,2,2006-08-12,1,129.26
11997,ESKGK,3,2006-08-17,3,202.89
11998,NDYSD,7,2006-08-10,3,169.97
11999,UUHQZ,5,2006-08-11,2,39.69
12000,NDYSD,3,2006-08-07,3,185.66
12001,EMNVE,9,2006-08-24,2,240.72
12002,CKKWE,5,2006-08-28,3,26.33
12003,UDJOJ,1,2006-08-12,3,115.05
12004,CKKWE,2,2006-08-13,2,180.16
12005,FFFYR,7,2006-08-16,2,227.13
12006,TFXGR,9,2006-09-05,2,129.28
12007,GVNBB,3,2006-09-09,3,117.13
12008,CCCHN,9,2006-09-07,2,81.58
12009,ZOXOL,7,2006-09-07,1,228.52
12010,GHSFC,5,2006-09-19,1,182.82
12011,TLYEZ,2,2006-09-08,2,126.53
12012,VBYNW,1,2006-09-15,2,149.28
12013,MYWSA,8,2006-09-01,3,31.83
12014,DGSNV,1,2006-09-25,1,162.83
12015,FMMRL,8,2006-09-26,3,28.68
12016,FGLEI,3,2006-09-22,1,196.96
12017,PWGYK,7,2006-09-12,3,175.95
12018,EMNVE,2,2006-09-25,1,163.16
12019,EIMER,1,2006-09-26,3,74.61
12020,SDLSY,2,2006-09-22,1,35.98
12021,ALFKI,4,2006-10-26,3,133.87
12022,TFXGR,8,2006-10-10,2,24.94
12023,ULXRA,5,2006-10-04,1,29.96
12024,JTDYX,3,2006-10-21,2,141.15
12025,VXJHA,3,2006-10-01,1,29.27
12026,CCCHN,8,2006-10-20,2,248.11
12027,PUQHW,8,2006-10-18,1,158.5
12028,OYUGL,3,2006-10-10,1,208.77
12029,NDYSD,3,2006-10-16,2,248.21
12030,UQVLY,6,2006-10-10,2,161.13
12031,BZYMS,6,2006-10-04,1,222.12
12032,ALPBF,2,2006-10-19,1,5.61
12033,GIJPO,8,2006-10-19,3,236.63
12034,IJIGR,3,2006-10-01,1,119.37
12035,NGCTP,7,2006-10-21,3,54.87
12036,ALFKI,7,2006-11-18,1,203.11
12037,LPCSB,7,2006-11-16,1,143.88
12038,XXSWY,6,2006-11-11,2,162.74
12039,ALFKI,1,2006-11-25,2,244.81
12040,KVIFE,5,2006-11-11,3,239.54
12041,ORDDL,7,2006-11-26,2,185.52
12042,JMUPQ,5,2006-11-15,1,87.18
12043,YNUTD,9,2006-11-25,3,239.72
12044,MOYAF,2,2006-11-07,2,130.26
12045,AOGJM,8,2006-11-06,2,40.52
12046,MIBJV,1,2006-11-04,1,6.3
12047,VHQKB,2,2006-11-20,1,12.84
12048,KZCRH,2,2006-12-02,3,154.23
12049,ULXRA,9,2006-12-09,3,38.15
12050,ETXRP,7,2006-12-25,3,63.33
12051,PYDDY,6,2006-12-09,3,20.67
12052,UQVLY,4,2006-12-16,1,72.32
12053,UCGRS,7,2006-12-19,1,217.22
12054,ZPMLW,3,2006-12-23,3,209.31
12055,FMMRL,1,2006-12-01,1,55.21
12056,QVYOW,2,2006-12-09,2,245.13
12057,DXKIC,2,2006-12-03,1,192.19
12058,OMRHM,9,2006-12-11,2,65.28
12059,ALFKI,6,2007-01-25,2,197.38
12060,JXNIV,1,2007-01-21,1,74.05
12061,FLETF,4,2007-01-25,2,174.13
12062,QDSIQ,5,2007-01-06,3,95.33
12063,JMONJ,4,2007-01-16,3,189.23
12064,DFEOL,2,2007-01-09,2,5.65
12065,KIWFL,6,2007-01-05,1,203.08
12066,GBWAC,8,2007-01-24,2,179.17
12067,GBDKX,5,2007-01-23,1,67.0
12068,OUKVF,7,2007-01-03,1,237.92
12069,ORDDL,4,2007-01-27,2,160.39
12070,JVTVC,3,2007-01-08,3,91.29
12071,ALFKI,6,2007-02-19,1,97.95
12072,EPYTU,1,2007-02-21,1,152.36
12073,ZYHVE,6,2007-02-01,3,186.07
12074,DIJBL,7,2007-02-12,3,68.6
12075,WMXST,1,2007-02-17,3,11.47
12076,THSQN,7,2007-02-03,2,83.77
12077,MYVXC,4,2007-02-13,2,64.87
12078,WBBZO,3,2007-02-19,3,36.75
12079,ETXRP,5,2007-02-19,2,139.22
12080,CFBZD,9,2007-02-14,3,32.45
12081,FJSFT,9,2007-02-20,3,96.58
12082,GZJQE,3,2007-02-03,3,14.46
12083,GQSFS,4,2007-03-08,3,180.53
12084,KFOGD,3,2007-03-01,3,125.01
12085,JLWBL,5,2007-03-15,3,153.57
12086,UDJOJ,5,2007-03-04,2,225.06
12087,SVGTT,8,2007-03-23,1,183.15
12088,ZXSXD,8,2007-03-25,1,159.47
12089,ALFKI,2,2007-03-24,1,129.76
12090,NHZWD,7,2007-03-12,2,124.84
12091,ALFKI,5,2007-04-24,1,154.87
12092,QEFYE,2,2007-04-16,1,240.69
12093,JLWBL,9,2007-04-03,1,18.09
12094,JXNIV,8,2007-04-24,3,176.38
12095,NDYSD,3,2007-04-16,2,95.14
12096,OUKVF,8,2007-04-06,3,112.44
12097,ALZAL,2,2007-04-16,3,129.99
12098,MNXAG,9,2007-04-11,3,131.97
12099,ABYOA,7,2007-04-24,1,210.16
12100,ALFKI,1,2007-05-23,1,87.71
12101,YJAXX,8,2007-05-08,2,211.88
12102,AOYNN,6,2007-05-20,3,219.11
12103,MOYAF,5,2007-05-22,1,34.19
12104,SVGTT,6,2007-05-27,2,175.22
12105,IWQPR,3,2007-05-21,3,42.65
12106,UUHQZ,7,2007-05-24,3,81.62
12107,WMXST,1,2007-05-01,1,133.98
12108,HAQTM,8,2007-05-19,3,72.06
12109,UWGXB,6,2007-05-05,1,136.89
12110,KHKRV,4,2007-05-12,2,41.31
12111,RBMPA,1,2007-05-04,3,52.22
12112,GYDMQ,7,2007-05-06,3,105.47
12113,PYJLS,4,2007-05-10,2,155.53
12114,EMNVE,8,2007-05-03,2,230.08
12115,VHQKB,3,2007-05-12,2,39.86
12116,VTJBP,1,2007-06-09,1,241.81
12117,HIVZZ,9,2007-06-08,3,217.2
12118,SHRWN,5,2007-06-07,3,35.01
12119,BDOUG,3,2007-06-10,2,61.82
12120,OELNJ,4,2007-06-25,3,191.98
12121,ALFKI,8,2007-06-26,2,238.89
12122,PCKSN,4,2007-06-24,2,192.72
12123,JMUPQ,9,2007-06-13,2,7.33
12124,TLYEZ,3,2007-06-02,3,117.77
12125,GVOIG,5,2007-06-18,2,138.98
12126,IEOWD,7,2007-06-07,2,198.78
12127,KIWFL,6,2007-06-01,1,195.34
12128,TYMYS,4,2007-06-25,2,114.02
12129,DWIDV,1,2007-06-03,3,187.66
12130,RLXGK,3,2007-06-13,1,219.8
12131,ALFKI,2,2007-07-17,2,241.29
12132,RBMPA,8,2007-07-25,2,17.85
12133,RPHVQ,8,2007-07-08,1,167.73
12134,NHZWD,6,2007-07-16,3,66.86
12135,GIJPO,2,2007-07-06,1,248.51
12136,BZYMS,4,2007-07-10,2,156.78
12137,WVGUX,8,2007-07-05,3,28.8
12138,LHTHA,6,2007-07-01,1,17.8
12139,ALFKI,1,2007-08-20,2,83.83
12140,POBYN,7,2007-08-26,2,119.89
12141,FWOFX,9,2007-08-18,3,162.86
12142,QGQSJ,2,2007-08-14,3,140.05
12143,PYJLS,4,2007-08-18,3,145.54
12144,MDMOQ,4,2007-08-09,2,241.84
12145,VLLAI,4,2007-08-06,3,105.08
12146,GBWAC,6,2007-08-23,2,236.28
12147,MZTXS,1,2007-08-25,1,128.29
12148,ZYHVE,4,2007-08-20,2,114.08
12149,MYWSA,5,2007-08-24,1,171.51
12150,MYVXC,1,2007-08-04,1,208.09
12151,KVMJK,9,2007-08-07,2,150.94
12152,AMPEQ,3,2007-08-01,1,8.76
12153,ZTSVE,5,2007-09-01,1,245.66
12154,VRCXB,6,2007-09-06,2,146.78
12155,XKTZQ,2,2007-09-18,2,244.06
12156,GBWAC,3,2007-09-09,2,96.64
12157,BOGAS,2,2007-09-16,1,248.81
12158,VEYUQ,1,2007-09-16,3,238.75
12159,ULXRA,2,2007-09-24,1,12.44
12160,GHUHP,1,2007-09-08,3,248.65
12161,FJSFT,1,2007-09-21,2,234.03
12162,RBMPA,4,2007-09-18,2,53.09
12163,ORXPP,2,2007-09-27,1,135.14
12164,RTSEZ,1,2007-09-20,3,235.57
12165,LPVQG,1,2007-09-01,1,206.42
12166,KZCRH,3,2007-09-22,2,212.96
12167,ALFKI,9,2007-10-26,3,34.82
12168,XTUBQ,7,2007-10-20,1,92.88
12169,QJRQX,1,2007-10-17,2,234.93
12170,UAXMI,3,2007-10-13,3,12.85
12171,RNTHV,1,2007-10-10,2,93.09
12172,MIBJV,1,2007-10-05,1,89.69
12173,CFBZD,9,2007-10-02,3,189.35
12174,GQSFS,2,2007-10-27,1,108.35
12175,AROUT,8,2007-10-20,3,175.43
12176,UQVLY,9,2007-10-14,1,133.21
12177,YDKXG,6,2007-10-02,1,91.26
12178,XVNBZ,1,2007-10-22,1,235.85
12179,VBTNL,7,2007-10-24,2,228.97
12180,ALFKI,1,2007-11-07,1,142.43
12181,POBYN,8,2007-11-22,3,162.96
12182,ORXPP,5,2007-11-03,2,148.17
12183,DIJBL,1,2007-11-13,2,66.26
12184,PSZOY,6,2007-11-16,3,29.75
12185,TOWCZ,6,2007-11-22,2,45.94
12186,MXDEI,6,2007-11-10,3,157.84
12187,QVYOW,4,2007-11-21,1,126.52
12188,DFGYY,5,2007-11-08,3,238.82
12189,QGQSJ,7,2007-11-19,3,215.1
12190,CLYBE,9,2007-11-25,1,26.25
12191,VBTNL,1,2007-11-23,3,10.11
12192,KFOGD,7,2007-11-25,1,83.57
12193,ALPBF,9,2007-11-27,3,163.05
12194,YNUTD,2,2007-11-18,1,87.24
12195,MZTXS,5,2007-12-10,1,124.53
12196,MDMOQ,7,2007-12-14,3,23.87
12197,ULXRA,1,2007-12-18,1,57.33
12198,IMETZ,9,2007-12-16,1,210.76
12199,GQSFS,6,2007-12-13,3,244.76
12200,EOAED,7,2007-12-25,1,232.24
12201,XTUBQ,3,2007-12-17,3,160.91
12202,SGPZQ,6,2007-12-23,1,84.84
12203,FWHII,2,2007-12-16,2,84.64
12204,FJSFT,6,2007-12-11,2,12.41
12205,VRCXB,7,2007-12-19,1,51.83
12206,KHKRV,4,2007-12-02,1,202.25
12207,ZTSVE,5,2007-12-10,3,187.6
12208,SGPZQ,2,2007-12-21,2,190.07
12209,ALFKI,4,2008-01-12,2,201.41
12210,WPBNO,9,2008-01-08,1,103.33
12211,YNTPM,9,2008-01-01,1,180.12
12212,XVNBZ,1,2008-01-26,2,156.53
12213,ESKGK,7,2008-01-07,2,201.21
12214,MDMOQ,1,2008-01-15,3,173.91
12215,ZOXOL,3,2008-01-06,3,81.36
12216,LPREO,4,2008-01-12,2,144.49
12217,ALFKI,6,2008-02-09,2,96.21
12218,UQVLY,2,2008-02-11,1,39.75
12219,FDCEW,1,2008-02-19,3,55.94
12220,TRYSX,6,2008-02-21,3,14.71
12221,FNDZJ,6,2008-02-25,3,196.36
12222,XOJOS,8,2008-02-15,3,235.24
12223,SPPRI,3,2008-02-26,2,137.51
12224,KIODW,4,2008-02-27,2,20.66
12225,KEHQT,4,2008-02-05,3,201.73
12226,NGCTP,9,2008-02-13,1,136.66
12227,BZYMS,3,2008-02-09,3,247.59
12228,PFEIS,4,2008-02-26,2,200.32
12229,MAPTB,9,2008-02-09,1,185.61
12230,HDHPW,4,2008-02-01,2,165.46
12231,SDYVG,1,2008-02-17,1,63.72
12232,LBUUY,5,2008-02-11,1,226.06
12233,MOYAF,4,2008-03-25,3,25.21
12234,WMXST,9,2008-03-25,2,60.61
12235,ORDDL,1,2008-03-22,1,105.64
12236,IPGHZ,7,2008-03-24,3,235.4
12237,YCHNL,9,2008-03-03,3,71.98
12238,PSZOY,1,2008-03-19,2,133.28
12239,BNYBJ,2,2008-03-18,3,235.8
12240,YUXHC,4,2008-03-20,1,83.65
12241,ULXRA,9,2008-03-11,3,249.9
12242,ALFKI,3,2008-04-22,3,231.78
12243,YDKXG,5,2008-04-10,2,127.39
12244,CFBZD,6,2008-04-11,1,29.63
12245,OMVCV,7,2008-04-02,3,18.06
12246,MIRTJ,6,2008-04-17,1,169.12
12247,VXJHA,3,2008-04-24,3,187.54
12248,DFEOL,2,2008-04-07,1,192.0
12249,PCKSN,7,2008-04-22,1,163.25
12250,WMXST,8,2008-04-06,3,122.78
12251,NDYSD,9,2008-04-06,3,37.33
12252,SMLJL,5,2008-04-04,3,208.09
12253,MAPTB,3,2008-04-20,2,22.87
12254,YDKXG,1,2008-04-02,2,24.68
12255,FWHII,1,2008-04-04,2,126.93
12256,XOJOS,8,2008-04-15,1,215.33
12257,TINQA,4,2008-04-28,1,118.94
12258,ALFKI,4,2008-05-17,2,109.44
12259,PCOZG,3,2008-05-20,2,102.41
12260,CBNDM,7,2008-05-18,1,26.66
12261,VYHBU,2,2008-05-25,1,169.48
12262,CJNGS,9,2008-05-11,1,33.77
12263,ZLZHX,3,2008-05-09,2,97.56
12264,JVTVC,9,2008-05-24,2,23.69
12265,SGTEY,4,2008-05-18,2,64.83
12266,BNFBU,2,2008-05-23,2,162.34
12267,PUQHW,2,2008-05-19,1,246.17
12268,RPHVQ,4,2008-05-23,2,43.05
12269,EOAED,6,2008-05-09,2,192.74
12270,SPPRI,4,2008-05-13,2,55.04
12271,FFFYR,8,2008-05-25,1,27.17
12272,OBZUY,3,2008-06-08,3,237.23
12273,QNFGQ,4,2008-06-17,1,83.81
12274,VYHBU,4,2008-06-12,3,131.16
12275,NWRRN,1,2008-06-16,2,81.85
12276,MDMOQ,2,2008-06-12,1,230.57
12277,SDYVG,8,2008-06-08,2,116.66
12278,TCJVQ,5,2008-06-21,2,11.43
12279,RPWJE,4,2008-06-11,3,245.18
12280,GZJQE,5,2008-06-03,1,186.11
12281,AEQYP,4,2008-06-03,1,53.16
12282,UCGRS,9,2008-06-05,2,112.15
12283,SRKFV,2,2008-06-19,3,71.18
12284,DFGYY,8,2008-06-15,1,248.45
12285,EUSVY,3,2008-06-18,3,8.54
12286,JYAMY,3,2008-06-22,1,131.96
12287,ALFKI,8,2008-07-06,2,42.18
12288,BNBPZ,2,2008-07-15,2,87.36
12289,UQVLY,9,2008-07-06,1,56.61
12290,UDJOJ,7,2008-07-28,1,136.31
12291,NWRRN,2,2008-07-06,3,22.16
12292,AOYNN,8,2008-07-01,3,217.89
12293,JLWBL,6,2008-07-23,3,204.83
12294,ORDDL,4,2008-07-18,1,165.24
12295,EIMER,2,2008-07-23,3,147.14
12296,SMLJL,4,2008-07-23,2,112.0
12297,RPHVQ,2,2008-07-08,2,92.72
12298,AEQYP,6,2008-07-07,1,193.77
12299,ALFKI,1,2008-08-16,2,239.37
12300,DJSTV,7,2008-08-14,2,65.23
12301,DTZKB,2,2008-08-27,1,219.22
12302,PNUAE,3,2008-08-12,1,182.9
12303,IWQPR,5,2008-08-23,3,85.15
12304,RBMPA,8,2008-08-28,2,96.08
12305,EIMER,3,2008-08-11,1,116.8
12306,PSNQQ,7,2008-08-13,1,114.53
12307,QEFYE,5,2008-08-02,2,61.29
12308,LPCSB,7,2008-08-11,1,226.08
12309,SMLJL,4,2008-08-03,1,169.82
12310,PWAVD,4,2008-08-05,1,237.37
12311,GBWAC,4,2008-08-24,3,140.61
12312,TKZGB,4,2008-08-15,1,171.84
12313,PWGYK,8,2008-08-14,3,180.37
12314,JJYFM,5,2008-08-15,2,195.02
12315,YLWKF,3,2008-09-28,3,136.24
12316,VHNYP,6,2008-09-11,1,36.37
12317,PYDDY,2,2008-09-16,3,82.93
12318,PYJLS,4,2008-09-06,3,153.09
12319,SPPRI,8,2008-09-23,2,178.21
12320,VXJHA,3,2008-09-11,1,154.84
12321,GHSFC,8,2008-09-22,1,129.76
12322,VRCXB,5,2008-09-10,3,151.99
12323,PFEIS,1,2008-09-07,2,195.41
12324,ZOXOL,5,2008-09-21,1,71.74
12325,ALFKI,9,2008-10-03,1,176.65
12326,ODQBE,9,2008-10-10,2,149.95
12327,INWFA,8,2008-10-04,3,63.91
12328,CKKWE,4,2008-10-06,2,161.33
12329,WHCAA,4,2008-10-25,2,232.06
12330,PALWN,7,2008-10-13,3,7.28
12331,VHNYP,9,2008-10-14,1,153.9
12332,YVQCH,6,2008-10-10,1,33.97
12333,LPCSB,6,2008-10-05,1,238.64
12334,UCGRS,2,2008-10-19,3,50.89
12335,RTJFF,4,2008-10-12,2,147.87
12336,ALFKI,1,2008-11-27,3,175.36
12337,VLLAI,6,2008-11-27,3,172.16
12338,BDOUG,7,2008-11-27,2,6.55
12339,PYDDY,4,2008-11-06,1,86.11
12340,PWAVD,6,2008-11-03,3,177.95
12341,YNTPM,3,2008-11-01,1,243.35
12342,VPTMC,6,2008-11-16,2,50.43
12343,PWGYK,7,2008-11-26,2,30.55
12344,KIWFL,8,2008-11-22,3,192.23
12345,IPGHZ,2,2008-11-16,1,206.52
12346,ODQBE,8,2008-11-27,3,6.05
12347,KFOGD,2,2008-11-25,1,73.13
12348,ESKGK,1,2008-11-08,3,12.59
12349,CFBZD,1,2008-11-09,2,157.17
12350,DSILU,2,2008-11-02,1,152.45
12351,IJIGR,5,2008-12-10,2,206.87
12352,UWGXB,1,2008-12-13,1,15.84
12353,JVTVC,6,2008-12-16,3,166.21
12354,THSQN,4,2008-12-15,3,142.79
12355,SAWUR,9,2008-12-23,1,208.9
12356,ZTSVE,8,2008-12-10,3,94.21
12357,RPHVQ,6,2008-12-22,2,120.63
12358,WVGUX,6,2008-12-24,2,111.17
12359,PUQHW,4,2008-12-21,1,18.06
12360,XOJOS,3,2008-12-20,2,161.69
12361,SDYVG,9,2008-12-15,1,46.64
12362,UQVLY,7,2008-12-10,3,113.97
12363,ALFKI,1,2009-01-20,2,97.06
12364,UQVLY,3,2009-01-14,2,233.67
12365,OUKVF,3,2009-01-08,2,227.1
12366,UCGRS,5,2009-01-25,3,107.86
12367,VBTNL,6,2009-01-04,3,197.95
12368,SMORH,4,2009-01-01,1,126.93
12369,LBGIQ,4,2009-01-15,1,62.94
12370,NOELM,7,2009-01-08,1,168.38
12371,KVMJK,6,2009-01-13,3,223.25
12372,VRCXB,5,2009-01-10,3,100.55
12373,GQSFS,2,2009-01-19,1,77.11
12374,DXZWS,2,2009-01-24,2,19.21
12375,KHKRV,3,2009-01-14,3,42.78
12376,ALFKI,3,2009-02-26,2,18.65
12377,HLHVL,2,2009-02-06,1,110.23
12378,ONAMJ,6,2009-02-24,1,79.98
12379,XITAS,1,2009-02-15,2,198.37
12380,CKKWE,4,2009-02-14,2,134.53
12381,MZTXS,4,2009-02-03,3,191.67
12382,GVNBB,3,2009-02-10,1,23.64
12383,HGUIL,1,2009-02-02,3,100.34
12384,XXSWY,5,2009-02-15,2,222.07
12385,BOGAS,5,2009-02-18,1,26.74
12386,SRKFV,7,2009-02-24,1,36.61
12387,MIBJV,7,2009-02-15,3,18.02
12388,EDMNO,2,2009-03-25,2,139.48
12389,GHSFC,4,2009-03-26,3,89.51
12390,PLRKR,7,2009-03-06,2,170.68
12391,KHKRV,5,2009-03-10,1,188.66
12392,AEQYP,7,2009-03-11,1,203.85
12393,GHUHP,6,2009-03-05,1,20.45
12394,ULXRA,7,2009-03-16,3,11.98
12395,DGSNV,5,2009-03-19,3,42.8
12396,UCGRS,6,2009-03-17,1,44.92
12397,OBZUY,6,2009-03-17,3,39.41
12398,OAHDC,7,2009-03-07,3,230.25
12399,UIHOS,9,2009-03-28,2,95.01
12400,GIJPO,4,2009-03-23,1,96.91
12401,XVNBZ,3,2009-03-14,3,206.27
12402,YUXHC,3,2009-03-05,1,75.19
12403,ORXPP,5,2009-03-25,2,47.83
12404,ALFKI,7,2009-04-10,1,245.85
12405,MYWSA,1,2009-04-21,3,156.55
12406,BHJHW,1,2009-04-19,2,77.54
12407,MEMFP,6,2009-04-14,1,44.5
12408,IWQPR,9,2009-04-04,2,54.6
12409,KHKRV,4,2009-04-04,1,10.44
12410,CCCHN,2,2009-04-04,3,116.74
12411,MIBJV,2,2009-04-20,1,208.93
12412,ALFKI,3,2009-05-08,2,117.23
12413,ZYHVE,5,2009-05-06,3,170.65
12414,TCJVQ,2,2009-05-08,1,15.01
12415,PLRKR,3,2009-05-23,1,212.51
12416,SRKFV,9,2009-05-14,2,246.22
12417,HIEWN,6,2009-05-28,3,45.77
12418,SMORH,1,2009-05-16,3,214.22
12419,ZLZHX,6,2009-05-26,1,60.65
12420,TFXGR,1,2009-05-21,1,199.53
12421,INWFA,1,2009-05-08,3,48.32
12422,COJQZ,3,2009-05-05,3,64.44
12423,XITAS,6,2009-05-25,1,137.5
12424,MIBJV,9,2009-06-09,1,209.87
12425,GZJQE,6,2009-06-09,1,14.6
12426,PWGYK,6,2009-06-05,2,70.31
12427,RPWJE,7,2009-06-05,3,209.32
12428,POBYN,1,2009-06-24,1,107.97
12429,GNWWW,7,2009-06-05,1,138.98
12430,QNFGQ,8,2009-06-10,1,216.31
12431,ZLZHX,3,2009-06-01,3,136.19
12432,MYWSA,5,2009-06-23,3,35.52
12433,YDANU,4,2009-06-20,1,20.88
12434,FWHII,7,2009-06-02,1,149.44
12435,SVGTT,7,2009-06-01,3,57.29
12436,PCOZG,9,2009-06-21,3,130.92
12437,TLYEZ,8,2009-06-11,2,205.49
12438,SGPZQ,1,2009-06-20,1,171.53
12439,OELNJ,5,2009-06-13,3,123.65
12440,ALFKI,8,2009-07-19,2,137.55
12441,QVYOW,5,2009-07-16,1,73.68
12442,LHTHA,8,2009-07-19,2,235.17
12443,CSYLN,5,2009-07-21,1,10.96
12444,DKAUS,5,2009-07-03,3,216.15
12445,TWJVR,7,2009-07-18,1,79.5
12446,VHQKB,1,2009-07-20,3,200.87
12447,DWIDV,6,2009-07-19,1,136.29
12448,DTZKB,9,2009-07-26,1,193.71
12449,GHSFC,6,2009-07-22,2,207.74
12450,YDANU,1,2009-07-10,2,182.5
12451,ALFKI,4,2009-08-06,1,241.83
12452,QVYOW,1,2009-08-27,2,128.47
12453,TLYEZ,3,2009-08-21,1,133.33
12454,DXKIC,1,2009-08-21,1,8.67
12455,LSKJL,9,2009-08-28,2,71.33
12456,XKTZQ,6,2009-08-01,1,145.6
12457,BZYMS,5,2009-08-21,3,152.43
12458,ZUDTB,2,2009-08-07,2,194.65
12459,RDKVH,3,2009-08-06,2,113.11
12460,QPTVF,2,2009-08-25,1,219.43
12461,GNWWW,5,2009-08-13,2,200.96
12462,SKSEF,4,2009-08-07,2,154.11
12463,THSQN,1,2009-08-28,1,61.82
12464,QVYOW,1,2009-09-17,1,212.44
12465,SWDEY,7,2009-09-15,1,171.91
12466,SDYVG,8,2009-09-15,1,187.36
12467,MNXAG,7,2009-09-07,1,94.0
12468,VYHBU,7,2009-09-13,2,185.0
12469,KIWFL,9,2009-09-04,1,118.4
12470,UPOLP,8,2009-09-20,2,226.54
12471,ONAMJ,2,2009-09-19,2,136.04
12472,HXYLK,6,2009-09-18,2,204.82
12473,ZOXOL,7,2009-09-15,3,192.87
12474,LHTHA,3,2009-09-20,3,13.78
12475,ALFKI,5,2009-10-04,2,177.46
12476,DJSTV,3,2009-10-15,3,40.18
12477,DDOTR,1,2009-10-05,3,71.84
12478,IJIGR,8,2009-10-23,2,62.29
12479,CKKWE,8,2009-10-27,3,56.67
12480,WRHKC,9,2009-10-15,2,209.02
12481,YWUSA,9,2009-10-14,1,50.49
12482,OUKVF,3,2009-10-22,2,223.06
12483,CCCHN,1,2009-10-05,1,218.61
12484,PUHRO,7,2009-10-13,1,142.55
12485,ALFKI,2,2009-11-10,1,162.29
12486,PWAVD,7,2009-11-16,1,244.57
12487,KVIFE,6,2009-11-01,1,119.6
12488,NXNXC,3,2009-11-08,2,121.89
12489,ETXRP,7,2009-11-07,2,54.31
12490,FLETF,2,2009-11-01,2,44.62
12491,GIJPO,3,2009-11-26,3,78.87
12492,CLYBE,7,2009-11-15,2,78.15
12493,OHJOB,5,2009-12-08,3,5.76
12494,JCWVH,6,2009-12-06,2,59.82
12495,YNUTD,8,2009-12-01,1,182.35
12496,TWJVR,8,2009-12-24,3,10.93
12497,DJSTV,6,2009-12-28,2,58.19
12498,VFRVX,7,2009-12-04,3,234.05
12499,OMVCV,9,2009-12-18,3,143.2
12500,GNWWW,8,2009-12-28,3,181.67
12501,ZUDTB,7,2009-12-14,3,55.57
12502,FFFYR,9,2009-12-05,3,16.39
12503,WHCAA,6,2009-12-06,3,123.4
12504,AOYNN,4,2009-12-11,1,216.38
12505,WZZOG,7,2009-12-25,1,167.79
12506,ALFKI,9,2009-12-17,2,190.43
12507,ALFKI,7,2010-01-25,2,214.37
12508,CKKWE,2,2010-01-07,2,162.01
12509,SPPRI,6,2010-01-16,3,137.29
12510,MXDEI,7,2010-01-07,2,26.12
12511,QYLBO,3,2010-01-16,2,25.99
12512,WRHKC,1,2010-01-01,3,154.18
12513,NOELM,2,2010-01-02,2,112.34
12514,LBSEZ,3,2010-01-06,3,132.1
12515,ALFKI,8,2010-02-28,3,123.19
12516,YDKXG,3,2010-02-04,1,206.38
12517,TSFAP,6,2010-02-25,1,196.53
12518,JVTVC,9,2010-02-15,3,234.59
12519,OUXAV,3,2010-02-07,3,144.92
12520,FFFYR,3,2010-02-24,3,19.47
12521,CSFEG,7,2010-02-11,3,90.9
12522,WMXST,2,2010-02-08,1,116.46
12523,RPHVQ,5,2010-02-04,2,106.03
12524,VLLAI,4,2010-02-16,1,211.97
12525,YJAXX,2,2010-02-02,1,44.46
12526,AEQYP,8,2010-03-08,3,27.15
12527,MXKGV,5,2010-03-20,1,218.17
12528,LBSEZ,2,2010-03-27,2,107.17
12529,ZUDTB,4,2010-03-09,1,62.3
12530,WMXST,2,2010-03-06,1,60.51
12531,LBUUY,9,2010-03-09,3,241.85
12532,LBGIQ,3,2010-03-11,3,50.3
12533,MOYAF,5,2010-03-01,2,39.55
12534,DDOTR,5,2010-03-21,3,124.28
12535,CBNDM,9,2010-03-23,1,206.64
12536,GNWWW,2,2010-03-18,3,170.93
12537,ZTSVE,3,2010-03-16,2,133.35
12538,MFVTR,7,2010-03-03,3,10.72
12539,MIBJV,7,2010-03-28,2,152.28
12540,ALFKI,4,2010-04-26,3,238.92
12541,KZCRH,3,2010-04-07,1,140.1
12542,AOYNN,4,2010-04-02,2,57.37
12543,SWDEY,1,2010-04-08,2,204.21
12544,VHQKB,8,2010-04-23,3,207.53
12545,MXKGV,9,2010-04-24,2,188.25
12546,WBBZO,9,2010-04-12,3,5.52
12547,MZTXS,4,2010-04-04,3,198.07
12548,CFXGH,9,2010-04-24,2,116.5
12549,PSNQQ,2,2010-04-26,3,249.46
12550,FLETF,6,2010-04-26,3,34.48
12551,GIJPO,3,2010-04-23,2,149.12
12552,MIBJV,4,2010-04-13,3,11.8
12553,ALFKI,6,2010-05-17,3,234.84
12554,HGUIL,9,2010-05-23,3,222.71
12555,ALFKI,3,2010-05-15,2,195.35
12556,CSYLN,1,2010-05-18,3,101.21
12557,BHJHW,3,2010-05-18,1,185.72
12558,UUHQZ,7,2010-05-15,1,120.47
12559,JEYCD,3,2010-05-22,1,62.15
12560,FNDZJ,8,2010-05-25,3,7.85
12561,WNOOO,4,2010-05-13,3,200.24
12562,EOAED,1,2010-05-05,2,122.33
12563,PSNQQ,8,2010-05-15,3,45.01
12564,MYWSA,9,2010-05-18,1,166.96
12565,DGSNV,2,2010-06-01,3,106.25
12566,CVUQF,9,2010-06-08,2,195.57
12567,ONAMJ,7,2010-06-19,1,102.99
12568,FWHII,2,2010-06-02,1,37.83
12569,EIVGS,1,2010-06-26,3,221.27
12570,VHQKB,3,2010-06-26,1,116.98
12571,AOYNN,3,2010-06-27,3,81.74
12572,WRHKC,9,2010-06-05,3,181.15
12573,BTOQD,5,2010-06-11,2,109.75
12574,ALFKI,5,2010-07-20,1,210.04
12575,AXBVH,2,2010-07-03,2,41.9
12576,INWFA,5,2010-07-21,2,176.82
12577,AKZQT,9,2010-07-16,3,64.87
12578,BISXZ,7,2010-07-13,3,72.4
12579,TLYEZ,3,2010-07-20,1,223.68
12580,PALWN,5,2010-07-01,2,22.34
12581,FJAKE,6,2010-07-21,1,98.02
12582,EOAED,2,2010-07-01,2,225.84
12583,TWGGZ,6,2010-07-17,2,154.82
12584,BHJHW,8,2010-07-18,1,95.37
12585,QFKIJ,2,2010-07-02,3,104.13
12586,UPOLP,2,2010-07-03,3,62.06
12587,ALFKI,8,2010-08-09,3,112.91
12588,CVUQF,7,2010-08-15,1,164.72
12589,MYVXC,8,2010-08-26,1,207.2
12590,EUSVY,9,2010-08-05,2,159.36
12591,MZTXS,9,2010-08-17,2,145.47
12592,ETXRP,2,2010-08-09,2,69.04
12593,PCOZG,5,2010-08-07,1,114.33
12594,TSFAP,7,2010-08-08,1,87.03
12595,HAQTM,8,2010-08-20,3,128.33
12596,ABYOA,7,2010-09-25,1,9.23
12597,JVTVC,6,2010-09-22,1,97.46
12598,WMXST,3,2010-09-20,1,76.12
12599,DJSTV,7,2010-09-02,2,170.28
12600,OELNJ,7,2010-09-20,3,73.43
12601,NDYSD,4,2010-09-14,3,100.06
12602,AROUT,5,2010-09-17,3,50.21
12603,OMRHM,6,2010-09-09,2,210.16
12604,WMXST,5,2010-09-12,1,154.74
12605,IEOWD,8,2010-09-10,1,202.24
12606,SGPZQ,9,2010-09-26,2,206.76
12607,LSKJL,1,2010-09-14,1,11.57
12608,MAPTB,2,2010-09-22,3,98.84
12609,CFBZD,7,2010-09-28,2,157.42
12610,DGSNV,8,2010-09-19,3,162.36
12611,YCHNL,8,2010-09-09,2,240.33
12612,ALFKI,4,2010-10-07,2,228.37
12613,CKKWE,7,2010-10-07,3,199.7
12614,GBWAC,5,2010-10-08,1,19.2
12615,TCJVQ,5,2010-10-06,2,109.14
12616,HAQTM,1,2010-10-08,1,76.03
12617,ETXRP,7,2010-10-12,3,141.43
12618,THSQN,3,2010-10-28,1,103.57
12619,VBTNL,6,2010-10-25,2,68.13
12620,MHXGD,6,2010-10-20,3,195.43
12621,HOAFN,2,2010-10-08,2,184.28
12622,TRYSX,2,2010-10-09,1,32.17
12623,XPVSE,3,2010-10-22,3,31.2
12624,OYUGL,9,2010-10-12,1,55.68
12625,QNFGQ,5,2010-10-10,1,33.56
12626,RDKVH,5,2010-10-06,1,206.71
12627,ALFKI,8,2010-11-21,3,59.4
12628,RTSEZ,9,2010-11-11,2,138.41
12629,GBWAC,3,2010-11-09,2,68.09
12630,LBSEZ,5,2010-11-05,1,176.34
12631,OELNJ,6,2010-11-21,3,245.77
12632,ZUDTB,3,2010-11-17,2,129.06
12633,UDJOJ,7,2010-11-09,1,115.22
12634,CCCHN,4,2010-11-08,3,209.49
12635,BTOQD,9,2010-11-16,3,126.28
12636,SHRPR,5,2010-11-21,2,87.21
12637,WZZOG,9,2010-11-27,3,231.34
12638,FJKGQ,4,2010-11-25,2,211.43
12639,MNXAG,2,2010-12-01,2,134.12
12640,ONAMJ,5,2010-12-08,1,232.87
12641,CJNGS,3,2010-12-08,2,23.54
12642,YDANU,4,2010-12-06,3,50.26
12643,RTSEZ,6,2010-12-26,1,45.71
12644,IJIGR,6,2010-12-14,1,197.22
12645,AKZQT,8,2010-12-18,2,157.54
12646,NXNXC,7,2010-12-01,2,145.51
12647,WPBNO,8,2010-12-07,3,127.14
12648,YVQCH,6,2010-12-10,3,107.13
12649,RPHVQ,4,2010-12-10,1,97.98
12650,ALFKI,7,2011-01-18,3,35.86
12651,DJSTV,2,2011-01-21,1,33.03
12652,WRGAC,3,2011-01-26,3,181.84
12653,ZYHVE,6,2011-01-07,3,96.04
12654,PWGYK,6,2011-01-09,3,98.34
12655,QYLBO,9,2011-01-05,1,90.92
12656,TRYSX,5,2011-01-27,1,164.68
12657,FJKGQ,4,2011-01-08,3,166.49
12658,ZMZNK,2,2011-01-11,3,243.19
12659,PUQHW,7,2011-01-09,2,128.7
12660,BZYMS,8,2011-01-11,2,160.26
12661,IPGHZ,1,2011-01-18,3,72.38
12662,YUXHC,1,2011-01-20,3,205.36
12663,ALFKI,8,2011-02-05,1,103.3
12664,AOGJM,3,2011-02-20,2,227.55
12665,SDLSY,8,2011-02-18,1,16.21
12666,JMUPQ,2,2011-02-20,2,155.48
12667,FDBVN,3,2011-02-01,3,129.42
12668,IEOWD,2,2011-02-20,1,59.19
12669,WRHKC,1,2011-02-05,3,215.71
12670,LEAWE,8,2011-02-06,3,143.69
12671,WHCAA,1,2011-02-10,1,84.73
12672,RPHVQ,9,2011-02-06,2,40.6
12673,YNTPM,2,2011-02-11,2,83.77
12674,PSZOY,6,2011-02-14,3,220.62
12675,SVGTT,8,2011-02-28,2,111.22
12676,UCGRS,4,2011-03-25,2,113.53
12677,GYDMQ,3,2011-03-02,3,212.3
12678,XTUBQ,1,2011-03-10,2,154.25
12679,JJYFM,5,2011-03-22,2,191.4
12680,QKNWA,7,2011-03-09,2,60.75
12681,WNOOO,5,2011-03-17,1,208.16
12682,YCNLF,3,2011-03-21,2,120.35
12683,HLHVL,4,2011-03-18,2,174.19
12684,VYHBU,8,2011-03-18,2,161.22
12685,KVIFE,4,2011-03-18,2,41.34
12686,EMNVE,1,2011-03-07,2,187.1
12687,GIJPO,6,2011-03-27,3,68.94
12688,ALFKI,4,2011-04-07,1,8.95
12689,JJYFM,2,2011-04-25,2,54.99
12690,PCUEV,6,2011-04-15,2,24.18
12691,YWUSA,7,2011-04-21,2,60.18
12692,CVUQF,6,2011-04-24,2,67.59
12693,SHRWN,8,2011-04-28,1,25.73
12694,SDYVG,4,2011-04-08,3,16.1
12695,SYQVE,6,2011-04-09,1,161.09
12696,ALFKI,2,2011-05-23,2,110.21
12697,LPVQG,7,2011-05-08,2,180.65
12698,LHTHA,2,2011-05-28,2,181.5
12699,AROUT,9,2011-05-28,2,192.15
12700,MAGHO,5,2011-05-06,2,101.28
12701,ABYOA,2,2011-05-26,2,146.71
12702,INWFA,1,2011-05-08,3,180.98
12703,CCCHN,4,2011-05-06,1,55.66
12704,POBYN,2,2011-05-15,1,232.08
12705,ODQBE,5,2011-05-02,2,136.61
12706,LEAWE,3,2011-05-21,2,69.01
12707,RZMXB,8,2011-06-01,2,138.16
12708,RTSEZ,6,2011-06-28,1,174.04
12709,IMRZC,2,2011-06-03,3,26.27
12710,UDJOJ,7,2011-06-15,2,213.61
12711,LVTKF,3,2011-06-15,2,34.72
12712,RDKVH,1,2011-06-13,1,59.53
12713,OUKVF,4,2011-06-14,1,103.68
12714,ETXRP,8,2011-06-03,3,46.36
12715,HLHVL,8,2011-06-22,3,235.1
12716,NOELM,4,2011-06-20,3,143.03
12717,FFFYR,3,2011-06-26,1,134.66
12718,GYDMQ,5,2011-06-13,3,218.66
12719,HDHPW,3,2011-06-11,1,26.85
12720,FGLEI,5,2011-06-14,3,28.45
12721,CKKWE,2,2011-06-04,1,60.5
12722,ALFKI,9,2011-07-08,3,198.29
12723,LEAWE,5,2011-07-21,2,119.44
12724,HJIUV,6,2011-07-07,3,72.13
12725,QGHTL,8,2011-07-14,1,226.54
12726,JVTVC,3,2011-07-14,1,36.26
12727,JVTVC,2,2011-07-12,1,126.33
12728,OMVCV,3,2011-07-08,3,73.47
12729,OHJOB,9,2011-07-05,2,243.86
12730,GVNBB,1,2011-07-09,3,134.82
12731,LBSEZ,9,2011-07-23,2,193.7
12732,ZOXOL,2,2011-07-23,2,26.66
12733,PWGYK,8,2011-07-26,2,191.48
12734,WZZOG,5,2011-07-13,1,165.92
12735,JLWBL,9,2011-07-17,3,206.4
12736,ALFKI,3,2011-08-21,2,46.23
12737,ABYOA,3,2011-08-21,3,85.3
12738,RPWJE,8,2011-08-27,1,14.87
12739,SRKFV,2,2011-08-01,3,112.83
12740,JMONJ,6,2011-08-17,3,9.66
12741,HBKZL,1,2011-08-05,3,141.21
12742,OMVCV,5,2011-08-28,1,244.83
12743,TRYSX,4,2011-08-15,3,171.98
12744,AYOND,3,2011-08-20,1,109.8
12745,PFEIS,3,2011-08-17,3,46.09
12746,TFXGR,5,2011-08-22,3,162.33
12747,YCNLF,5,2011-08-27,3,197.6
12748,PLRKR,7,2011-09-07,1,169.81
12749,JMUPQ,2,2011-09-28,2,48.52
12750,GHSFC,9,2011-09-20,3,140.79
12751,BZYMS,6,2011-09-13,3,224.27
12752,ZMZNK,5,2011-09-21,1,241.88
12753,FWOFX,2,2011-09-19,3,39.53
12754,NOELM,8,2011-09-05,2,43.77
12755,SMLJL,3,2011-09-25,1,73.99
12756,OBZUY,3,2011-09-10,3,102.67
12757,WOMZN,3,2011-09-13,2,230.36
12758,MIRTJ,3,2011-09-13,1,214.26
12759,QNFGQ,4,2011-09-25,1,35.68
12760,ALFKI,6,2011-10-04,2,175.93
12761,LNKFG,6,2011-10-01,2,74.26
12762,MXDEI,5,2011-10-06,3,197.28
12763,BDOUG,9,2011-10-17,1,200.67
12764,AXVGB,5,2011-10-10,1,115.5
12765,PBQGH,6,2011-10-12,3,151.06
12766,BTOQD,1,2011-10-14,1,177.84
12767,PALWN,4,2011-10-01,3,200.85
12768,BOGAS,7,2011-10-13,3,171.82
12769,FLETF,2,2011-10-28,1,235.98
12770,PSNQQ,2,2011-10-27,1,10.81
12771,BDOUG,7,2011-10-06,3,77.61
12772,LBSEZ,6,2011-10-03,1,193.28
12773,ALFKI,2,2011-11-05,1,128.02
12774,DWIDV,1,2011-11-16,1,223.16
12775,ALZAL,3,2011-11-28,1,161.36
12776,NHZWD,4,2011-11-07,2,91.58
12777,BOGAS,2,2011-11-14,3,114.65
12778,NOELM,3,2011-11-06,3,147.47
12779,OBZUY,8,2011-11-18,1,126.34
12780,GEEGS,3,2011-11-18,3,200.39
12781,ALZAL,1,2011-11-17,3,168.76
12782,BAQLL,4,2011-12-08,2,238.08
12783,PYDDY,6,2011-12-16,1,176.11
12784,YCNLF,9,2011-12-15,3,194.59
12785,EIMER,4,2011-12-06,3,63.24
12786,UXJOM,6,2011-12-07,1,216.82
12787,CVUQF,9,2011-12-13,1,124.44
12788,COJQZ,5,2011-12-21,1,56.44
12789,MAGHO,7,2011-12-10,3,54.28
12790,EIMER,7,2011-12-16,1,215.01
12791,DKAUS,9,2011-12-25,2,83.94
12792,ONAMJ,7,2011-12-06,2,168.23
12793,WNHGY,9,2011-12-14,2,223.85
12794,LNKFG,1,2011-12-20,1,178.57
12795,ONAMJ,1,2011-12-18,3,218.67
12796,LBSEZ,8,2011-12-17,2,67.78
12797,ALFKI,2,2012-01-09,1,45.88
12798,KRVOE,6,2012-01-20,3,41.08
12799,SPPRI,3,2012-01-17,1,134.65
12800,BNFBU,7,2012-01-21,1,58.6
12801,ETXRP,5,2012-01-17,2,37.53
12802,KBWLG,5,2012-01-16,3,131.78
12803,HDHPW,8,2012-01-01,1,137.79
12804,SHRPR,7,2012-01-26,3,175.91
12805,OBSSH,8,2012-01-09,1,221.18
12806,GEEGS,2,2012-01-16,3,22.07
12807,ALFKI,7,2012-02-17,2,170.62
12808,UGXKI,8,2012-02-26,1,145.58
12809,BHJHW,1,2012-02-09,2,108.83
12810,KHKRV,2,2012-02-06,2,94.69
12811,MAPTB,1,2012-02-01,3,112.52
12812,JCWVH,5,2012-02-17,1,120.34
12813,AOGJM,1,2012-02-02,3,65.75
12814,UFRZR,4,2012-02-26,1,143.38
12815,UUHQZ,7,2012-02-12,1,158.2
12816,PUHRO,4,2012-02-24,2,207.53
12817,HGUIL,9,2012-02-18,2,25.43
12818,EIMER,6,2012-02-24,1,65.44
12819,ULXRA,6,2012-02-18,2,209.54
12820,QGHTL,3,2012-02-21,1,16.47
12821,OELNJ,4,2012-02-07,3,83.0
12822,UGXKI,3,2012-03-08,2,60.28
12823,QYLBO,1,2012-03-24,3,148.82
12824,CLYBE,2,2012-03-22,3,101.03
12825,AYOND,5,2012-03-27,2,208.17
12826,CFXGH,4,2012-03-10,2,173.78
12827,NGCTP,9,2012-03-19,1,222.81
12828,ABYOA,2,2012-03-23,2,58.39
12829,TWJVR,5,2012-03-22,2,133.68
12830,KEHQT,6,2012-03-11,2,148.81
12831,ALFKI,8,2012-04-08,2,216.86
12832,UWGXB,3,2012-04-04,1,225.64
12833,MFVTR,1,2012-04-17,1,198.42
12834,JJYFM,4,2012-04-21,2,135.59
12835,YLWKF,9,2012-04-12,2,230.96
12836,NSHTA,3,2012-04-12,1,191.26
12837,VYHBU,6,2012-04-18,1,26.59
12838,YCNLF,2,2012-04-20,3,158.92
12839,MXKGV,8,2012-04-25,1,148.54
12840,SHRWN,7,2012-04-28,1,103.11
12841,QRPMD,1,2012-04-20,2,193.57
12842,YYIHO,7,2012-04-27,2,118.3
12843,PNUAE,6,2012-04-15,3,53.36
12844,ALFKI,6,2012-05-20,3,219.02
12845,YADXV,2,2012-05-26,2,183.45
12846,GBWAC,9,2012-05-07,2,225.88
12847,FFFYR,3,2012-05-21,2,65.73
12848,RTSEZ,6,2012-05-20,2,138.07
12849,EMNVE,5,2012-05-05,3,210.45
12850,ZPMLW,1,2012-05-07,3,131.77
12851,RBMPA,7,2012-05-08,3,144.18
12852,QPTVF,5,2012-05-27,3,153.75
12853,ONAMJ,2,2012-05-28,3,210.75
12854,SMLJL,9,2012-05-08,3,83.37
12855,MFVTR,1,2012-05-24,1,83.43
12856,VYHBU,3,2012-05-18,1,23.64
12857,VYHBU,1,2012-06-26,3,149.15
12858,FFFYR,8,2012-06-20,1,228.96
12859,IEOWD,4,2012-06-01,2,132.99
12860,VBYNW,9,2012-06-06,3,19.25
12861,SPPNZ,6,2012-06-06,2,61.5
12862,RTSEZ,2,2012-06-14,3,142.4
12863,OGFED,4,2012-06-20,2,83.89
12864,IJIGR,2,2012-06-19,1,192.8
12865,PLRKR,7,2012-06-11,3,9.88
12866,JMUPQ,1,2012-06-06,3,144.3
12867,HLHVL,4,2012-06-08,2,116.01
12868,YNUTD,5,2012-06-01,3,144.88
12869,ALFKI,4,2012-07-04,2,172.83
12870,JMONJ,4,2012-07-12,2,167.85
12871,OUKVF,4,2012-07-18,3,235.21
12872,SEYYD,9,2012-07-03,1,80.12
12873,NSHTA,5,2012-07-12,1,212.73
12874,MYVXC,2,2012-07-26,3,223.34
12875,SHRPR,7,2012-07-18,1,161.72
12876,YNTPM,2,2012-07-27,2,83.92
12877,NHZWD,5,2012-07-18,3,43.8
12878,TOWCZ,5,2012-07-20,3,127.19
12879,YCHNL,8,2012-07-16,3,81.77
12880,ALFKI,2,2012-08-14,3,72.98
12881,GYDMQ,6,2012-08-09,3,173.87
12882,AOYNN,6,2012-08-07,1,236.18
12883,HAWET,1,2012-08-26,2,134.89
12884,LPCSB,6,2012-08-01,1,33.26
12885,ORXPP,7,2012-08-18,2,249.5
12886,DJSTV,6,2012-08-01,3,65.15
12887,XTUBQ,7,2012-08-04,1,58.68
12888,QKNWA,5,2012-09-19,3,169.95
12889,SGTEY,5,2012-09-19,1,236.88
12890,OHJOB,2,2012-09-17,2,152.74
12891,BZYMS,3,2012-09-09,3,9.78
12892,TFXGR,5,2012-09-11,2,187.57
12893,UPOLP,2,2012-09-15,3,176.41
12894,XTUBQ,5,2012-09-27,1,174.22
12895,OMVCV,5,2012-09-25,2,60.38
12896,ZVYJH,3,2012-09-18,1,24.71
12897,QEFYE,9,2012-09-01,3,125.5
12898,KFOGD,9,2012-09-09,1,185.18
12899,WNHGY,1,2012-09-15,2,112.9
12900,RZMXB,6,2012-09-22,2,157.87
12901,HLHVL,1,2012-09-24,2,50.09
12902,ALFKI,4,2012-10-25,2,187.64
12903,FJAKE,2,2012-10-23,2,105.75
12904,QDSIQ,3,2012-10-26,3,246.26
12905,GUCUQ,2,2012-10-20,1,183.53
12906,GEEGS,1,2012-10-21,3,39.48
12907,CTSWH,5,2012-10-09,2,98.33
12908,SPPNZ,8,2012-10-04,1,30.38
12909,ZLZHX,7,2012-10-16,1,119.99
12910,TOWCZ,2,2012-10-22,1,172.27
12911,UWGXB,6,2012-10-02,2,113.04
12912,HTUFX,4,2012-10-25,1,117.71
12913,KHKRV,3,2012-10-27,2,38.07
12914,XLAVG,2,2012-10-15,3,237.91
12915,KEHQT,4,2012-10-03,2,103.19
12916,FWHII,2,2012-10-18,2,247.37
12917,ORXPP,6,2012-10-10,2,242.46
12918,ALFKI,5,2012-11-01,1,161.57
12919,CVUQF,5,2012-11-22,1,51.67
12920,WBBZO,5,2012-11-22,1,62.82
12921,ZUDTB,1,2012-11-08,2,55.74
12922,AYOND,6,2012-11-18,3,183.64
12923,UGXKI,2,2012-11-24,1,51.01
12924,QFKIJ,5,2012-11-21,1,32.49
12925,MFVTR,6,2012-11-05,3,233.77
12926,VRCXB,2,2012-11-22,3,6.27
12927,OMRHM,1,2012-11-09,1,28.12
12928,XJEHG,8,2012-11-13,2,90.88
12929,ORDDL,8,2012-11-01,2,32.79
12930,TLYEZ,3,2012-11-10,2,170.47
12931,YADXV,2,2012-11-14,1,170.99
12932,INWFA,9,2012-11-22,2,196.03
12933,FJKGQ,9,2012-11-28,1,155.33
12934,KFOGD,5,2012-12-20,3,227.26
12935,TYMYS,3,2012-12-19,2,59.64
12936,DXZWS,7,2012-12-01,3,214.87
12937,MXKGV,1,2012-12-27,2,91.19
12938,UIHOS,4,2012-12-04,3,99.34
12939,LDCGP,7,2012-12-11,2,73.55
12940,XKTZQ,5,2012-12-18,2,189.18
12941,YOOSA,6,2012-12-01,3,198.2
12942,TSFAP,4,2012-12-17,2,217.45
12943,FLETF,9,2012-12-12,1,118.87
12944,PYDDY,5,2012-12-08,1,110.16
12945,PWGYK,3,2012-12-28,1,130.95
12946,COJQZ,8,2012-12-28,2,201.9
12947,ALFKI,3,2013-01-15,3,154.04
12948,YCHNL,8,2013-01-17,3,67.34
12949,HLHVL,1,2013-01-11,2,124.01
12950,FWHII,9,2013-01-16,1,42.29
12951,ALFKI,6,2013-01-05,2,133.96
12952,VPFLW,2,2013-01-04,2,117.33
12953,QPTVF,8,2013-01-02,1,82.1
12954,NXNXC,7,2013-01-19,2,158.37
12955,FGLEI,3,2013-01-02,2,28.15
12956,HGUIL,4,2013-01-11,3,60.63
12957,CCCHN,5,2013-01-04,1,149.23
12958,HDHPW,9,2013-01-19,3,16.18
12959,ALFKI,4,2013-02-25,1,76.74
12960,KIWFL,4,2013-02-24,1,146.05
12961,VLLAI,3,2013-02-05,1,210.03
12962,RDKVH,4,2013-02-04,3,99.88
12963,FJAKE,2,2013-02-24,1,205.95
12964,MYWSA,9,2013-02-15,1,204.01
12965,WMXST,5,2013-02-10,1,154.92
12966,TINQA,3,2013-02-21,3,194.14
12967,UAXMI,5,2013-02-03,1,31.93
12968,AXBVH,6,2013-02-24,2,168.9
12969,QRPMD,4,2013-02-19,2,127.03
12970,JLWBL,2,2013-02-11,2,20.57
12971,NOELM,9,2013-03-04,3,75.01
12972,PUHRO,1,2013-03-14,2,101.99
12973,SHRWN,7,2013-03-15,1,45.59
12974,LBUUY,8,2013-03-04,2,166.48
12975,PZDII,8,2013-03-13,2,80.85
12976,GIJPO,7,2013-03-06,3,147.02
12977,JEYCD,4,2013-03-13,2,241.66
12978,TOWCZ,7,2013-03-24,2,248.07
12979,DWIDV,6,2013-03-06,2,137.02
12980,PZDII,4,2013-03-06,1,191.11
12981,HIVZZ,8,2013-03-10,1,147.02
12982,ZPMLW,9,2013-03-17,1,130.15
12983,ORXPP,8,2013-03-23,1,19.41
12984,ALFKI,3,2013-04-14,3,103.33
12985,GQSFS,4,2013-04-09,2,81.06
12986,QEFYE,5,2013-04-09,1,10.58
12987,VBTNL,5,2013-04-10,3,20.35
12988,ALZAL,9,2013-04-03,1,224.67
12989,EIOCD,8,2013-04-22,1,83.48
12990,WVGUX,8,2013-04-11,2,197.83
12991,NSHTA,9,2013-04-18,3,12.87
12992,JMONJ,6,2013-04-07,2,207.73
12993,LSKJL,7,2013-04-12,1,208.3
12994,NXNXC,7,2013-04-09,3,60.19
12995,TWJVR,9,2013-04-04,3,74.65
12996,VEYUQ,3,2013-04-24,3,49.19
12997,KZCRH,8,2013-04-13,1,152.4
12998,ALFKI,8,2013-05-07,3,15.55
12999,MFVTR,2,2013-05-12,2,77.13
13000,ALZAL,8,2013-05-13,2,108.15
13001,AROUT,9,2013-05-17,2,219.22
13002,GVNBB,6,2013-05-20,2,197.93
13003,LNKFG,1,2013-05-23,3,107.34
13004,ODGMU,2,2013-05-15,1,5.65
13005,KFBFE,7,2013-05-14,2,83.83
13006,YYIHO,7,2013-05-28,3,5.8
13007,CSFEG,9,2013-05-27,3,197.25
13008,LBGIQ,2,2013-05-05,3,141.01
13009,VFRVX,2,2013-06-14,2,32.88
13010,RPWJE,5,2013-06-02,1,100.06
13011,IPGHZ,4,2013-06-15,2,166.65
13012,GEEGS,4,2013-06-12,1,78.07
13013,EUSVY,4,2013-06-10,1,107.37
13014,YCHNL,6,2013-06-27,3,56.97
13015,HLHVL,3,2013-06-24,2,123.81
13016,LHTHA,3,2013-06-11,1,12.27
13017,GUCUQ,5,2013-06-28,3,92.93
13018,KIODW,7,2013-06-06,2,45.74
13019,LPREO,8,2013-06-10,2,151.04
13020,BNFBU,5,2013-06-06,1,26.0
13021,PCKSN,7,2013-06-13,1,108.15
13022,UIHOS,4,2013-06-12,3,220.7
13023,ALFKI,2,2013-07-07,1,71.72
13024,NOELM,6,2013-07-07,3,42.47
13025,CCCHN,2,2013-07-21,2,132.17
13026,SPPRI,6,2013-07-10,3,226.57
13027,XVNBZ,4,2013-07-20,2,99.17
13028,OBSSH,7,2013-07-18,2,208.9
13029,ORXPP,6,2013-07-18,1,195.54
13030,OUKVF,5,2013-07-18,2,192.37
13031,XGXIC,1,2013-07-27,3,206.46
13032,JVTVC,8,2013-07-18,2,8.8
13033,OOUXQ,6,2013-07-20,1,27.77
13034,DGSNV,7,2013-07-09,1,91.92
13035,ALFKI,8,2013-08-20,1,166.63
13036,SFBTI,5,2013-08-01,1,40.38
13037,VLLAI,1,2013-08-01,1,79.28
13038,TRYSX,8,2013-08-04,3,12.01
13039,FLETF,3,2013-08-19,3,224.99
13040,UDJOJ,3,2013-08-07,3,228.7
13041,MWKXS,7,2013-08-07,2,237.52
13042,KIWFL,6,2013-08-02,3,192.28
13043,GBDKX,2,2013-08-09,2,159.08
13044,VLLAI,2,2013-08-03,1,211.99
13045,ZVYJH,7,2013-08-17,2,124.22
13046,GNWWW,7,2013-08-27,1,54.81
13047,WSEBX,5,2013-08-03,3,24.33
13048,AMPEQ,9,2013-08-03,1,215.03
13049,AEQYP,4,2013-08-25,1,93.59
13050,JXNIV,8,2013-08-12,1,137.63
13051,JYAMY,9,2013-09-28,3,30.24
13052,ALFKI,6,2013-09-16,2,170.05
13053,LVTKF,9,2013-09-10,2,135.53
13054,ODGMU,3,2013-09-25,2,150.2
13055,OUKVF,1,2013-09-20,2,222.09
13056,NWRRN,7,2013-09-24,2,233.28
13057,QEFYE,4,2013-09-19,1,68.49
13058,UDJOJ,6,2013-09-23,3,67.97
13059,HBKZL,8,2013-09-09,2,237.08
13060,ODGMU,5,2013-09-03,2,239.14
13061,BNTXV,7,2013-09-22,1,30.44
13062,BNYBJ,3,2013-09-07,2,214.98
13063,ALFKI,4,2013-10-03,1,60.71
13064,NRRJG,6,2013-10-09,1,244.94
13065,GQSFS,8,2013-10-22,3,73.48
13066,DGSNV,5,2013-10-03,3,195.58
13067,MZTXS,2,2013-10-21,2,239.1
13068,CSUPO,1,2013-10-01,3,14.29
13069,RPWJE,8,2013-10-04,2,197.68
13070,ZVYJH,3,2013-10-25,1,21.0
13071,CBNDM,9,2013-10-02,3,189.94
13072,ALFKI,1,2013-11-19,1,249.03
13073,WVJQB,9,2013-11-09,1,196.53
13074,HIAKV,9,2013-11-03,1,49.4
13075,AXVGB,5,2013-11-20,1,224.22
13076,AOGJM,7,2013-11-07,1,77.73
13077,TOWCZ,8,2013-11-20,2,16.18
13078,XOJOS,2,2013-11-24,3,236.85
13079,MFAQT,1,2013-11-10,3,95.92
13080,MJXVN,8,2013-11-23,1,28.02
13081,FWHII,7,2013-11-03,3,212.22
13082,GHUHP,2,2013-11-17,2,141.0
13083,EUSVY,8,2013-11-24,2,62.07
13084,JYAMY,7,2013-11-08,3,220.13
13085,CJNGS,1,2013-11-04,1,76.63
13086,KSFNV,6,2013-12-08,1,57.05
13087,SGTEY,4,2013-12-14,1,186.76
13088,VPFLW,6,2013-12-11,3,85.17
13089,AHYQD,9,2013-12-18,1,196.48
13090,MZTXS,8,2013-12-20,3,149.8
13091,YADXV,3,2013-12-06,2,84.39
13092,BPPOJ,8,2013-12-17,3,78.19
13093,HAQTM,3,2013-12-12,3,107.23
13094,YYIHO,4,2013-12-17,3,174.67
13095,RPHVQ,9,2013-12-26,3,28.67
13096,KFOGD,3,2013-12-01,2,237.36
13097,UXJOM,3,2013-12-23,1,66.88
13098,DSILU,4,2013-12-09,1,33.67
13099,MIBJV,3,2013-12-17,3,234.16
13100,ALFKI,6,2014-01-07,1,66.57
13101,THSQN,9,2014-01-26,3,213.56
13102,LBUUY,1,2014-01-11,2,96.72
13103,PNUAE,6,2014-01-08,2,7.53
13104,CSFEG,5,2014-01-05,2,199.08
13105,MXKGV,6,2014-01-07,3,202.41
13106,OUKVF,1,2014-01-04,2,188.29
13107,PALWN,9,2014-01-16,2,149.2
13108,UUHQZ,2,2014-01-06,3,157.85
13109,JEYCD,4,2014-01-13,2,178.25
13110,AXVGB,3,2014-01-06,3,27.48
13111,OBZUY,3,2014-01-08,3,155.95
13112,QEFYE,3,2014-01-18,2,29.05
13113,VHQKB,6,2014-01-19,2,11.61
13114,ALFKI,5,2014-02-06,2,47.45
13115,EUSVY,6,2014-02-19,2,88.5
13116,QEFYE,9,2014-02-22,2,170.93
13117,TWGGZ,1,2014-02-28,1,105.62
13118,HAQTM,6,2014-02-21,3,210.36
13119,EPYTU,7,2014-02-19,3,234.36
13120,VPFLW,9,2014-02-11,1,101.27
13121,FJXAS,7,2014-02-07,3,112.36
13122,RPWJE,9,2014-02-15,3,166.13
13123,JVTVC,9,2014-02-27,2,22.05
13124,QGQSJ,9,2014-02-21,1,59.81
13125,QGQSJ,5,2014-02-24,2,102.36
13126,TGMKB,7,2014-02-16,1,196.82
13127,AMPEQ,2,2014-02-08,3,125.34
13128,UXJOM,9,2014-03-13,2,37.23
13129,WPBNO,3,2014-03-18,3,228.51
13130,DTBGX,6,2014-03-02,1,74.24
13131,SVGTT,8,2014-03-07,2,188.45
13132,DFGYY,6,2014-03-24,1,101.01
13133,AYOND,9,2014-03-16,2,216.24
13134,LBSEZ,2,2014-03-02,1,122.92
13135,CCCHN,4,2014-03-23,2,73.12
13136,CLYBE,9,2014-03-27,2,75.17
13137,OHCSW,9,2014-03-23,3,182.74
13138,CLYBE,8,2014-03-13,3,158.12
13139,QJRQX,9,2014-03-03,1,116.42
13140,NWRRN,9,2014-03-09,3,155.09
13141,MNXAG,9,2014-03-14,2,10.17
13142,MWKXS,9,2014-03-25,1,228.78
13143,JCWVH,2,2014-03-27,1,38.08
13144,ALFKI,9,2014-04-27,3,32.58
13145,HXYLK,5,2014-04-25,2,163.83
13146,KRVOE,1,2014-04-10,1,55.29
13147,KIWFL,6,2014-04-05,1,92.4
13148,QDSIQ,3,2014-04-24,2,8.5
13149,ESKGK,4,2014-04-22,1,68.88
13150,MXDEI,7,2014-04-05,2,183.15
13151,MFPQU,6,2014-04-20,2,150.27
13152,OIIVP,4,2014-04-12,3,64.81
13153,ALFKI,7,2014-05-14,1,156.69
13154,UUHQZ,4,2014-05-25,1,138.67
13155,HIEWN,1,2014-05-02,1,18.41
13156,UPOLP,6,2014-05-03,1,11.77
13157,DDOTR,8,2014-05-05,2,85.42
13158,VYHBU,3,2014-05-18,3,150.84
13159,VXJHA,8,2014-05-06,3,163.62
13160,VTJBP,5,2014-05-06,2,88.84
13161,UPOLP,9,2014-05-08,1,249.68
13162,LPREO,4,2014-05-27,2,34.65
13163,HXYLK,1,2014-05-26,1,150.23
13164,KRVOE,6,2014-05-17,3,67.63
13165,TSFAP,6,2014-05-14,2,143.36
13166,PSZOY,1,2014-06-23,1,130.65
13167,UGXKI,9,2014-06-02,1,40.44
13168,KEHQT,3,2014-06-04,2,211.07
13169,FFUJF,9,2014-06-27,2,203.73
13170,VPTMC,3,2014-06-04,2,169.51
13171,CAHTL,5,2014-06-15,3,239.22
13172,TKZGB,8,2014-06-24,1,67.68
13173,WRGAC,6,2014-06-15,3,137.61
13174,OPZMR,2,2014-06-01,3,170.49
13175,KBWLG,9,2014-06-10,2,17.64
13176,ALFKI,5,2014-07-13,3,8.14
13177,DQLXX,1,2014-07-02,3,158.35
13178,TKZGB,7,2014-07-28,3,240.94
13179,OGFED,9,2014-07-27,1,118.74
13180,XTUBQ,9,2014-07-02,3,183.09
13181,EDMNO,6,2014-07-16,1,162.28
13182,KEHQT,1,2014-07-26,3,119.76
13183,QPTVF,1,2014-07-19,2,24.56
13184,COJQZ,5,2014-07-17,2,85.36
13185,CCCHN,9,2014-07-12,2,99.99
13186,HBKZL,5,2014-07-22,3,58.06
13187,AKZQT,6,2014-07-15,2,138.73
13188,NGCTP,9,2014-07-01,1,199.29
13189,ZYHVE,1,2014-07-08,2,76.49
13190,BNTXV,6,2014-07-11,3,160.47
13191,EYFDB,7,2014-07-27,3,222.24
13192,ALFKI,7,2014-08-18,1,229.5
13193,LBSEZ,2,2014-08-05,2,45.05
13194,RTJFF,9,2014-08-11,3,104.32
13195,WPBNO,6,2014-08-27,3,188.26
13196,PLRKR,5,2014-08-24,3,117.2
13197,MNXAG,8,2014-08-20,2,158.59
13198,DSILU,5,2014-08-26,3,12.97
13199,PWAVD,5,2014-08-17,2,56.84
13200,PXUAQ,4,2014-08-09,1,83.47
13201,HAQTM,2,2014-08-22,1,181.54
13202,HBKZL,6,2014-09-18,3,173.9
13203,AEQYP,1,2014-09-14,1,158.33
13204,POBYN,3,2014-09-24,3,17.78
13205,FJAKE,2,2014-09-15,1,167.29
13206,PFEIS,6,2014-09-08,3,208.76
13207,TINQA,7,2014-09-01,1,223.21
13208,YDJQK,3,2014-09-10,2,205.14
13209,VLLAI,1,2014-09-15,1,15.88
13210,QPTVF,8,2014-09-21,3,101.29
13211,ZYHVE,3,2014-09-01,1,147.51
13212,UUHQZ,4,2014-09-27,1,145.86
13213,ALFKI,6,2014-10-26,1,177.3
13214,XOJOS,1,2014-10-10,2,66.72
13215,BKUUP,6,2014-10-08,3,171.14
13216,QEFYE,3,2014-10-05,1,22.62
13217,SKOOI,4,2014-10-01,2,106.1
13218,SMLJL,5,2014-10-07,3,5.51
13219,JXNIV,3,2014-10-01,1,50.64
13220,KIWFL,8,2014-10-13,2,77.01
13221,VBYNW,4,2014-10-11,3,70.12
13222,RPWJE,3,2014-10-26,1,26.31
13223,XITAS,1,2014-10-06,1,126.24
13224,VLLAI,6,2014-10-17,2,141.66
13225,MFIDD,5,2014-10-04,3,20.11
13226,LDCGP,3,2014-10-11,1,36.68
13227,ALFKI,4,2014-11-25,2,131.12
13228,MYVXC,6,2014-11-04,3,241.61
13229,YCNLF,2,2014-11-22,2,98.99
13230,IQMQX,3,2014-11-09,2,67.94
13231,ODGMU,4,2014-11-20,1,66.49
13232,GVNBB,8,2014-11-20,2,248.48
13233,YADXV,1,2014-11-24,2,186.87
13234,UXJOM,3,2014-11-17,3,37.71
13235,SEYYD,1,2014-11-01,2,13.41
13236,KRVOE,7,2014-11-01,2,201.35
13237,HDHPW,2,2014-11-20,3,134.46
13238,VRYTZ,6,2014-12-07,3,205.25
13239,DXKIC,2,2014-12-13,2,58.77
13240,BNYBJ,6,2014-12-08,1,190.02
13241,SYQVE,9,2014-12-25,1,214.75
13242,INWFA,3,2014-12-23,1,20.2
13243,LPCSB,5,2014-12-19,2,221.2
13244,UQVLY,7,2014-12-16,3,210.87
13245,SVGTT,1,2014-12-24,3,60.83
13246,CTSWH,2,2014-12-04,2,242.14
13247,VPFLW,8,2014-12-11,1,215.14
13248,OOUXQ,8,2014-12-15,1,42.79
13249,OUXAV,7,2014-12-15,2,14.19
13250,VXJHA,4,2014-12-28,3,247.03
13251,PYDDY,1,2014-12-12,2,14.59
13252,ADEKP,9,2014-12-04,1,180.09
13253,TCJVQ,7,2014-12-17,1,187.91
13254,ALFKI,3,2015-01-09,3,116.37
13255,FNDZJ,7,2015-01-16,3,234.85
13256,WNTWV,9,2015-01-09,3,140.3
13257,ABYOA,4,2015-01-13,1,171.5
13258,CJNGS,6,2015-01-26,2,59.95
13259,QYLBO,1,2015-01-16,1,39.64
13260,FAEMX,2,2015-01-02,1,124.01
13261,QPTVF,4,2015-01-11,2,117.76
13262,EDMNO,7,2015-01-17,1,109.85
13263,UGXKI,3,2015-01-28,1,49.07
13264,ALFKI,1,2015-02-12,2,87.43
13265,YOOSA,8,2015-02-26,2,105.64
13266,HJIUV,7,2015-02-09,3,31.97
13267,GVOIG,2,2015-02-10,1,13.23
13268,FDBVN,3,2015-02-07,3,61.62
13269,BKUUP,1,2015-02-25,2,64.62
13270,VLLAI,9,2015-02-25,1,201.61
13271,AMPEQ,1,2015-02-27,1,29.73
13272,BOGAS,6,2015-03-15,1,110.19
13273,XVNBZ,4,2015-03-11,1,80.38
13274,GVNBB,2,2015-03-03,3,135.37
13275,RPHVQ,5,2015-03-04,3,204.73
13276,DIJBL,2,2015-03-14,2,197.73
13277,KSFNV,2,2015-03-25,1,130.13
13278,OMRHM,1,2015-03-27,2,74.2
13279,KRVOE,3,2015-03-04,2,130.08
13280,PYJLS,3,2015-03-09,2,142.7
13281,ALFKI,1,2015-04-23,1,209.57
13282,FAEMX,1,2015-04-01,2,193.35
13283,KFBFE,7,2015-04-01,2,11.99
13284,CSYLN,2,2015-04-07,2,76.92
13285,CJNGS,6,2015-04-01,1,32.39
13286,MBRVJ,5,2015-04-20,3,245.89
13287,OBZUY,6,2015-04-20,1,25.04
13288,WHCAA,8,2015-04-15,2,163.43
13289,TSFAP,3,2015-04-03,1,221.25
13290,UAXMI,1,2015-04-28,2,166.59
13291,PCKSN,1,2015-04-24,1,109.0
13292,WKKKT,8,2015-04-20,3,129.34
13293,JMUPQ,2,2015-04-14,2,47.36
13294,JVTVC,5,2015-04-24,1,234.43
13295,EUSVY,8,2015-04-01,2,191.07
13296,ALFKI,9,2015-05-21,1,212.52
13297,RZMXB,6,2015-05-27,3,183.11
13298,BNBPZ,5,2015-05-06,3,174.97
13299,BNYBJ,5,2015-05-25,3,177.65
13300,AOGJM,9,2015-05-24,2,81.54
13301,UWGXB,6,2015-05-09,2,149.38
13302,AHYQD,9,2015-05-27,2,43.53
13303,OBNRE,5,2015-05-06,2,169.57
13304,GBWAC,9,2015-05-14,1,248.53
13305,MNXAG,3,2015-05-14,3,74.37
13306,ZTSVE,1,2015-05-05,2,140.49
13307,CTSWH,6,2015-05-23,3,151.45
13308,MFPQU,6,2015-05-12,2,205.78
13309,IJIGR,9,2015-06-19,3,197.79
13310,OBSSH,9,2015-06-02,3,166.91
13311,RLXGK,9,2015-06-22,2,222.06
13312,TCJVQ,5,2015-06-25,1,61.42
13313,MAGHO,1,2015-06-25,3,10.83
13314,ZIUEE,3,2015-06-05,1,71.56
13315,WNHGY,9,2015-06-23,1,249.99
13316,ERRHS,2,2015-06-14,2,218.47
13317,FWHII,4,2015-06-11,1,155.36
13318,XITAS,5,2015-06-25,1,21.84
13319,PXKQP,8,2015-06-02,2,186.4
13320,YRUDE,2,2015-06-04,2,208.86
13321,OBZUY,1,2015-06-14,1,71.85
13322,SDYVG,4,2015-06-01,2,64.12
13323,UNSTP,1,2015-06-06,2,142.36
13324,ALFKI,7,2015-07-09,3,89.51
13325,INWFA,8,2015-07-13,2,37.54
13326,MXDEI,9,2015-07-10,2,58.33
13327,UDJOJ,5,2015-07-28,3,91.09
13328,GNWWW,4,2015-07-20,2,178.59
13329,FDBVN,8,2015-07-10,1,32.55
13330,QYLBO,9,2015-07-25,3,40.5
13331,PXKQP,5,2015-07-09,1,208.09
13332,WZZOG,1,2015-07-04,3,192.69
13333,DKAUS,3,2015-07-24,2,203.92
13334,BZYMS,6,2015-07-20,1,219.42
13335,PCUEV,8,2015-07-20,2,242.24
13336,ALFKI,1,2015-08-08,3,109.19
13337,VPTMC,1,2015-08-19,3,162.33
13338,JYAMY,7,2015-08-15,3,154.85
13339,FJSFT,8,2015-08-04,3,247.44
13340,CJNGS,6,2015-08-13,3,224.52
13341,VXJHA,5,2015-08-21,3,114.52
13342,COJQZ,3,2015-08-12,3,119.21
13343,TLYEZ,7,2015-08-11,2,43.47
13344,FAEMX,3,2015-08-11,1,109.56
13345,SNILW,7,2015-08-17,2,175.15
13346,FNDZJ,1,2015-08-26,2,11.89
13347,LIQGM,7,2015-09-08,3,22.89
13348,PALWN,5,2015-09-03,1,109.45
13349,TWGGZ,6,2015-09-02,3,216.45
13350,RZMXB,2,2015-09-13,2,183.91
13351,FNDZJ,8,2015-09-15,2,61.46
13352,KFBFE,7,2015-09-13,3,8.24
13353,HXYLK,2,2015-09-10,1,133.86
13354,CLYBE,5,2015-09-26,3,75.32
13355,KENFN,8,2015-09-05,1,31.53
13356,WPBNO,5,2015-09-28,1,232.08
13357,SMORH,6,2015-09-28,1,142.27
13358,JTDYX,7,2015-09-20,1,10.58
13359,HRVCS,1,2015-09-16,3,68.37
13360,ALFKI,3,2015-10-22,2,118.8
13361,AMPEQ,5,2015-10-12,2,115.01
13362,ZOXOL,2,2015-10-05,2,129.25
13363,KRVOE,7,2015-10-23,1,237.49
13364,WRHKC,6,2015-10-25,1,45.9
13365,WHCAA,4,2015-10-12,2,138.03
13366,PALWN,4,2015-10-22,3,48.01
13367,TINQA,7,2015-10-17,1,224.99
13368,GNWWW,8,2015-10-20,3,100.82
13369,KIODW,6,2015-10-21,3,5.72
13370,CSFEG,5,2015-10-25,1,104.61
13371,SHRWN,2,2015-10-23,3,84.79
13372,HAQTM,8,2015-10-03,2,9.86
13373,BPPOJ,8,2015-10-17,1,246.14
13374,LBSEZ,5,2015-10-15,1,37.84
13375,YJAXX,7,2015-10-25,3,63.78
13376,ALFKI,3,2015-11-21,3,42.11
13377,PXKQP,8,2015-11-04,2,195.75
13378,SWDEY,4,2015-11-04,3,193.9
13379,LEAWE,3,2015-11-10,3,78.48
13380,KVMJK,2,2015-11-17,3,126.56
13381,FWHII,5,2015-11-14,3,184.57
13382,WBBZO,7,2015-11-20,1,107.65
13383,AROUT,2,2015-11-28,2,11.03
13384,NRRJG,6,2015-11-27,2,94.23
13385,VHQKB,4,2015-11-10,2,176.37
13386,NXNXC,6,2015-11-23,3,127.38
13387,KVMJK,2,2015-11-16,3,9.65
13388,DTBGX,6,2015-11-03,2,236.62
13389,SPPRI,3,2015-11-16,1,162.27
13390,FMMRL,4,2015-12-14,1,93.64
13391,YJAXX,8,2015-12-26,1,24.42
13392,TKGMR,4,2015-12-22,2,8.23
13393,SMLJL,4,2015-12-16,2,134.5
13394,ZLZHX,5,2015-12-10,1,158.16
13395,FFWPN,8,2015-12-28,2,145.66
13396,QRPMD,3,2015-12-21,1,109.82
13397,NHEWZ,4,2015-12-10,1,45.79
13398,INWFA,7,2015-12-04,1,32.25
13399,EPYTU,3,2015-12-17,1,203.74
13400,PCUEV,9,2015-12-04,1,245.05
13401,FNDZJ,2,2015-12-24,2,205.53
13402,ALFKI,2,2016-01-12,2,177.95
13403,RKBFG,6,2016-01-03,2,29.37
13404,WPQBZ,6,2016-01-19,2,126.38
13405,MFPQU,6,2016-01-24,1,89.85
13406,ORXPP,4,2016-01-09,3,39.42
13407,OBZUY,8,2016-01-03,1,27.94
13408,KHKRV,6,2016-01-03,2,210.94
13409,FJXAS,6,2016-01-09,2,102.37
13410,DKAUS,4,2016-01-04,3,114.51
13411,YDANU,2,2016-01-16,2,60.45
13412,ALFKI,3,2016-02-08,2,174.44
13413,QKNWA,3,2016-02-20,2,219.16
13414,MEMFP,7,2016-02-21,1,49.46
13415,YCNLF,3,2016-02-10,2,47.39
13416,UCGRS,9,2016-02-25,1,114.15
13417,GBWAC,9,2016-02-08,2,246.77
13418,GVNBB,1,2016-02-22,2,20.79
13419,BCVKW,8,2016-02-16,2,236.85
13420,BNTXV,3,2016-02-14,2,154.15
13421,WBBZO,4,2016-02-19,2,171.62
13422,HJIUV,3,2016-02-08,3,203.38
13423,XITAS,2,2016-02-20,2,17.05
13424,CCCHN,4,2016-02-22,3,125.83
13425,KZCRH,8,2016-03-23,1,229.54
13426,BHJHW,6,2016-03-08,3,158.29
13427,SFBTI,8,2016-03-07,1,184.18
13428,OBNRE,4,2016-03-24,1,193.22
13429,CAHTL,3,2016-03-09,3,20.56
13430,WOMZN,8,2016-03-09,1,111.28
13431,YDKXG,1,2016-03-23,3,129.46
13432,NOELM,6,2016-03-26,2,73.84
13433,OHCSW,4,2016-03-03,3,197.61
13434,WBBZO,4,2016-03-12,3,166.31
13435,ALFKI,4,2016-04-26,3,33.02
13436,KVIFE,7,2016-04-05,2,98.74
13437,UROEB,2,2016-04-07,3,95.05
13438,VRCXB,9,2016-04-19,1,120.23
13439,OGFED,6,2016-04-04,2,158.0
13440,EDMNO,4,2016-04-24,2,76.95
13441,DQLXX,3,2016-04-10,3,9.73
13442,CAHTL,6,2016-04-14,2,196.13
13443,MFIDD,2,2016-04-16,3,107.44
13444,JLWBL,6,2016-04-26,2,52.42
13445,HIVZZ,6,2016-04-02,3,71.58
13446,ALFKI,3,2016-05-26,1,102.85
13447,QGQSJ,5,2016-05-22,2,140.79
13448,QNFGQ,6,2016-05-17,2,155.25
13449,SGTEY,8,2016-05-17,1,225.98
13450,QTIBV,9,2016-05-22,3,11.46
13451,XVNBZ,6,2016-05-17,2,43.01
13452,EIVGS,8,2016-05-08,3,81.19
13453,DQZFW,7,2016-05-13,3,139.86
13454,KVIFE,6,2016-05-20,3,235.1
13455,VPTMC,3,2016-05-03,3,131.39
13456,VNGES,9,2016-05-13,1,248.11
13457,UDJOJ,8,2016-05-19,2,229.05
13458,PYJLS,3,2016-05-12,3,225.64
13459,PNUAE,7,2016-05-25,3,164.44
13460,YRUDE,5,2016-05-02,2,231.83
13461,VPTMC,4,2016-05-17,2,105.89
13462,ORDDL,6,2016-06-12,1,23.56
13463,AKZQT,8,2016-06-03,1,172.09
13464,ALFKI,8,2016-06-21,3,71.74
13465,YADXV,8,2016-06-23,3,78.82
13466,CKKWE,4,2016-06-06,3,165.92
13467,VPTMC,4,2016-06-25,2,241.09
13468,TGMKB,5,2016-06-17,2,154.11
13469,CZVTV,6,2016-06-03,3,29.66
13470,LBGIQ,1,2016-06-20,3,104.66
13471,CFXGH,8,2016-06-14,3,12.39
13472,NYQCX,6,2016-06-02,2,69.73
13473,NXNXC,6,2016-06-08,1,54.59
13474,KIODW,6,2016-06-09,2,225.3
13475,ALFKI,8,2016-07-23,1,107.51
13476,CJCKO,3,2016-07-01,1,125.83
13477,VRCXB,8,2016-07-21,1,88.4
13478,RDKVH,5,2016-07-21,1,7.23
13479,HIAKV,6,2016-07-23,3,130.33
13480,PSNQQ,4,2016-07-21,2,239.36
13481,BTOQD,1,2016-07-14,2,194.02
13482,BNFBU,5,2016-07-09,3,115.98
13483,KFBFE,9,2016-07-07,2,50.78
13484,BPPOJ,1,2016-07-16,2,196.44
13485,MFRYM,7,2016-07-26,1,53.32
13486,QTIBV,9,2016-07-14,3,162.55
13487,UIAVN,4,2016-07-04,2,234.87
13488,SPPNZ,8,2016-07-02,3,184.73
13489,ALFKI,4,2016-08-01,2,246.93
13490,WSEBX,6,2016-08-14,3,171.67
13491,AOGJM,1,2016-08-01,2,45.59
13492,MNXAG,1,2016-08-18,1,17.89
13493,SFBTI,8,2016-08-24,3,208.22
13494,AFZRB,2,2016-08-17,3,22.25
13495,ZIUEE,2,2016-08-24,2,180.92
13496,IMRZC,4,2016-08-27,3,141.78
13497,IMRZC,2,2016-09-25,1,38.65
13498,WPQBZ,2,2016-09-10,1,241.3
13499,VHNYP,6,2016-09-14,2,219.04
13500,GHUHP,8,2016-09-03,2,75.17
13501,YVQCH,2,2016-09-03,1,148.62
13502,AHYQD,2,2016-09-11,1,202.81
13503,RDKVH,9,2016-09-22,3,198.49
13504,AHYQD,1,2016-09-07,1,245.11
13505,UCGRS,3,2016-09-17,2,110.31
13506,MAGHO,4,2016-09-13,1,60.05
13507,YADXV,9,2016-09-16,3,91.11
13508,KFBFE,7,2016-09-09,3,14.47
13509,QNFGQ,9,2016-09-13,1,229.53
13510,ORDDL,1,2016-09-16,1,31.83
13511,ALFKI,5,2016-10-28,2,66.71
13512,BKURQ,9,2016-10-04,3,24.17
13513,PLRKR,5,2016-10-25,3,127.87
13514,BTOQD,7,2016-10-22,2,72.91
13515,MEDBS,3,2016-10-24,3,47.06
13516,SPPRI,1,2016-10-24,2,217.73
13517,MEDBS,7,2016-10-18,1,16.2
13518,ODQBE,2,2016-10-28,1,226.1
13519,PCUEV,9,2016-10-22,2,51.82
13520,ALFKI,3,2016-11-15,1,144.24
13521,WHCAA,7,2016-11-28,3,165.18
13522,PLRKR,3,2016-11-09,2,7.62
13523,FYJFI,9,2016-11-09,2,74.94
13524,NGCTP,9,2016-11-05,2,186.6
13525,YRUDE,4,2016-11-16,3,239.2
13526,XCESB,5,2016-11-16,3,185.04
13527,CSUPO,6,2016-11-12,1,179.36
13528,CFBZD,7,2016-11-04,1,73.48
13529,YJAXX,5,2016-11-09,3,246.03
13530,GHUHP,8,2016-12-10,1,95.34
13531,AHYQD,8,2016-12-05,3,56.5
13532,YADXV,6,2016-12-25,3,128.64
13533,VHQKB,2,2016-12-14,1,155.01
13534,PFEIS,1,2016-12-18,1,184.54
13535,IQMQX,6,2016-12-21,2,67.74
13536,ALFKI,2,2016-12-02,2,12.53
13537,LVTKF,7,2016-12-22,1,207.55
13538,ALFKI,4,2017-01-28,3,220.86
13539,HIVZZ,4,2017-01-19,1,222.02
13540,MWKXS,6,2017-01-20,2,222.51
13541,ONAMJ,4,2017-01-05,3,235.16
13542,GQQTO,1,2017-01-02,2,19.74
13543,YADXV,2,2017-01-13,1,193.64
13544,GBDKX,1,2017-01-16,1,135.09
13545,JMONJ,1,2017-01-28,2,14.39
13546,HXSFC,5,2017-01-04,1,80.26
13547,XGXIC,8,2017-01-23,1,150.55
13548,YYIHO,4,2017-01-12,1,86.85
13549,SPPNZ,1,2017-01-14,1,172.26
13550,HRVCS,1,2017-01-26,1,225.63
13551,RDKVH,4,2017-01-24,1,202.05
13552,ODGMU,3,2017-01-15,3,45.43
13553,ALFKI,4,2017-02-17,1,69.5
13554,DSILU,2,2017-02-02,2,48.9
13555,POBYN,5,2017-02-07,1,25.84
13556,QVYOW,9,2017-02-13,3,135.43
13557,AKZQT,5,2017-02-10,2,122.18
13558,GIJPO,7,2017-02-26,1,5.99
13559,BYOJH,7,2017-02-07,2,7.41
13560,ONHNY,9,2017-02-15,1,46.93
13561,BCVKW,9,2017-02-24,1,32.1
13562,IMETZ,5,2017-02-24,3,168.4
13563,CFXGH,8,2017-02-24,1,67.5
13564,BNYBJ,9,2017-02-01,2,245.68
13565,EYFDB,9,2017-03-28,1,230.8
13566,QGQSJ,2,2017-03-19,3,102.35
13567,OHJOB,1,2017-03-08,1,94.22
13568,XOJBG,1,2017-03-25,3,70.09
13569,ADEKP,6,2017-03-03,1,77.16
13570,GHSFC,6,2017-03-25,3,245.11
13571,GBDKX,5,2017-03-14,1,8.41
13572,FARSL,6,2017-03-15,3,69.87
13573,FYJFI,2,2017-03-01,3,122.99
13574,RZMXB,2,2017-03-24,3,162.06
13575,OHJOB,2,2017-03-11,3,69.34
13576,ZMZNK,4,2017-03-10,2,49.49
13577,ALFKI,4,2017-04-05,1,6.64
13578,MEDBS,6,2017-04-14,2,120.85
13579,YRUDE,1,2017-04-22,3,18.37
13580,VPFLW,8,2017-04-28,3,149.61
13581,LBUUY,3,2017-04-06,3,234.79
13582,FYJFI,8,2017-04-03,1,168.27
13583,UEXKA,8,2017-04-24,1,202.57
13584,TSFAP,5,2017-04-20,1,185.37
13585,EIMER,6,2017-04-19,1,95.1
13586,YOOSA,8,2017-04-19,2,223.34
13587,MDMOQ,5,2017-04-20,3,220.2
13588,OHJOB,9,2017-04-16,2,174.57
13589,RLATT,9,2017-04-08,3,137.13
13590,OHJOB,5,2017-04-04,2,215.6
13591,ALFKI,4,2017-05-02,1,180.89
13592,GHUHP,5,2017-05-22,2,234.76
13593,SMORH,4,2017-05-27,3,174.33
13594,UFRZR,3,2017-05-17,1,119.56
13595,TFXGR,7,2017-05-18,3,138.36
13596,QGHTL,4,2017-05-24,1,202.58
13597,WKKKT,8,2017-05-25,1,129.2
13598,KHKRV,8,2017-05-02,1,106.53
13599,XVNBZ,8,2017-05-19,3,45.51
13600,TGMKB,9,2017-05-07,2,190.63
13601,UIAVN,6,2017-05-25,2,31.12
13602,ZBUSK,5,2017-05-20,3,130.66
13603,BZYMS,1,2017-05-01,2,66.67
13604,VTJBP,1,2017-05-19,3,49.64
13605,GIJPO,7,2017-06-24,1,47.42
13606,VEYUQ,6,2017-06-02,3,150.38
13607,IMRZC,9,2017-06-17,3,25.66
13608,YLWKF,3,2017-06-05,1,69.23
13609,DFGYY,7,2017-06-22,3,191.54
13610,PFEIS,2,2017-06-11,3,207.52
13611,MEMFP,1,2017-06-25,1,172.88
13612,KFOGD,5,2017-06-06,3,99.56
13613,PALWN,7,2017-06-12,3,33.06
13614,FYJFI,4,2017-06-25,1,73.28
13615,ALFKI,2,2017-07-22,3,66.76
13616,LHTHA,3,2017-07-28,2,128.54
13617,PXUAQ,2,2017-07-13,1,9.68
13618,AXVGB,6,2017-07-09,3,103.87
13619,PFEIS,7,2017-07-17,2,9.82
13620,COJQZ,2,2017-07-09,2,12.47
13621,FBKWN,8,2017-07-02,1,237.23
13622,DDOTR,3,2017-07-25,2,120.65
13623,ALFKI,4,2017-08-10,3,188.36
13624,SKSEF,6,2017-08-13,1,114.15
13625,UBETI,1,2017-08-09,2,60.38
13626,KLBBL,1,2017-08-12,1,160.29
13627,ONAMJ,9,2017-08-07,1,17.47
13628,DTBGX,3,2017-08-04,3,19.57
13629,THSQN,3,2017-08-28,1,117.1
13630,SRKFV,5,2017-08-02,2,144.96
13631,LPVQG,8,2017-08-17,3,198.91
13632,HAQTM,5,2017-08-11,2,132.88
13633,MDMOQ,9,2017-08-28,2,97.01
13634,UQVLY,4,2017-08-17,2,195.41
13635,OHJOB,7,2017-08-04,2,203.61
13636,UPOLP,1,2017-08-22,3,200.12
13637,UCGRS,9,2017-08-28,3,95.99
13638,BNTXV,7,2017-09-22,1,145.69
13639,IPGHZ,3,2017-09-25,3,122.67
13640,MJXVN,1,2017-09-14,1,192.24
13641,UDJOJ,5,2017-09-09,3,101.98
13642,VDSCL,7,2017-09-01,2,214.84
13643,TOWCZ,8,2017-09-10,3,122.71
13644,TFXGR,9,2017-09-25,2,84.63
13645,EDMNO,6,2017-09-21,3,142.47
13646,HRLRL,3,2017-09-27,3,77.91
13647,MHXGD,2,2017-09-02,2,224.69
13648,ZBUSK,1,2017-09-08,3,29.79
13649,HDHPW,1,2017-09-19,1,224.7
13650,ALFKI,5,2017-10-07,2,30.7
13651,CSFEG,2,2017-10-21,3,248.15
13652,DSILU,3,2017-10-09,1,68.65
13653,PFSWD,7,2017-10-15,3,176.85
13654,YRUDE,6,2017-10-23,1,93.92
13655,MOYAF,8,2017-10-26,3,76.38
13656,KEHQT,6,2017-10-21,3,64.5
13657,VFRVX,8,2017-10-16,1,38.36
13658,TYMYS,9,2017-10-14,1,224.91
13659,BCVKW,7,2017-10-07,3,31.91
13660,YLWKF,2,2017-10-12,3,46.54
13661,SEYYD,7,2017-10-13,1,145.87
13662,CJCKO,8,2017-10-05,3,107.83
13663,QDSIQ,6,2017-10-27,3,105.47
13664,BTOQD,3,2017-10-15,3,53.97
13665,ALFKI,4,2017-11-26,2,202.38
13666,PUQHW,5,2017-11-07,1,56.83
13667,XGXIC,6,2017-11-06,2,165.53
13668,MFAQT,1,2017-11-22,3,188.44
13669,PWGYK,8,2017-11-12,3,58.58
13670,UPOLP,1,2017-11-02,1,184.21
13671,SNILW,2,2017-11-23,3,183.97
13672,PBQGH,8,2017-11-10,3,202.75
13673,HLHVL,8,2017-11-05,1,85.21
13674,IQMQX,5,2017-11-26,2,166.43
13675,VQYET,2,2017-11-11,2,225.76
13676,KEHQT,7,2017-11-12,1,163.45
13677,BTOQD,6,2017-11-05,3,207.46
13678,SEYYD,5,2017-11-28,2,57.56
13679,FAEMX,9,2017-11-18,1,100.54
13680,GVOIG,3,2017-12-19,3,45.26
13681,GVOIG,6,2017-12-26,1,113.89
13682,SPPNZ,7,2017-12-03,1,98.76
13683,PUHRO,4,2017-12-04,2,19.19
13684,DTBGX,9,2017-12-10,2,50.6
13685,HIEWN,5,2017-12-01,2,209.07
13686,KENFN,4,2017-12-14,1,51.2
13687,WPBNO,8,2017-12-12,2,112.41
13688,OIIVP,1,2017-12-03,1,66.27
13689,DTBGX,3,2017-12-28,1,86.59
13690,NSHTA,9,2017-12-21,1,11.73
13691,YNEYD,9,2017-12-22,1,15.19
13692,EUSVY,3,2017-12-28,1,246.65
13693,ALFKI,5,2018-01-26,3,44.98
13694,PFEIS,8,2018-01-17,2,234.95
13695,UBETI,9,2018-01-21,2,207.02
13696,UIHOS,6,2018-01-23,1,196.06
13697,UBETI,3,2018-01-11,2,176.63
13698,CVUQF,8,2018-01-01,1,207.72
13699,SKOOI,9,2018-01-27,3,115.31
13700,JVTVC,4,2018-01-20,2,211.83
13701,WVGUX,8,2018-01-17,3,120.22
13702,KFBFE,2,2018-01-11,2,124.43
13703,PYDDY,3,2018-01-27,1,98.06
13704,HHIHO,6,2018-01-05,2,212.06
13705,BISXZ,9,2018-01-23,1,159.42
13706,ALFKI,9,2018-02-06,2,30.05
13707,YYIHO,9,2018-02-07,2,163.77
13708,MAPTB,5,2018-02-15,3,176.37
13709,OHCSW,9,2018-02-10,1,146.62
13710,XCESB,9,2018-02-24,2,24.47
13711,OELNJ,7,2018-02-24,3,97.2
13712,RTSEZ,6,2018-02-11,3,238.44
13713,WNTWV,5,2018-02-24,3,164.63
13714,ZVYJH,3,2018-02-03,2,239.5
13715,UQVLY,6,2018-02-09,2,88.08
13716,RPWJE,6,2018-02-19,2,200.93
13717,DTZKB,3,2018-02-27,3,210.64
13718,RBMPA,7,2018-03-18,3,180.91
13719,TINQA,6,2018-03-21,2,171.48
13720,CCCHN,2,2018-03-17,1,45.39
13721,YNTPM,5,2018-03-03,3,73.9
13722,ODQBE,7,2018-03-23,3,34.51
13723,XPVSE,1,2018-03-28,3,51.05
13724,OUXAV,9,2018-03-27,1,105.66
13725,KLBBL,8,2018-03-28,2,188.67
13726,XJEHG,1,2018-03-10,2,59.09
13727,CSUPO,1,2018-03-24,1,147.43
13728,CTSBD,9,2018-03-11,1,164.61
13729,HQOTI,1,2018-03-07,2,152.0
13730,MFPQU,4,2018-03-23,1,163.41
13731,OBNRE,1,2018-03-02,1,166.93
13732,ALFKI,2,2018-04-09,1,177.44
13733,LBUUY,5,2018-04-19,3,208.36
13734,HTUFX,3,2018-04-22,2,238.18
13735,NSHTA,9,2018-04-17,2,183.73
13736,ZPMLW,4,2018-04-04,2,104.8
13737,AXBVH,7,2018-04-07,1,6.02
13738,DGSNV,5,2018-04-20,1,232.77
13739,WVGUX,4,2018-04-03,1,129.53
13740,DFGYY,3,2018-04-10,2,114.16
13741,PZFXA,4,2018-04-24,3,124.46
13742,LEAWE,6,2018-04-26,2,219.27
13743,EASCC,9,2018-04-24,3,107.94
13744,MYWSA,1,2018-04-16,2,191.57
13745,ALFKI,8,2018-05-22,2,30.55
13746,PZFXA,4,2018-05-22,3,117.89
13747,ZUDTB,7,2018-05-19,3,205.9
13748,AOYNN,6,2018-05-14,3,118.35
13749,DTZKB,5,2018-05-07,3,56.43
13750,TFXGR,8,2018-05-26,3,18.11
13751,QJRQX,3,2018-05-09,2,87.69
13752,RKBFG,8,2018-05-13,3,63.43
13753,VFZEZ,1,2018-05-19,1,159.35
13754,QDSIQ,4,2018-05-02,2,108.94
13755,FFFYR,8,2018-05-19,2,30.14
13756,SHRWN,1,2018-06-23,1,85.89
13757,OUKVF,5,2018-06-20,3,24.82
13758,SPPNZ,2,2018-06-06,2,129.86
13759,TFKVI,3,2018-06-10,3,244.3
13760,DDOTR,2,2018-06-25,1,102.45
13761,ONHNY,2,2018-06-26,3,83.25
13762,QNFGQ,6,2018-06-22,2,91.79
13763,ETXRP,8,2018-06-25,2,187.66
13764,WTLDY,9,2018-06-18,1,170.81
13765,IMRZC,3,2018-06-03,2,33.99
13766,OBZUY,3,2018-06-28,2,145.19
13767,UGXKI,8,2018-06-20,1,94.69
13768,HRLRL,9,2018-06-26,2,71.99
13769,DSBKV,7,2018-06-27,2,10.44
13770,ALFKI,1,2018-07-21,2,227.55
13771,AHYQD,3,2018-07-12,1,230.62
13772,YYIHO,8,2018-07-09,1,60.14
13773,DQZFW,5,2018-07-20,3,129.3
13774,OMRHM,2,2018-07-25,1,182.5
13775,SEYYD,3,2018-07-17,2,70.64
13776,PCKSN,5,2018-07-01,2,215.8
13777,AFZRB,2,2018-07-27,2,197.1
13778,DGSNV,9,2018-07-26,1,111.61
13779,BCVKW,6,2018-07-17,1,78.77
13780,EDMNO,1,2018-07-25,2,229.67
13781,ABYOA,8,2018-07-25,1,57.93
13782,YADXV,8,2018-07-18,3,163.79
13783,KIODW,2,2018-07-17,1,54.66
13784,ALFKI,8,2018-08-25,3,242.49
13785,RPHVQ,7,2018-08-15,1,133.47
13786,KFOGD,5,2018-08-24,1,6.62
13787,UMMFB,8,2018-08-10,1,70.95
13788,AKZQT,6,2018-08-05,3,222.97
13789,QNFGQ,3,2018-08-21,2,195.18
13790,MHXGD,1,2018-08-22,1,43.71
13791,TFXGR,7,2018-08-07,1,67.98
13792,ODQBE,9,2018-08-09,2,144.93
13793,MIBJV,5,2018-08-18,1,8.36
13794,WNHGY,3,2018-08-07,3,103.78
13795,WVGUX,5,2018-08-28,3,126.0
13796,TLYEZ,9,2018-08-07,3,121.01
13797,PXUAQ,2,2018-08-28,1,140.05
13798,BISXZ,8,2018-09-04,3,80.94
13799,KIODW,8,2018-09-18,1,60.22
13800,TINQA,1,2018-09-26,2,32.16
13801,FYJFI,8,2018-09-20,3,17.68
13802,UUHQZ,9,2018-09-19,2,125.93
13803,HIVZZ,7,2018-09-15,3,154.98
13804,UMMFB,9,2018-09-10,3,196.54
13805,EUSVY,6,2018-09-05,2,152.77
13806,EUSVY,1,2018-09-02,1,219.57
13807,JVTVC,2,2018-09-28,2,50.48
13808,MYVXC,4,2018-09-09,1,52.9
13809,VLLAI,8,2018-09-25,3,51.11
13810,ALFKI,7,2018-10-14,2,37.13
13811,RKBFG,1,2018-10-23,3,245.52
13812,ADEKP,9,2018-10-10,1,157.33
13813,HIAKV,4,2018-10-05,1,229.42
13814,DIJBL,3,2018-10-20,3,209.29
13815,VEYUQ,9,2018-10-26,1,14.4
13816,LNKFG,2,2018-10-26,1,78.09
13817,GIJPO,5,2018-10-22,2,113.4
13818,LBSEZ,5,2018-10-25,2,143.44
13819,DGSNV,7,2018-10-19,3,145.19
13820,PCKSN,1,2018-10-14,1,128.75
13821,THSQN,8,2018-10-19,3,65.88
13822,TLYEZ,1,2018-10-05,1,200.38
13823,QWDTO,7,2018-10-05,2,248.69
13824,HAQTM,6,2018-10-28,1,203.46
13825,EASCC,3,2018-10-23,3,148.69
13826,ALFKI,5,2018-11-22,2,131.99
13827,TINQA,5,2018-11-23,1,55.9
13828,SDYVG,7,2018-11-16,2,151.69
13829,SLWVH,7,2018-11-05,2,240.07
13830,BNYBJ,3,2018-11-27,3,91.12
13831,TKZGB,3,2018-11-16,3,152.12
13832,CFXGH,3,2018-11-24,1,131.52
13833,TRYSX,6,2018-11-20,1,142.47
13834,HHIHO,1,2018-11-08,1,122.86
13835,WVGUX,9,2018-11-06,2,164.08
13836,TKZGB,8,2018-11-14,1,134.77
13837,UNSTP,3,2018-11-12,1,176.43
13838,CSUPO,6,2018-11-09,2,81.26
13839,IMRZC,1,2018-11-07,1,91.85
13840,VBYNW,5,2018-12-17,2,142.43
13841,DTBGX,6,2018-12-11,1,59.73
13842,DSILU,8,2018-12-22,1,230.85
13843,ADEKP,6,2018-12-08,1,130.12
13844,LHTHA,7,2018-12-03,3,208.77
13845,RNTHV,5,2018-12-02,1,142.63
13846,HGUIL,2,2018-12-14,1,153.68
13847,XLAVG,4,2018-12-28,2,84.09
13848,ALFKI,2,2019-01-27,2,135.49
13849,VDSCL,9,2019-01-24,1,166.13
13850,HRLRL,5,2019-01-26,1,86.42
13851,OPZMR,3,2019-01-13,2,133.63
13852,DFGYY,9,2019-01-11,3,106.76
13853,QTIBV,8,2019-01-24,2,24.16
13854,GQQTO,5,2019-01-04,2,24.65
13855,MXKGV,1,2019-01-19,2,231.38
13856,EVWOV,2,2019-01-18,2,181.29
13857,NWRRN,3,2019-01-11,1,216.52
13858,PCUEV,3,2019-01-05,3,7.79
13859,BZYMS,7,2019-01-02,3,144.83
13860,BZYMS,3,2019-01-11,3,229.98
13861,DPPDH,5,2019-01-12,1,89.6
13862,PZDII,9,2019-01-27,2,189.92
13863,ALFKI,1,2019-02-13,1,6.13
13864,UEXKA,2,2019-02-25,3,82.42
13865,ZZUFD,6,2019-02-21,3,180.12
13866,CFBZD,1,2019-02-22,1,225.77
13867,EIMER,6,2019-02-10,1,206.45
13868,CTSWH,8,2019-02-08,3,197.96
13869,WNOOO,8,2019-02-18,3,160.43
13870,FWHII,4,2019-02-19,1,212.19
13871,ALPBF,6,2019-02-27,2,85.38
13872,QWDTO,2,2019-02-22,1,51.22
13873,FFWPN,5,2019-02-21,2,121.94
13874,AROUT,6,2019-02-18,2,189.87
13875,JATCM,5,2019-02-07,1,6.65
13876,OOUXQ,6,2019-02-13,2,83.01
13877,BAQLL,9,2019-02-12,3,96.84
13878,QNFGQ,2,2019-02-18,2,105.1
13879,HDHPW,2,2019-03-16,3,171.46
13880,BISXZ,3,2019-03-06,2,25.4
13881,WZCBS,4,2019-03-06,3,86.27
13882,VQYET,1,2019-03-08,3,67.23
13883,OHJOB,7,2019-03-23,2,196.81
13884,SPPNZ,7,2019-03-07,2,231.27
13885,PLRKR,8,2019-03-20,3,148.08
13886,HXSFC,7,2019-03-10,3,194.36
13887,FDCEW,2,2019-03-08,1,132.74
13888,JLSTF,6,2019-03-16,3,168.26
13889,FDCEW,5,2019-03-18,1,53.35
13890,ZYHVE,9,2019-03-24,3,130.15
13891,EIMER,5,2019-03-06,3,10.5
13892,TGMKB,1,2019-03-11,3,225.96
13893,ALFKI,4,2019-04-03,2,195.48
13894,FBKWN,2,2019-04-28,1,111.27
13895,NSHTA,9,2019-04-12,3,182.17
13896,PXUAQ,2,2019-04-10,1,67.03
13897,WBBZO,3,2019-04-07,2,144.82
13898,UWGXB,2,2019-04-19,1,166.86
13899,SPPRI,5,2019-04-16,1,130.86
13900,WNOOO,4,2019-04-10,3,144.83
13901,KBWLG,6,2019-04-25,2,122.62
13902,WKKKT,6,2019-04-06,1,114.84
13903,RLXGK,9,2019-04-06,3,106.51
13904,HGUIL,7,2019-04-04,2,139.57
13905,ORXPP,8,2019-04-25,2,121.19
13906,VHNYP,5,2019-04-20,2,245.57
13907,CFBZD,3,2019-04-21,3,144.62
13908,GVNBB,6,2019-04-03,3,231.58
13909,ALFKI,1,2019-05-19,2,148.47
13910,YADXV,1,2019-05-12,2,84.57
13911,RCQDF,5,2019-05-04,3,146.79
13912,HAWET,3,2019-05-20,3,177.86
13913,PFEIS,7,2019-05-04,1,13.72
13914,MIBJV,6,2019-05-05,3,131.54
13915,UIHOS,1,2019-05-25,2,215.23
13916,EASCC,5,2019-05-16,1,15.34
13917,KFOGD,6,2019-05-20,2,134.41
13918,ZBUSK,6,2019-05-21,3,82.23
13919,YCNLF,7,2019-05-02,1,32.97
13920,VLLAI,5,2019-05-16,3,38.79
13921,ODQBE,6,2019-05-28,3,116.12
13922,CSFEG,3,2019-05-10,3,8.85
13923,SPPNZ,8,2019-05-22,3,168.04
13924,TWKDN,9,2019-05-17,2,180.71
13925,JATCM,9,2019-06-02,3,51.57
13926,TSFAP,2,2019-06-15,2,232.04
13927,JATCM,9,2019-06-21,2,203.87
13928,SWDEY,9,2019-06-08,3,183.51
13929,WNOOO,1,2019-06-01,2,159.33
13930,TFXGR,1,2019-06-25,3,199.05
13931,LPCSB,1,2019-06-21,2,20.08
13932,YVQCH,4,2019-06-02,1,48.28
13933,PZDII,4,2019-06-08,2,229.44
13934,EOAED,4,2019-06-07,2,109.75
13935,ALFKI,1,2019-07-27,2,202.29
13936,OGFED,5,2019-07-12,1,133.13
13937,JYAMY,1,2019-07-10,3,205.53
13938,KFBFE,4,2019-07-01,2,75.72
13939,OOUXQ,3,2019-07-10,1,44.47
13940,SDYVG,5,2019-07-27,1,195.0
13941,YCNLF,7,2019-07-09,1,168.83
13942,RDKVH,2,2019-07-19,2,114.11
13943,NWRRN,3,2019-07-14,3,28.35
13944,LPCSB,4,2019-07-06,2,155.37
13945,TFDTU,7,2019-07-23,1,224.83
13946,OBNRE,4,2019-07-22,2,108.77
13947,ALFKI,8,2019-08-20,3,64.37
13948,UICCC,5,2019-08-10,1,52.94
13949,JMUPQ,7,2019-08-18,2,164.02
13950,WEARC,7,2019-08-27,3,59.17
13951,XGXIC,1,2019-08-28,2,127.75
13952,HAWET,9,2019-08-14,1,101.8
13953,RCQDF,2,2019-08-07,2,246.45
13954,WRNCK,6,2019-08-08,1,14.85
13955,WRNCK,9,2019-08-13,3,76.03
13956,PWGYK,6,2019-08-14,2,166.88
13957,WNHGY,5,2019-08-24,2,54.55
13958,BPPOJ,5,2019-08-22,3,185.51
13959,IFZDI,2,2019-09-13,1,201.67
13960,ZZUFD,5,2019-09-17,3,89.55
13961,DFEOL,3,2019-09-02,2,33.92
13962,BNBPZ,9,2019-09-02,3,161.49
13963,LHTHA,1,2019-09-01,3,60.97
13964,VFRVX,7,2019-09-13,2,171.81
13965,TGMKB,2,2019-09-25,3,5.47
13966,RNTHV,8,2019-09-26,1,173.98
13967,FGLEI,2,2019-09-22,1,129.2
13968,CLYBE,8,2019-09-12,3,58.83
13969,ALFKI,7,2019-10-07,2,224.54
13970,GBWAC,8,2019-10-27,3,99.2
13971,QFKIJ,2,2019-10-04,2,141.88
13972,HTUFX,1,2019-10-10,1,19.95
13973,UFRZR,9,2019-10-27,2,150.06
13974,KVMJK,2,2019-10-07,2,217.13
13975,FDCEW,3,2019-10-18,2,120.39
13976,OHJOB,9,2019-10-16,3,122.05
13977,ALFKI,9,2019-11-18,1,245.77
13978,JCWVH,7,2019-11-03,1,39.45
13979,UCZFS,9,2019-11-04,3,208.93
13980,CTSWH,8,2019-11-20,1,194.37
13981,ADEKP,1,2019-11-15,1,230.35
13982,QKNWA,3,2019-11-02,1,154.24
13983,TFXGR,5,2019-11-04,3,44.37
13984,LIQGM,7,2019-11-09,2,226.96
13985,DXKIC,4,2019-11-17,2,128.14
13986,IMETZ,4,2019-11-04,2,172.5
13987,YWUSA,7,2019-11-22,1,41.64
13988,XOJBG,6,2019-11-26,1,115.2
13989,UXJOM,5,2019-12-07,1,11.85
13990,MAPNH,7,2019-12-19,1,159.93
13991,EYFDB,7,2019-12-06,2,206.02
13992,EIOCD,7,2019-12-05,1,193.59
13993,QEFYE,6,2019-12-13,3,81.96
13994,QNFGQ,6,2019-12-28,2,110.46
13995,KLBBL,9,2019-12-13,3,104.15
13996,CSFEG,9,2019-12-09,2,18.28
13997,ONHNY,3,2019-12-12,2,121.66
13998,TINQA,7,2019-12-25,1,245.11
13999,CFXGH,2,2019-12-27,3,128.13
14000,VQFXE,2,2019-12-23,1,61.01
14001,FOSTR,7,2019-12-11,3,178.29
14002,UUHQZ,3,2019-12-14,1,76.22
14003,NWRRN,7,2019-12-25,1,77.95
14004,ALFKI,4,2020-01-10,3,59.07
14005,PCOZG,6,2020-01-20,1,129.98
14006,YLWKF,2,2020-01-02,2,20.51
14007,PNUAE,8,2020-01-21,2,10.56
14008,WTLDY,6,2020-01-08,3,106.67
14009,OUXAV,8,2020-01-19,1,20.83
14010,PXUAQ,4,2020-01-12,1,31.13
14011,TINQA,4,2020-01-05,2,13.03
14012,RLATT,7,2020-01-10,3,160.01
14013,HAWET,8,2020-01-02,3,79.72
14014,UKNDZ,6,2020-01-27,2,197.34
14015,LHTHA,9,2020-01-20,3,228.13
14016,GSWQC,6,2020-01-23,3,120.69
14017,DUUCI,9,2020-01-20,1,179.43
14018,WPQBZ,9,2020-01-16,1,35.55
14019,VBYNW,1,2020-01-28,2,231.42
14020,ALFKI,5,2020-02-25,2,24.43
14021,DPPDH,6,2020-02-24,2,28.05
14022,AOGJM,8,2020-02-04,1,186.9
14023,IZSFD,6,2020-02-22,1,127.56
14024,IFZDI,4,2020-02-23,1,50.03
14025,ZUDTB,9,2020-02-23,1,80.73
14026,DFGYY,2,2020-02-23,1,187.93
14027,DXXWR,8,2020-02-08,1,198.63
14028,JCWVH,7,2020-02-03,2,161.81
14029,PWAVD,6,2020-02-10,1,151.04
14030,SGPZQ,4,2020-03-26,3,180.58
14031,OELNJ,1,2020-03-16,2,148.59
14032,CSYLN,1,2020-03-16,1,201.71
14033,BKURQ,2,2020-03-02,3,24.02
14034,CSUPO,5,2020-03-11,1,43.39
14035,CVUQF,6,2020-03-10,3,100.85
14036,OBZUY,7,2020-03-02,1,17.46
14037,PRQUX,7,2020-03-03,2,180.1
14038,AHYQD,9,2020-03-13,3,131.11
14039,VHQKB,9,2020-03-07,2,17.24
14040,VMQDP,7,2020-03-01,3,189.63
14041,ALFKI,3,2020-04-02,3,11.0
14042,MFIDD,8,2020-04-12,1,13.4
14043,RPHVQ,3,2020-04-15,3,95.33
14044,MXDEI,4,2020-04-01,1,38.52
14045,ZCUXQ,5,2020-04-03,3,204.09
14046,QKNWA,4,2020-04-15,2,224.68
14047,BLCJY,5,2020-04-03,2,136.8
14048,NHZWD,8,2020-04-18,3,109.29
14049,UWGXB,1,2020-04-22,2,163.69
14050,JLWBL,9,2020-04-06,3,190.09
14051,CFBZD,8,2020-04-28,3,87.75
14052,FFWPN,9,2020-04-27,3,131.21
14053,WBBZO,7,2020-04-07,3,14.03
14054,BLCJY,3,2020-04-08,1,16.5
14055,AROUT,1,2020-04-02,1,223.43
14056,BLCJY,2,2020-04-16,3,202.06
14057,ALFKI,8,2020-05-25,1,52.03
14058,EIVGS,1,2020-05-16,3,105.42
14059,WPQBZ,6,2020-05-10,1,224.73
14060,TRPNK,6,2020-05-09,2,223.07
14061,AMPEQ,8,2020-05-22,2,234.11
14062,ESKGK,5,2020-05-28,1,196.18
14063,YADXV,4,2020-05-20,1,128.49
14064,LBSEZ,7,2020-05-25,2,19.34
14065,EOAED,3,2020-05-05,2,58.17
14066,UQVLY,2,2020-05-20,3,117.56
14067,KSFNV,1,2020-06-12,3,139.33
14068,TKGMR,8,2020-06-21,2,112.65
14069,QJRQX,7,2020-06-26,1,68.89
14070,TINQC,3,2020-06-07,2,243.98
14071,OBZUY,6,2020-06-19,3,205.66
14072,KIODW,2,2020-06-05,2,39.38
14073,DPPDH,5,2020-06-12,2,240.6
14074,VCKGN,6,2020-06-26,1,8.08
14075,THSQN,9,2020-06-15,3,130.84
14076,OUKVF,1,2020-06-19,1,121.09
14077,NJZSF,1,2020-06-13,2,242.75
14078,NOELM,2,2020-06-23,3,225.82
14079,BYOJH,8,2020-06-28,1,146.29
14080,NDYSD,6,2020-06-23,2,18.95
14081,NOELM,7,2020-06-20,1,118.18
14082,QTIBV,7,2020-06-13,3,159.02
14083,ALFKI,9,2020-07-20,2,13.7
14084,MEDBS,7,2020-07-18,1,78.81
14085,IWQPR,4,2020-07-07,1,166.01
14086,HKBHD,9,2020-07-20,1,62.32
14087,ABYOA,8,2020-07-20,1,22.41
14088,BAQLL,7,2020-07-20,2,122.4
14089,TFXGR,2,2020-07-14,2,32.28
14090,OAHDC,2,2020-07-14,1,51.51
14091,OBNRE,5,2020-07-27,1,72.68
14092,ALFKI,6,2020-08-28,1,189.46
14093,AIPEN,3,2020-08-24,3,126.65
14094,AOGJM,2,2020-08-21,3,91.01
14095,KZCRH,2,2020-08-19,1,38.4
14096,LNKFG,5,2020-08-11,2,74.79
14097,GQQTO,5,2020-08-14,3,149.69
14098,ORXPP,3,2020-08-07,2,224.31
14099,KFBFE,9,2020-08-17,1,91.01
14100,ZBORO,8,2020-08-16,2,65.07
14101,CKKWE,6,2020-08-01,2,243.65
14102,NXNXC,8,2020-08-01,2,211.52
14103,UWPCY,2,2020-09-19,2,145.82
14104,LAOWV,5,2020-09-28,2,73.72
14105,VLMTI,9,2020-09-15,2,148.05
14106,IJIGR,2,2020-09-20,2,244.0
14107,UFRZR,6,2020-09-21,1,87.72
14108,DPPDH,2,2020-09-06,2,155.61
14109,FJXAS,9,2020-09-09,2,109.39
14110,TGMKB,3,2020-09-09,1,100.06
14111,WRHKC,4,2020-09-15,2,238.28
14112,PWGYK,1,2020-09-21,1,106.56
14113,UNSTP,9,2020-09-12,2,164.81
14114,ALFKI,3,2020-10-14,3,12.25
14115,PFSWD,4,2020-10-04,1,154.15
14116,IPGHZ,7,2020-10-07,3,117.06
14117,MFVTR,6,2020-10-06,1,211.47
14118,OHCSW,3,2020-10-21,1,164.42
14119,SMORH,4,2020-10-23,2,54.29
14120,EIMER,6,2020-10-01,2,173.14
14121,WXNSJ,1,2020-10-25,3,144.64
14122,UIAVN,5,2020-10-27,1,212.3
14123,XOJOS,6,2020-10-26,1,199.44
14124,EYFDB,4,2020-10-24,3,147.83
14125,ZVYJH,9,2020-10-21,2,180.47
14126,ALFKI,9,2020-11-28,1,22.65
14127,IJIGR,7,2020-11-27,1,77.67
14128,MHXGD,6,2020-11-28,1,163.88
14129,MWKXS,1,2020-11-05,2,241.56
14130,JATCM,1,2020-11-21,3,229.85
14131,RNTHV,3,2020-11-09,2,134.69
14132,POBYN,8,2020-11-06,1,35.33
14133,DQLXX,3,2020-11-12,3,24.35
14134,VYHBU,6,2020-11-16,1,28.32
14135,LPVQG,6,2020-11-14,2,17.88
14136,ZVYJH,4,2020-11-10,3,101.09
14137,LVTKF,8,2020-12-14,1,180.77
14138,RLXGK,5,2020-12-15,3,181.8
14139,PYJLS,5,2020-12-23,2,169.46
14140,SLWVH,8,2020-12-09,3,90.68
14141,ETXRP,9,2020-12-15,1,69.54
14142,BCVKW,7,2020-12-10,1,135.17
14143,ZXSXD,1,2020-12-08,2,29.89
14144,RLATT,1,2020-12-23,1,24.94
14145,HJQHH,9,2020-12-03,3,102.58
14146,SAWUR,2,2020-12-23,1,48.82
14147,FBKWN,6,2020-12-21,2,44.25
14148,ALFKI,5,2021-01-02,1,137.22
14149,AXVGB,7,2021-01-20,1,38.49
14150,OUKVF,4,2021-01-25,1,140.25
14151,IZSFD,2,2021-01-12,1,30.63
14152,OPZMR,3,2021-01-28,3,127.72
14153,KEHQT,7,2021-01-11,1,150.78
14154,XOJBG,7,2021-01-22,1,241.33
14155,TRYSX,4,2021-01-27,1,169.54
14156,GNPUD,9,2021-01-14,3,206.06
14157,CAHTL,6,2021-01-01,3,138.26
14158,VEYUQ,8,2021-01-09,2,239.47
14159,QWDTO,4,2021-01-27,1,9.75
14160,PCUEV,5,2021-01-02,1,214.69
14161,KRVOE,9,2021-01-19,3,225.5
14162,EMNVE,4,2021-01-26,3,232.55
14163,DSBKV,6,2021-01-24,1,147.49
14164,ALFKI,9,2021-02-13,3,124.19
14165,TFXGR,8,2021-02-22,2,20.18
14166,SWDEY,3,2021-02-07,2,83.01
14167,WBBZO,3,2021-02-15,3,226.32
14168,GVNBB,8,2021-02-11,1,197.67
14169,HIEWN,2,2021-02-14,3,146.93
14170,PSZOY,2,2021-02-18,2,131.73
14171,OBSSH,7,2021-02-04,2,247.27
14172,DWIDV,1,2021-02-05,1,109.23
14173,TWKDN,7,2021-02-04,3,74.42
14174,KEHQT,6,2021-03-04,2,122.95
14175,SKSEF,1,2021-03-19,1,239.7
14176,WMXST,7,2021-03-28,2,90.61
14177,MYVXC,6,2021-03-18,3,52.74
14178,IMRZC,9,2021-03-22,3,54.27
14179,XGXIC,6,2021-03-16,2,137.3
14180,VHQKB,6,2021-03-01,3,203.27
14181,UNSTP,4,2021-03-09,3,107.2
14182,MJXVN,3,2021-03-28,1,144.41
14183,QYLBO,6,2021-03-06,1,97.9
14184,NWCTE,6,2021-03-08,2,180.53
14185,XOJBG,8,2021-03-09,1,97.18
14186,NIPOH,6,2021-03-25,2,178.01
14187,OCIGO,8,2021-03-13,1,225.66
14188,ZTSVE,9,2021-03-11,1,172.44
14189,XLAVG,7,2021-03-20,1,244.06
14190,ALFKI,1,2021-04-09,3,165.08
14191,DIJBL,7,2021-04-18,3,35.91
14192,SAWUR,6,2021-04-08,3,125.53
14193,JEYCD,5,2021-04-22,3,18.77
14194,XGXIC,1,2021-04-21,1,42.59
14195,VCKGN,5,2021-04-20,1,112.81
14196,BAQLL,6,2021-04-19,3,137.11
14197,CSFEG,2,2021-04-09,3,77.85
14198,CSUPO,8,2021-04-09,3,73.22
14199,RDKVH,4,2021-04-21,3,21.03
14200,TRPNK,3,2021-04-18,1,116.22
14201,CTSBD,7,2021-04-28,2,67.52
14202,VCKGN,2,2021-04-15,2,130.77
14203,SYIFR,6,2021-04-01,1,203.24
14204,ALFKI,9,2021-05-09,2,7.77
14205,MYVXC,5,2021-05-17,3,38.88
14206,DUUCI,2,2021-05-01,1,206.58
14207,ZBORO,4,2021-05-23,3,101.18
14208,VRCXB,4,2021-05-21,1,57.99
14209,BNFBU,7,2021-05-17,1,89.98
14210,RLYXT,8,2021-05-01,2,133.39
14211,KRVOE,2,2021-05-01,3,161.8
14212,EVWOV,4,2021-05-16,3,75.74
14213,VEYUQ,3,2021-05-07,1,105.65
14214,GQSFS,1,2021-05-25,2,138.14
14215,LPVQG,6,2021-05-03,2,249.37
14216,POBYN,4,2021-05-16,2,196.84
14217,ZTSVE,1,2021-05-22,3,222.74
14218,SWDEY,7,2021-05-24,3,37.62
14219,WZCBS,9,2021-06-12,3,128.63
14220,WXNSJ,9,2021-06-04,3,116.63
14221,LBSEZ,6,2021-06-10,3,57.5
14222,AEQYP,4,2021-06-21,1,95.82
14223,RTQKE,2,2021-06-25,1,56.69
14224,RTSEZ,6,2021-06-03,3,94.3
14225,MZTXS,3,2021-06-24,3,88.15
14226,ZOXOL,5,2021-06-07,3,133.2
14227,UPOLP,2,2021-06-23,3,18.21
14228,DPPDH,8,2021-06-05,1,142.75
14229,PXKQP,6,2021-06-08,1,61.09
14230,QEFYE,7,2021-06-05,1,67.97
14231,DFEOL,4,2021-06-05,3,221.01
14232,BXKJC,7,2021-06-05,2,5.71
14233,QRPMD,9,2021-06-17,3,233.02
14234,TYMYS,6,2021-06-15,3,44.46
14235,ALFKI,3,2021-07-03,1,61.92
14236,GUCUQ,1,2021-07-20,1,86.84
14237,MYVXC,5,2021-07-24,1,212.49
14238,KEHQT,3,2021-07-05,2,233.0
14239,BHJHW,7,2021-07-02,2,61.36
14240,HXYLK,7,2021-07-17,1,48.83
14241,GVNBB,5,2021-07-22,2,95.88
14242,BOGAS,5,2021-07-07,1,186.42
14243,NSHTA,4,2021-07-13,1,98.36
14244,WXNSJ,6,2021-07-22,1,152.04
14245,ALFKI,6,2021-08-21,3,133.6
14246,VMCHE,8,2021-08-01,3,32.84
14247,UDJOJ,4,2021-08-23,3,124.3
14248,HIQZM,2,2021-08-10,3,125.0
14249,GHSFC,4,2021-08-03,1,22.82
14250,IEOWD,5,2021-08-23,3,42.22
14251,WEARC,9,2021-08-08,2,89.53
14252,ZOXOL,6,2021-08-07,3,93.23
14253,ABYOA,6,2021-08-15,1,217.95
14254,BNBPZ,2,2021-08-03,2,161.1
14255,GHSFC,2,2021-08-21,1,227.8
14256,TWKDN,4,2021-08-08,1,202.25
14257,ZTSVE,5,2021-08-09,3,218.36
14258,KOVEX,3,2021-08-16,2,117.19
14259,HTUFX,8,2021-08-22,1,169.54
14260,VLMTI,5,2021-08-19,1,167.54
14261,TYREQ,9,2021-09-25,2,188.84
14262,HDHPW,9,2021-09-16,3,214.33
14263,ZZUFD,3,2021-09-20,1,105.01
14264,FFFYR,4,2021-09-27,1,192.66
14265,BPPOJ,4,2021-09-19,2,248.29
14266,QFKIJ,5,2021-09-09,2,247.99
14267,XKTZQ,7,2021-09-07,1,167.74
14268,CZVTV,5,2021-09-06,3,73.28
14269,QGQSJ,8,2021-09-24,3,154.16
14270,HBKZL,9,2021-09-13,3,42.47
14271,ALFKI,7,2021-10-05,3,176.45
14272,JXNIV,5,2021-10-22,1,216.97
14273,IFWOL,1,2021-10-14,2,234.07
14274,SWDEY,6,2021-10-18,2,183.84
14275,KZCRH,1,2021-10-06,3,81.07
14276,MFAQT,2,2021-10-12,3,151.24
14277,AROUT,2,2021-10-24,1,181.96
14278,MFAQT,3,2021-10-09,1,207.87
14279,ALFKI,5,2021-11-14,3,31.28
14280,BKUUP,5,2021-11-01,1,118.87
14281,GBDKX,4,2021-11-13,2,67.38
14282,UPOLP,4,2021-11-14,2,47.06
14283,MIRTJ,5,2021-11-01,2,105.37
14284,KZEXV,6,2021-11-12,3,158.74
14285,TLYEZ,7,2021-11-17,1,24.6
14286,PXKQP,4,2021-11-26,3,119.92
14287,YADXV,1,2021-11-10,3,237.48
14288,DFEOL,5,2021-11-15,3,176.01
14289,QDSIQ,4,2021-12-13,3,7.31
14290,DPPDH,3,2021-12-25,2,134.63
14291,PZDII,6,2021-12-21,2,113.69
14292,MFVTR,4,2021-12-10,3,88.93
14293,HBKZL,7,2021-12-27,1,231.71
14294,NWRRN,6,2021-12-15,1,48.86
14295,WRHKC,4,2021-12-18,3,126.93
14296,HGUIL,4,2021-12-22,1,6.82
14297,MYWSA,5,2021-12-02,3,209.27
14298,KVIFE,2,2021-12-22,3,139.28
14299,OBSSH,5,2021-12-01,3,50.12
14300,ALFKI,9,2022-01-22,2,57.67
14301,KOVEX,3,2022-01-24,3,167.48
14302,LDCGP,8,2022-01-17,2,152.4
14303,VTJBP,6,2022-01-24,3,77.07
14304,HIQZM,8,2022-01-24,3,79.16
14305,QWYTL,2,2022-01-07,2,218.23
14306,DTBGX,5,2022-01-27,2,54.27
14307,QWYTL,2,2022-01-01,1,19.84
14308,PTHBC,9,2022-01-19,2,171.46
14309,ALFKI,2,2022-02-15,3,245.72
14310,RTJFF,4,2022-02-04,1,91.68
14311,UFRZR,7,2022-02-27,1,150.67
14312,MYWSA,2,2022-02-08,3,55.95
14313,QGQSJ,2,2022-02-12,1,110.11
14314,EVWOV,9,2022-02-01,3,60.01
14315,ZOXOL,8,2022-02-27,1,248.61
14316,EUSVY,6,2022-02-04,1,219.66
14317,UEXKA,2,2022-02-17,2,168.25
14318,ODGMU,2,2022-02-08,3,155.64
14319,KOVEX,3,2022-02-15,2,106.5
14320,XLAVG,8,2022-03-16,1,94.86
14321,CCATV,2,2022-03-08,2,193.11
14322,SMLJL,1,2022-03-25,1,106.26
14323,PUQHW,8,2022-03-06,1,18.69
14324,OIIVP,4,2022-03-17,1,46.32
14325,YWZUI,5,2022-03-27,1,220.37
14326,VPTMC,3,2022-03-17,3,138.54
14327,WPQBZ,1,2022-03-28,1,167.35
14328,GNWWW,2,2022-03-06,3,43.13
14329,ALFKI,7,2022-04-17,1,94.16
14330,HXYLK,1,2022-04-11,2,20.96
14331,XPVSE,2,2022-04-12,1,61.42
14332,ABYOA,2,2022-04-21,2,206.14
14333,IGXDM,8,2022-04-13,3,45.94
14334,UMJKQ,5,2022-04-03,2,126.53
14335,COJQZ,2,2022-04-19,3,236.76
14336,ZZUFD,7,2022-04-02,3,160.99
14337,JLWBL,4,2022-04-06,2,48.91
14338,LVTKF,2,2022-04-24,3,81.11
14339,RKBFG,6,2022-04-16,3,227.53
14340,KRVOE,4,2022-04-10,3,13.64
14341,SEYYD,5,2022-04-07,3,77.08
14342,ALFKI,1,2022-05-02,1,241.05
14343,PCKSN,7,2022-05-17,1,69.94
14344,YIPUC,2,2022-05-24,2,24.82
14345,TKZGB,4,2022-05-24,3,58.56
14346,OCIGO,7,2022-05-24,2,29.89
14347,ULXRA,1,2022-05-01,2,10.17
14348,DTBGX,7,2022-05-01,2,145.43
14349,FJSFT,2,2022-05-20,3,153.24
14350,VXJHA,2,2022-05-18,3,159.41
14351,QGHTL,5,2022-05-21,3,169.66
14352,MEDBS,4,2022-05-14,3,195.52
14353,WRNCK,2,2022-05-08,2,119.61
14354,EIOCD,4,2022-05-25,2,242.25
14355,IGXDM,9,2022-05-20,3,109.4
14356,OBZUY,9,2022-05-09,3,248.82
14357,MWKXS,8,2022-06-04,1,100.45
14358,HGUIL,8,2022-06-24,3,158.86
14359,NHEWZ,1,2022-06-19,1,31.87
14360,CCATV,4,2022-06-18,2,150.19
14361,TOWCZ,2,2022-06-22,1,196.02
14362,TKZGB,6,2022-06-11,1,153.72
14363,VMQDP,6,2022-06-02,3,218.86
14364,YWZUI,7,2022-06-07,3,83.32
14365,UPOLP,9,2022-06-22,3,243.75
14366,GZJQE,5,2022-06-22,1,202.34
14367,FFWPN,1,2022-06-11,1,12.91
14368,YJAXX,8,2022-06-21,2,69.15
14369,UDJOJ,8,2022-06-24,2,199.71
14370,HHIHO,6,2022-06-05,3,173.98
14371,ALFKI,2,2022-07-09,2,201.75
14372,FQMAC,5,2022-07-22,2,163.97
14373,ZUDTB,4,2022-07-14,1,75.51
14374,AXVGB,2,2022-07-25,1,58.3
14375,AVOZW,6,2022-07-10,3,184.48
14376,AEQYP,8,2022-07-11,1,230.91
14377,WPQBZ,8,2022-07-22,2,205.55
14378,YDKXG,5,2022-07-24,2,205.67
14379,NOELM,5,2022-07-26,3,214.76
14380,KVIFE,9,2022-07-13,1,200.26
14381,YCNLF,2,2022-07-02,1,55.49
14382,ALFKI,9,2022-08-18,2,122.37
14383,UUHFK,2,2022-08-15,1,11.35
14384,IGXDM,8,2022-08-05,2,78.91
14385,LAUSR,1,2022-08-04,3,67.8
14386,UROEB,7,2022-08-23,2,230.34
14387,SHRPR,8,2022-08-25,1,27.0
14388,LDCGP,3,2022-08-15,2,139.5
14389,JACND,6,2022-08-09,3,17.52
14390,DSBKV,2,2022-08-19,3,43.04
14391,LEAWE,6,2022-08-05,3,122.4
14392,MUDSX,2,2022-08-28,3,219.53
14393,BHJHW,7,2022-09-20,2,95.1
14394,SYQVE,9,2022-09-10,1,153.77
14395,GQQTO,5,2022-09-06,1,197.58
14396,LEAWE,8,2022-09-19,1,118.83
14397,IKVAZ,5,2022-09-23,2,56.53
14398,LSKJL,1,2022-09-04,2,75.41
14399,LHTHA,2,2022-09-14,3,179.35
14400,OOUXQ,3,2022-09-15,3,67.77
14401,JXNIV,8,2022-09-14,2,122.06
14402,MUDSX,9,2022-09-07,2,214.81
14403,PUHRO,5,2022-09-22,2,94.39
14404,PUHRO,9,2022-09-01,1,141.13
14405,AYOND,2,2022-09-18,1,70.64
14406,CCATV,8,2022-09-27,1,25.77
14407,HTUFX,7,2022-09-16,3,77.81
14408,GVNBB,1,2022-09-05,3,7.03
14409,ALFKI,4,2022-10-08,3,131.69
14410,DTBGX,5,2022-10-16,3,219.89
14411,HEUTX,3,2022-10-24,1,140.99
14412,PLRKR,1,2022-10-09,1,164.26
14413,UICCC,8,2022-10-15,3,87.74
14414,ZPMLW,2,2022-10-25,2,55.88
14415,HAWET,1,2022-10-04,1,192.95
14416,GHSFC,7,2022-10-24,3,245.35
14417,FLETF,4,2022-10-26,2,98.61
14418,WXXQM,2,2022-10-01,3,24.62
14419,HIAKV,2,2022-10-25,3,224.6
14420,IGXDM,9,2022-10-15,1,240.97
14421,ALFKI,5,2022-11-05,2,151.68
14422,NORDW,2,2022-11-09,2,12.06
14423,CKKWE,6,2022-11-26,1,100.79
14424,UCGRS,3,2022-11-12,2,190.3
14425,UULPP,3,2022-11-05,2,230.6
14426,OBZUY,3,2022-11-05,2,173.93
14427,DTXFD,5,2022-11-03,1,98.86
14428,FOSTR,1,2022-11-11,2,105.05
14429,EDMNO,3,2022-11-18,2,192.64
14430,NWRRN,7,2022-11-01,2,159.46
14431,CTSWH,3,2022-11-07,1,80.22
14432,UROEB,4,2022-11-11,1,98.63
14433,HRLRL,3,2022-11-09,2,112.08
14434,CFBZD,8,2022-11-26,1,69.82
14435,OCEZN,8,2022-12-24,2,158.72
14436,ZLZHX,8,2022-12-01,3,32.07
14437,UIAVN,6,2022-12-20,2,104.59
14438,ABYOA,6,2022-12-08,3,9.56
14439,TKGMR,1,2022-12-04,2,109.1
14440,RPHVQ,5,2022-12-19,1,169.15
14441,FJKGQ,9,2022-12-18,3,149.3
14442,FLETF,2,2022-12-10,2,137.59
14443,HIEWN,7,2022-12-26,2,163.97
14444,LBGIQ,7,2022-12-28,3,11.78
14445,EIOCD,8,2022-12-25,3,189.93
14446,HJQHH,1,2022-12-03,3,235.06
14447,PUHRO,5,2022-12-01,1,88.64
14448,EUSVY,1,2022-12-26,1,34.6
14449,ALFKI,9,2023-01-17,3,235.82
14450,ZPMLW,9,2023-01-23,2,101.75
14451,WMXST,6,2023-01-05,3,186.66
14452,XPVSE,9,2023-01-17,1,35.1
14453,ZXSXD,8,2023-01-28,2,169.17
14454,BPPOJ,2,2023-01-07,2,141.94
14455,MDMOQ,8,2023-01-16,3,145.46
14456,TGMKB,4,2023-01-26,3,203.41
14457,PLRKR,3,2023-01-08,2,231.8
14458,MYVXC,1,2023-01-04,1,69.08
14459,WVJQB,4,2023-01-20,3,157.29
14460,XITAS,3,2023-01-13,1,216.11
14461,OUXAV,9,2023-01-18,1,206.98
14462,MAGHO,5,2023-01-03,1,26.46
14463,OTRES,3,2023-01-08,3,149.81
14464,ALFKI,2,2023-02-02,3,57.27
14465,UCZFS,1,2023-02-10,2,175.21
14466,YWZUI,5,2023-02-22,2,242.72
14467,WEARC,8,2023-02-24,2,12.19
14468,CTSWH,3,2023-02-15,3,239.37
14469,VNGES,5,2023-02-02,2,32.17
14470,JACND,4,2023-02-10,3,121.54
14471,BNYBJ,5,2023-02-27,2,43.6
14472,CQQZQ,2,2023-02-17,1,38.91
14473,VMCHE,1,2023-02-02,2,68.78
14474,XYXKK,6,2023-02-10,3,181.02
14475,FOSTR,1,2023-02-24,2,249.74
14476,MDMOQ,9,2023-02-27,1,25.73
14477,RPWJE,5,2023-02-15,2,103.84
14478,XITAS,1,2023-03-03,2,8.28
14479,QGQSJ,4,2023-03-12,2,234.57
14480,OYUGL,2,2023-03-15,2,179.18
14481,MIBJV,1,2023-03-18,3,226.26
14482,SFBTI,8,2023-03-07,2,155.16
14483,TRYSX,1,2023-03-04,1,97.77
14484,BZODS,8,2023-03-17,1,173.15
14485,TFXGR,1,2023-03-18,2,74.7
14486,FFFYR,3,2023-03-18,3,159.16
14487,FDCEW,1,2023-03-20,2,71.93
14488,CBNDM,8,2023-03-21,2,89.52
14489,DDOTR,8,2023-03-09,3,138.76
14490,DMXPG,8,2023-03-01,1,102.16
14491,POBYN,8,2023-03-01,2,26.59
14492,ALFKI,5,2023-04-02,3,54.03
14493,XYXKK,8,2023-04-07,2,193.18
14494,HIAKV,8,2023-04-07,2,50.09
14495,YNUTD,2,2023-04-03,2,176.92
14496,XLAVG,1,2023-04-09,2,32.26
14497,CVUQF,4,2023-04-14,2,157.78
14498,TKGMR,8,2023-04-20,1,29.75
14499,CLYBE,4,2023-04-05,3,175.25
14500,PZXCK,7,2023-04-13,1,30.95
14501,MJXVN,2,2023-04-24,1,42.3
14502,DKAUS,5,2023-04-24,2,61.12
14503,SKSEF,1,2023-04-04,2,133.68
14504,SAWUR,8,2023-04-10,2,75.74
14505,FLETF,9,2023-04-01,3,191.97
14506,ALFKI,3,2023-05-27,2,50.3
14507,OBNRE,4,2023-05-09,2,167.65
14508,DMXPG,3,2023-05-27,1,21.71
14509,DFGYY,3,2023-05-18,1,45.54
14510,PIZRY,4,2023-05-12,1,191.74
14511,IMRZC,9,2023-05-25,3,119.83
14512,LBUUY,9,2023-05-25,2,12.82
14513,MFEQX,7,2023-05-02,2,144.46
14514,WHCAA,1,2023-05-10,3,216.06
14515,RDKVH,5,2023-05-20,3,106.22
14516,OJSMW,2,2023-05-01,1,94.88
14517,HRVCS,2,2023-05-25,3,162.25
14518,BVZVR,8,2023-06-22,2,161.83
14519,GNIEK,1,2023-06-06,3,83.74
14520,HLHVL,5,2023-06-10,3,85.05
14521,NSHTA,8,2023-06-09,2,127.66
14522,ABYOA,6,2023-06-28,2,15.21
14523,ZOXOL,3,2023-06-04,1,173.12
14524,LPVQG,9,2023-06-09,1,170.17
14525,IFWOL,4,2023-06-10,2,160.63
14526,WXXQM,3,2023-06-23,2,40.63
14527,GIJPO,9,2023-06-13,1,57.12
14528,MHXGD,2,2023-06-07,3,198.66
14529,ALFKI,2,2023-07-04,3,36.11
14530,XOJBG,7,2023-07-28,2,241.84
14531,INWFA,5,2023-07-20,3,44.25
14532,MUDSX,3,2023-07-27,1,243.8
14533,EUSVY,2,2023-07-19,3,163.33
14534,HHIHO,9,2023-07-15,3,150.38
14535,IMRZC,8,2023-07-06,3,161.22
14536,RTQKE,8,2023-07-10,3,82.76
14537,SGPZQ,3,2023-07-24,1,86.54
14538,EIOCD,4,2023-07-07,2,216.74
14539,VCJCT,7,2023-07-17,2,54.82
14540,YLWKF,4,2023-07-09,2,31.65
14541,HEYVH,7,2023-07-04,2,194.02
14542,OHJOB,7,2023-07-22,2,92.53
14543,CXLTI,5,2023-07-28,2,173.56
14544,ALFKI,1,2023-08-16,1,6.74
14545,OOUXQ,3,2023-08-01,1,159.15
14546,PXKQP,7,2023-08-01,3,124.22
14547,LVTKF,7,2023-08-14,1,153.56
14548,TWGGZ,4,2023-08-01,2,78.48
14549,ZBORO,8,2023-08-24,3,129.18
14550,TINQA,6,2023-08-05,3,109.19
14551,DXZWS,4,2023-08-24,2,46.21
14552,YJAXX,8,2023-08-08,3,62.96
14553,SVGTT,5,2023-08-16,3,207.59
14554,XXSWY,1,2023-09-24,2,230.48
14555,AIPEN,7,2023-09-15,2,215.29
14556,TINQA,1,2023-09-21,2,122.27
14557,XCESB,4,2023-09-06,2,134.97
14558,HGUIL,8,2023-09-07,3,184.36
14559,SKSEF,8,2023-09-19,1,32.69
14560,TLYEZ,4,2023-09-09,3,139.29
14561,MEMFP,3,2023-09-13,3,26.91
14562,VBTNL,1,2023-09-16,2,180.01
14563,COJQZ,5,2023-09-26,1,162.86
14564,TFXGR,7,2023-09-05,3,187.4
14565,YVQCH,8,2023-09-12,2,246.79
14566,FBKWN,1,2023-09-21,2,72.92
14567,ALFKI,4,2023-10-23,3,179.22
14568,MXKGV,2,2023-10-09,2,9.04
14569,BTOQD,6,2023-10-28,3,171.52
14570,DLRTP,4,2023-10-01,3,120.05
14571,VHQKB,3,2023-10-25,3,125.75
14572,OBSSH,9,2023-10-21,3,60.16
14573,VRYTZ,2,2023-10-26,2,12.36
14574,VBTNL,9,2023-10-27,2,70.16
14575,OMVCV,7,2023-10-06,2,19.32
14576,MAGHO,2,2023-10-19,3,145.65
14577,OCIGO,3,2023-10-14,2,136.0
14578,DXZWS,7,2023-10-21,2,194.5
14579,WEARC,6,2023-10-05,3,232.54
14580,HQOTI,8,2023-10-13,3,211.76
14581,ALFKI,1,2023-11-07,3,238.76
14582,TCJVQ,9,2023-11-13,1,212.17
14583,DIJBL,5,2023-11-27,2,190.55
14584,WEARC,9,2023-11-26,1,124.02
14585,YKTFL,1,2023-11-26,2,165.32
14586,PCOZG,4,2023-11-07,1,233.96
14587,SMLJL,5,2023-11-27,1,60.52
14588,XNPBH,5,2023-11-20,3,61.05
14589,VXJHA,7,2023-11-14,3,9.84
14590,BVZVR,4,2023-11-17,1,172.36
14591,KIODW,9,2023-11-27,2,150.97
14592,HJIUV,7,2023-12-04,3,231.19
14593,VCKGN,2,2023-12-04,3,231.57
14594,DMXPG,6,2023-12-27,3,97.31
14595,UNSTP,8,2023-12-27,1,199.7
14596,NJZSF,5,2023-12-21,3,49.58
14597,PIZRY,5,2023-12-15,3,205.74
14598,RLATT,1,2023-12-06,1,225.33
14599,OUXAV,7,2023-12-01,1,84.24
14600,TGWUG,7,2023-12-07,1,100.29
14601,OMVCV,8,2023-12-09,3,142.18
14602,BKUUP,8,2023-12-15,3,229.97
14603,TWKDN,8,2023-12-13,3,221.42
14604,ALFKI,5,2024-01-27,3,139.55
14605,MRYPK,7,2024-01-01,2,128.23
14606,GQSFS,6,2024-01-26,3,126.74
14607,ZYHVE,5,2024-01-19,2,7.6
14608,CTSBD,4,2024-01-02,2,17.26
14609,PTHBC,1,2024-01-07,2,86.29
14610,VLMTI,7,2024-01-25,2,181.95
14611,UIAVN,4,2024-01-12,3,65.26
14612,GNWWW,9,2024-01-16,1,77.93
14613,SGTEY,3,2024-01-18,1,245.42
14614,CJNGS,7,2024-01-19,3,220.99
14615,ALFKI,1,2024-02-21,1,129.03
14616,BKURQ,3,2024-02-09,1,211.84
14617,FWHII,8,2024-02-14,1,100.21
14618,TYMYS,8,2024-02-02,3,162.06
14619,AXBVH,6,2024-02-23,2,206.03
14620,MAGHO,1,2024-02-24,1,193.19
14621,HXYLK,4,2024-02-07,1,12.08
14622,RPWJE,1,2024-02-12,1,219.68
14623,AOYNN,3,2024-02-05,1,16.23
14624,FDCEW,5,2024-02-15,2,234.94
14625,OOUXQ,9,2024-02-17,1,235.18
14626,PRQUX,3,2024-02-01,2,120.78
14627,HRLRL,6,2024-02-01,3,65.21
14628,KENFN,3,2024-02-23,3,25.95
14629,IEOWD,6,2024-02-10,3,130.74
14630,PSNQQ,7,2024-02-02,1,121.78
14631,PWAVD,1,2024-03-27,3,36.63
14632,TCJVQ,3,2024-03-12,3,206.28
14633,UCZFS,3,2024-03-18,1,25.84
14634,VPTMC,4,2024-03-26,3,34.16
14635,CCCHN,5,2024-03-08,2,212.62
14636,DTBGX,3,2024-03-07,1,165.15
14637,WHCAA,6,2024-03-12,1,7.2
14638,YCHNL,4,2024-03-10,3,225.96
14639,EYFDB,1,2024-03-07,2,53.68
14640,ALFKI,7,2024-04-05,1,244.7
14641,ONHNY,5,2024-04-10,1,134.08
14642,PUQHW,1,2024-04-12,2,83.65
14643,RLXGK,6,2024-04-14,3,232.86
14644,ZHCHA,2,2024-04-05,3,188.23
14645,UQVLY,8,2024-04-18,3,224.62
14646,DUUCI,4,2024-04-10,3,219.25
14647,IKVAZ,8,2024-04-03,3,182.32
14648,MWKXS,7,2024-04-11,2,167.9
14649,CFBZD,6,2024-04-11,3,26.1
14650,UBETI,6,2024-04-24,2,178.46
14651,TWGGZ,5,2024-04-14,1,191.75
14652,WXXQM,3,2024-04-02,3,29.85
14653,DMXPG,6,2024-04-16,2,10.94
14654,ALFKI,5,2024-05-06,2,173.5
14655,AOYNN,4,2024-05-01,1,195.89
14656,XVNBZ,6,2024-05-20,1,129.69
14657,DTZKB,8,2024-05-04,1,20.37
14658,BZYMS,9,2024-05-06,1,134.46
14659,MJXVN,4,2024-05-23,2,109.24
14660,MAGHO,8,2024-05-21,2,173.32
14661,JMUPQ,1,2024-05-26,3,181.87
14662,TFXGR,3,2024-05-15,3,209.12
14663,GQQTO,2,2024-05-18,2,121.4
14664,ZUDTB,8,2024-05-14,3,29.37
14665,MNXAG,4,2024-05-04,1,25.58
14666,SSNII,6,2024-06-28,2,73.03
14667,SGTEY,4,2024-06-19,1,247.47
14668,HEYVH,9,2024-06-28,2,62.5
14669,PCOZG,7,2024-06-20,2,64.89
14670,ALFKI,6,2024-06-21,1,61.73
14671,YDKXG,2,2024-06-04,2,68.03
14672,GUCUQ,7,2024-06-11,1,12.08
14673,ADIHF,5,2024-06-09,1,113.66
14674,MUDSX,1,2024-06-07,3,216.69
14675,SKOOI,7,2024-06-26,2,37.78
14676,WRGAC,2,2024-06-25,2,79.9
14677,ALFKI,5,2024-07-23,3,58.96
14678,WVJQB,5,2024-07-05,3,127.84
14679,BNFBU,1,2024-07-11,3,248.45
14680,VEYUQ,9,2024-07-25,1,113.58
14681,SPPNZ,8,2024-07-18,2,218.15
14682,XOJBG,1,2024-07-24,3,144.78
14683,OUKVF,9,2024-07-07,2,201.77
14684,YDJQK,8,2024-07-19,3,42.57
14685,GIJPO,1,2024-07-27,1,53.33
14686,PUHRO,9,2024-07-11,1,107.26
14687,AOGJM,2,2024-07-07,3,41.03
14688,ALFKI,3,2024-08-07,1,162.53
14689,JEYCD,5,2024-08-19,1,157.16
14690,HDHPW,5,2024-08-17,1,105.36
14691,GEEGS,4,2024-08-25,2,167.18
14692,UFRZR,4,2024-08-10,3,48.55
14693,CLYBE,1,2024-08-01,3,188.26
14694,SHRWN,9,2024-08-25,1,69.7
14695,YYIHO,9,2024-08-21,1,136.6
14696,TGWUG,4,2024-08-13,3,164.41
14697,BNYBJ,3,2024-08-02,1,136.51
14698,PZFXA,8,2024-08-07,3,228.76
14699,OHXYC,4,2024-08-18,1,95.67
14700,OBZUY,8,2024-09-04,2,211.44
14701,GUCUQ,6,2024-09-14,3,43.22
14702,PIZRY,1,2024-09-11,3,175.38
14703,GUCUQ,8,2024-09-28,2,136.92
14704,YNTPM,8,2024-09-23,1,100.38
14705,HGUIL,8,2024-09-22,1,160.61
14706,NHEWZ,1,2024-09-25,1,123.68
14707,DFEOL,3,2024-09-15,1,50.91
14708,DQLXX,1,2024-09-17,1,17.12
14709,RTQKE,4,2024-09-08,3,34.3
14710,GBDKX,8,2024-09-21,1,199.4
14711,ALFKI,8,2024-10-03,2,225.38
14712,KBVMT,6,2024-10-18,2,78.84
14713,NWCTE,5,2024-10-13,2,37.65
14714,TKGMR,9,2024-10-17,1,147.16
14715,ODGMU,5,2024-10-24,1,198.35
14716,TGMKB,7,2024-10-21,1,51.13
14717,VLMTI,1,2024-10-14,3,210.26
14718,WVGUX,5,2024-10-15,2,184.2
14719,AXBVH,6,2024-10-23,3,192.79
14720,SFBTI,1,2024-10-27,1,21.85
14721,KSQWL,8,2024-10-03,1,100.59
14722,BZYMS,2,2024-10-28,2,232.9
14723,ALFKI,7,2024-11-19,2,164.84
14724,TINQA,3,2024-11-01,2,135.21
14725,CXLTI,2,2024-11-09,1,18.93
14726,GYDMQ,4,2024-11-12,1,15.64
14727,HXSFC,7,2024-11-12,2,16.7
14728,VPIEQ,8,2024-11-28,3,175.7
14729,OHJOB,4,2024-11-14,1,160.76
14730,RKBFG,4,2024-11-26,3,26.92
14731,TFKVI,5,2024-11-03,3,46.81
14732,VMQDP,5,2024-11-20,2,76.46
14733,VKCPQ,7,2024-11-23,1,179.06
14734,KRVOE,5,2024-11-15,2,10.03
14735,EMNVE,4,2024-11-27,3,249.77
14736,RLATT,4,2024-11-16,1,223.21
14737,IJIGR,4,2024-11-12,2,157.65
14738,FYJFI,4,2024-11-04,1,41.94
14739,DSBKV,1,2024-12-24,3,121.73
14740,HTUFX,9,2024-12-25,3,25.39
14741,FJXAS,1,2024-12-04,3,195.06
14742,VFZEZ,7,2024-12-11,1,56.92
14743,UNGFG,2,2024-12-13,2,140.41
14744,EMNVE,2,2024-12-11,2,9.31
14745,JACND,4,2024-12-22,2,89.09
14746,QNFGQ,1,2024-12-27,1,178.93
14747,ALFKI,8,2025-01-12,1,76.05
14748,QGHTL,9,2025-01-07,1,133.31
14749,SYIFR,7,2025-01-17,3,70.42
14750,LNKFG,2,2025-01-08,1,213.21
14751,HDHPW,7,2025-01-28,2,196.43
14752,XCESB,8,2025-01-18,1,182.46
14753,UIAVN,7,2025-01-14,2,210.0
14754,UAXMI,2,2025-01-17,2,156.44
14755,IMETZ,4,2025-01-01,3,140.53
14756,FBKWN,6,2025-01-04,1,194.21
14757,HHIHO,7,2025-01-17,3,120.44
14758,DFGYY,3,2025-01-14,1,27.83
14759,HAQTM,6,2025-01-04,3,206.35
14760,SMORH,8,2025-01-15,3,12.97
14761,NWRRN,4,2025-01-21,1,69.91
14762,ALFKI,7,2025-02-01,2,70.59
14763,JVTVC,3,2025-02-04,1,201.79
14764,VKCPQ,5,2025-02-08,2,218.95
14765,DTZKB,9,2025-02-26,2,175.36
14766,EIOCD,1,2025-02-12,2,11.12
14767,DGSNV,1,2025-02-11,2,88.87
14768,VLMTI,9,2025-02-07,2,94.33
14769,VEYUQ,4,2025-02-03,2,155.36
14770,UNGFG,1,2025-02-28,2,118.63
14771,DGAPJ,1,2025-02-12,2,143.0
14772,YUXHC,2,2025-03-20,3,109.82
14773,UCGRS,9,2025-03-15,3,155.5
14774,MZTXS,5,2025-03-09,2,110.3
14775,LORXC,2,2025-03-04,1,81.82
14776,KZCRH,4,2025-03-02,2,184.11
14777,HIQZM,3,2025-03-25,2,205.9
14778,VMCHE,4,2025-03-08,3,196.74
14779,YOOSA,6,2025-03-12,2,23.39
14780,FGLEI,3,2025-03-25,3,33.04
14781,PWAVD,5,2025-03-24,3,133.33
14782,PIZRY,4,2025-03-12,2,128.64
14783,ZHCHA,7,2025-03-19,3,44.83
14784,ZOXOL,9,2025-03-19,1,92.77
14785,KSFNV,1,2025-03-03,1,187.72
14786,OHXYC,3,2025-03-27,3,61.75
14787,ALFKI,4,2025-04-18,1,78.77
14788,OBSSH,2,2025-04-26,2,146.97
14789,SHRWN,9,2025-04-25,3,124.52
14790,JBTCU,9,2025-04-20,3,32.99
14791,MXKGV,3,2025-04-16,2,249.7
14792,WNOOO,5,2025-04-21,3,76.58
14793,XGXIC,5,2025-04-23,1,133.82
14794,VQFXE,3,2025-04-24,3,112.41
14795,SPPNZ,7,2025-04-17,3,51.77
14796,LAOWV,2,2025-04-18,2,94.02
14797,ZZUFD,5,2025-04-09,1,5.98
14798,ALFKI,4,2025-05-01,3,197.42
14799,AXBVH,5,2025-05-21,3,11.82
14800,FAEMX,7,2025-05-15,3,186.28
14801,MJXVN,6,2025-05-08,2,54.73
14802,IFWOL,8,2025-05-10,3,141.73
14803,BYKUR,4,2025-05-06,1,149.37
14804,ETXRP,1,2025-05-05,1,208.77
14805,AOGJM,9,2025-05-19,1,177.97
14806,HOAFN,7,2025-05-11,1,182.97
14807,TIMXN,7,2025-05-11,1,77.06
14808,UPOLP,4,2025-05-10,2,29.67
14809,UMMFB,7,2025-05-09,3,203.79
14810,OMRHM,9,2025-05-05,3,23.14
14811,DXKIC,2,2025-05-09,2,221.46
14812,SHRPR,4,2025-05-24,1,166.41
14813,GDBWT,8,2025-05-17,3,38.79
14814,VDSCL,6,2025-06-21,2,87.44
14815,PCUEV,1,2025-06-23,3,5.48
14816,UNSTP,9,2025-06-12,3,108.15
14817,VKCPQ,4,2025-06-06,1,101.28
14818,MAPTB,9,2025-06-28,3,127.78
14819,KBWLG,2,2025-06-20,3,225.72
14820,LBRSM,4,2025-06-16,1,203.7
14821,PUHRO,6,2025-06-20,3,246.89
14822,GQSFS,2,2025-06-22,2,171.08
14823,ALFKI,6,2025-07-23,1,30.29
14824,ZIUEE,2,2025-07-26,2,85.39
14825,LBUUY,8,2025-07-21,2,199.33
14826,PYDDY,6,2025-07-01,1,117.74
14827,WBBZO,5,2025-07-10,3,237.92
14828,CQQZQ,3,2025-07-10,2,206.1
14829,KENFN,7,2025-07-24,2,45.27
14830,SHRWN,1,2025-07-28,3,201.3
14831,ALFKI,5,2025-08-12,2,130.29
14832,GQSFS,3,2025-08-02,1,115.64
14833,PYJLS,2,2025-08-14,2,76.52
14834,FBOHJ,3,2025-08-17,1,31.88
14835,MHXGD,4,2025-08-22,1,196.94
14836,PSNQQ,4,2025-08-13,3,75.16
14837,OIIVP,4,2025-08-13,2,106.5
14838,GZJQE,3,2025-08-02,3,237.96
14839,DGSNV,4,2025-08-18,3,111.98
14840,PSNQQ,7,2025-08-11,2,129.05
14841,KKSXE,2,2025-08-12,2,47.69
14842,VFZEZ,5,2025-08-23,2,67.89
14843,TKZGB,3,2025-08-07,2,129.28
14844,HRLRL,1,2025-08-16,3,228.55
14845,KBVMT,9,2025-09-22,3,171.16
14846,VCJCT,3,2025-09-14,3,51.61
14847,JEYCD,8,2025-09-12,3,169.19
14848,KOVEX,2,2025-09-13,3,226.45
14849,IWQPR,4,2025-09-13,2,199.12
14850,TGWUG,9,2025-09-27,2,76.04
14851,FJAKE,6,2025-09-14,3,207.68
14852,RZMXB,2,2025-09-27,1,200.83
14853,OOUXQ,1,2025-09-05,3,201.07
14854,BISXZ,7,2025-09-06,3,227.77
14855,DPPDH,5,2025-09-12,1,22.42
14856,WOMZN,2,2025-09-19,3,24.33
14857,JLWBL,3,2025-09-17,3,141.21
14858,JATCM,9,2025-09-28,2,207.71
14859,ALFKI,1,2025-10-09,1,63.1
14860,PYJLS,9,2025-10-27,2,182.32
14861,CCATV,4,2025-10-15,1,110.78
14862,VLMTI,5,2025-10-15,2,65.96
14863,AYOND,4,2025-10-17,2,124.4
14864,VMQDP,8,2025-10-24,1,55.07
14865,XAJEP,9,2025-10-23,1,222.12
14866,KVMJK,4,2025-10-15,1,59.56
14867,SYIFR,6,2025-10-09,2,41.38
14868,PRQUX,2,2025-10-22,1,112.54
14869,SPPNZ,1,2025-10-03,3,158.82
14870,KSFNV,9,2025-10-13,3,175.75
14871,OTRES,4,2025-10-12,3,133.66
14872,YUXHC,9,2025-10-06,1,220.43
14873,VRYTZ,3,2025-10-25,3,227.4
14874,VBTNL,6,2025-10-05,3,36.68
14875,ALFKI,4,2025-11-10,2,171.92
14876,TRPNK,1,2025-11-24,2,240.66
14877,WXXQM,1,2025-11-03,3,75.29
14878,AEQYP,6,2025-11-28,3,197.34
14879,SDWDL,3,2025-11-28,1,67.73
14880,EDMNO,8,2025-11-21,3,63.56
14881,ZIUEE,2,2025-11-22,2,150.27
14882,CFXGH,7,2025-11-02,2,10.51
14883,XKGPQ,1,2025-11-13,3,164.77
14884,TGWUG,1,2025-11-22,2,28.78
14885,FPYBS,1,2025-11-12,1,193.41
14886,UPOLP,6,2025-12-20,2,214.56
14887,TKGMR,4,2025-12-24,1,118.5
14888,RLATT,6,2025-12-10,3,185.39
14889,IEOWD,3,2025-12-27,2,108.57
14890,FBOHJ,8,2025-12-24,2,128.94
14891,HXSFC,4,2025-12-21,1,220.36
14892,IMETZ,5,2025-12-14,3,173.41
14893,RTQKE,5,2025-12-04,1,197.08
14894,LORXC,4,2025-12-18,2,222.81
14895,MIRTJ,2,2025-12-10,1,34.55
14896,FBKWN,6,2025-12-15,2,73.19
14897,ALFKI,3,2026-01-25,1,159.6
14898,VHNYP,5,2026-01-04,1,25.75
14899,PWAVD,4,2026-01-02,1,13.23
14900,FPYBS,2,2026-01-18,1,89.03
14901,VDSCL,9,2026-01-01,1,190.64
14902,AEQYP,4,2026-01-05,3,225.02
14903,VLMTI,2,2026-01-19,3,173.16
14904,ALZAL,3,2026-01-27,2,87.03
14905,QYLBO,8,2026-01-07,1,14.03
14906,POBYN,9,2026-01-03,1,247.35
14907,VLLAI,6,2026-01-25,2,183.54
14908,IJUCG,4,2026-01-26,2,34.18
14909,ALFKI,9,2026-02-14,2,205.05
14910,AUOZY,4,2026-02-27,2,75.95
14911,GNPUD,7,2026-02-23,2,118.7
14912,MDMOQ,4,2026-02-02,2,192.82
14913,HIAKV,3,2026-02-11,2,232.86
14914,CFBZD,1,2026-02-16,2,128.96
14915,PCOZG,6,2026-02-02,1,6.4
14916,OAHDC,5,2026-02-23,3,66.85
14917,UDJOJ,3,2026-03-08,2,212.32
14918,DUUCI,5,2026-03-26,1,66.07
14919,BYKUR,1,2026-03-16,3,169.79
14920,KBWLG,5,2026-03-21,1,55.75
14921,DPPDH,7,2026-03-19,1,212.52
14922,PXKQP,2,2026-03-18,1,170.7
14923,LIQGM,2,2026-03-07,2,224.1
14924,CFBZD,4,2026-03-04,3,22.36
14925,ALFKI,3,2026-04-13,3,135.48
14926,NHZWD,1,2026-04-19,1,73.84
14927,GUCUQ,4,2026-04-27,3,14.33
14928,BTOQD,2,2026-04-02,2,172.7
14929,OBSSH,9,2026-04-25,1,138.7
14930,TWKDN,1,2026-04-20,2,87.56
14931,XKGPQ,4,2026-04-06,1,185.46
14932,JMUPQ,1,2026-04-07,3,237.55
14933,HGUIL,8,2026-04-07,3,47.24
14934,JLSTF,1,2026-04-17,1,131.69
14935,YOOSA,7,2026-04-07,3,219.41
14936,QDSIQ,5,2026-04-23,1,88.13
14937,ALFKI,2,2026-05-17,1,136.43
14938,YCNLF,8,2026-05-18,2,35.63
14939,DJSTV,9,2026-05-16,2,84.08
14940,ADIHF,9,2026-05-09,3,71.57
14941,IGXDM,8,2026-05-19,3,174.37
14942,YCHNL,3,2026-05-23,2,113.52
14943,UCGRS,1,2026-05-12,3,139.4
14944,TKGMR,2,2026-05-26,3,240.15
14945,PALWN,5,2026-05-15,1,104.08
14946,LAUSR,7,2026-05-03,1,162.7
14947,PMBZQ,9,2026-05-06,3,70.72
14948,YNUTD,3,2026-05-14,2,201.04
14949,UDJOJ,1,2026-05-01,1,129.73
14950,HAKSL,6,2026-05-12,2,147.5
14951,WTLDY,4,2026-05-19,3,78.48
14952,YYIHO,5,2026-06-02,1,209.35
14953,MNXAG,1,2026-06-19,2,168.23
14954,GNWWW,6,2026-06-26,3,155.41
14955,AXBVH,7,2026-06-25,2,166.62
14956,AETTO,9,2026-06-12,2,38.52
14957,NIPOH,1,2026-06-10,3,205.7
14958,WHCAA,1,2026-06-28,2,7.17
14959,MXKGV,1,2026-06-06,3,194.7
14960,VPTMC,8,2026-06-26,3,29.25
14961,WOMZN,4,2026-06-28,2,39.6
14962,ALFKI,7,2026-07-09,2,240.21
14963,NORDW,5,2026-07-28,2,215.21
14964,RTSEZ,3,2026-07-01,1,158.7
14965,KBMTE,7,2026-07-07,1,13.7
14966,HAKSL,1,2026-07-16,2,86.06
14967,LFDMZ,5,2026-07-04,3,220.4
14968,KZEXV,2,2026-07-18,2,21.57
14969,ETXRP,1,2026-07-21,2,243.43
14970,UICCC,8,2026-07-08,2,130.55
14971,TFXGR,1,2026-07-17,1,21.4
14972,BLCJY,6,2026-07-01,2,206.54
